{
  "type": "FeatureCollection",
  "features": [
    {
      "type": "Feature",
      "properties": {
        "District": 4,
        "Name": "District 4",
        "Code": "WFD4",
        "Station": "Station 4"
      },
      "geometry": {
        "type": "Polygon",
        "coordinates": [
          [
            [
              -105.022223,
              39.914089
            ],
            [
              -105.018892,
              39.909421
            ],
            [
              -105.01673,
              39.906843
            ],
            [
              -105.015188,
              39.905976
            ],
            [
              -105.015507,
              39.899747
            ],
            [
              -105.01552,
              39.899491
            ],
            [
              -105.015521,
              39.894671
            ],
            [
              -105.01552,
              39.892384
            ],
            [
              -105.015515,
              39.888785
            ],
            [
              -105.025102,
              39.888723
            ],
            [
              -105.025122,
              39.885137
            ],
            [
              -105.025361,
              39.885143
            ],
            [
              -105.02586,
              39.885138
            ],
            [
              -105.026592,
              39.885152
            ],
            [
              -105.026907,
              39.885129
            ],
            [
              -105.027669,
              39.885116
            ],
            [
              -105.028107,
              39.885114
            ],
            [
              -105.028607,
              39.885118
            ],
            [
              -105.029103,
              39.885125
            ],
            [
              -105.029597,
              39.885133
            ],
            [
              -105.030235,
              39.885137
            ],
            [
              -105.030706,
              39.885137
            ],
            [
              -105.031184,
              39.885138
            ],
            [
              -105.031775,
              39.885135
            ],
            [
              -105.032202,
              39.885133
            ],
            [
              -105.032844,
              39.885134
            ],
            [
              -105.033231,
              39.885128
            ],
            [
              -105.033913,
              39.885113
            ],
            [
              -105.034448,
              39.885112
            ],
            [
              -105.034701,
              39.885116
            ],
            [
              -105.035235,
              39.885125
            ],
            [
              -105.035769,
              39.885135
            ],
            [
              -105.036354,
              39.885155
            ],
            [
              -105.036838,
              39.885161
            ],
            [
              -105.037249,
              39.885167
            ],
            [
              -105.037906,
              39.885172
            ],
            [
              -105.038441,
              39.885177
            ],
            [
              -105.038975,
              39.885181
            ],
            [
              -105.03951,
              39.885185
            ],
            [
              -105.040044,
              39.88519
            ],
            [
              -105.040579,
              39.885194
            ],
            [
              -105.041113,
              39.885196
            ],
            [
              -105.041648,
              39.885193
            ],
            [
              -105.042026,
              39.885192
            ],
            [
              -105.042592,
              39.885205
            ],
            [
              -105.043306,
              39.885229
            ],
            [
              -105.043837,
              39.88524
            ],
            [
              -105.043946,
              39.885241
            ],
            [
              -105.04432,
              39.885243
            ],
            [
              -105.044932,
              39.885244
            ],
            [
              -105.04539,
              39.88524
            ],
            [
              -105.045725,
              39.885239
            ],
            [
              -105.045798,
              39.88456
            ],
            [
              -105.045882,
              39.884014
            ],
            [
              -105.046149,
              39.883454
            ],
            [
              -105.046193,
              39.882862
            ],
            [
              -105.045508,
              39.88247
            ],
            [
              -105.045044,
              39.882328
            ],
            [
              -105.044187,
              39.882183
            ],
            [
              -105.044066,
              39.881786
            ],
            [
              -105.043943,
              39.881385
            ],
            [
              -105.043821,
              39.880984
            ],
            [
              -105.043821,
              39.880678
            ],
            [
              -105.043821,
              39.880266
            ],
            [
              -105.043821,
              39.879854
            ],
            [
              -105.043821,
              39.879442
            ],
            [
              -105.043821,
              39.87903
            ],
            [
              -105.043821,
              39.878619
            ],
            [
              -105.043821,
              39.878207
            ],
            [
              -105.043821,
              39.877795
            ],
            [
              -105.043821,
              39.877383
            ],
            [
              -105.043821,
              39.876972
            ],
            [
              -105.043821,
              39.87656
            ],
            [
              -105.043822,
              39.876148
            ],
            [
              -105.043822,
              39.875736
            ],
            [
              -105.043822,
              39.875324
            ],
            [
              -105.043822,
              39.874913
            ],
            [
              -105.043822,
              39.874501
            ],
            [
              -105.043822,
              39.874367
            ],
            [
              -105.044356,
              39.874371
            ],
            [
              -105.044891,
              39.874375
            ],
            [
              -105.045425,
              39.874379
            ],
            [
              -105.04596,
              39.874383
            ],
            [
              -105.046494,
              39.874387
            ],
            [
              -105.047028,
              39.874391
            ],
            [
              -105.047563,
              39.874395
            ],
            [
              -105.048097,
              39.874398
            ],
            [
              -105.048632,
              39.874402
            ],
            [
              -105.049166,
              39.874406
            ],
            [
              -105.0497,
              39.87441
            ],
            [
              -105.050235,
              39.874414
            ],
            [
              -105.050769,
              39.874418
            ],
            [
              -105.051304,
              39.874422
            ],
            [
              -105.051838,
              39.874425
            ],
            [
              -105.052373,
              39.874429
            ],
            [
              -105.052907,
              39.874433
            ],
            [
              -105.053442,
              39.874408
            ],
            [
              -105.054112,
              39.874415
            ],
            [
              -105.054666,
              39.874425
            ],
            [
              -105.05505,
              39.874429
            ],
            [
              -105.05573,
              39.874439
            ],
            [
              -105.056089,
              39.874448
            ],
            [
              -105.056671,
              39.874465
            ],
            [
              -105.057147,
              39.874467
            ],
            [
              -105.057717,
              39.874474
            ],
            [
              -105.058294,
              39.874479
            ],
            [
              -105.058785,
              39.874486
            ],
            [
              -105.059448,
              39.874493
            ],
            [
              -105.059711,
              39.87449
            ],
            [
              -105.060389,
              39.874492
            ],
            [
              -105.060961,
              39.874495
            ],
            [
              -105.061462,
              39.874498
            ],
            [
              -105.061945,
              39.874563
            ],
            [
              -105.062267,
              39.874529
            ],
            [
              -105.062355,
              39.87452
            ],
            [
              -105.062481,
              39.874687
            ],
            [
              -105.062632,
              39.874895
            ],
            [
              -105.062798,
              39.875119
            ],
            [
              -105.062965,
              39.875351
            ],
            [
              -105.063117,
              39.875549
            ],
            [
              -105.06322,
              39.875699
            ],
            [
              -105.063362,
              39.875872
            ],
            [
              -105.063488,
              39.876048
            ],
            [
              -105.063628,
              39.87624
            ],
            [
              -105.06375,
              39.876414
            ],
            [
              -105.06389,
              39.876606
            ],
            [
              -105.064046,
              39.87681
            ],
            [
              -105.064168,
              39.876982
            ],
            [
              -105.064318,
              39.877188
            ],
            [
              -105.06453,
              39.877473
            ],
            [
              -105.064729,
              39.877734
            ],
            [
              -105.064887,
              39.877944
            ],
            [
              -105.065064,
              39.878189
            ],
            [
              -105.065196,
              39.878368
            ],
            [
              -105.06533,
              39.878549
            ],
            [
              -105.065438,
              39.878701
            ],
            [
              -105.065602,
              39.878925
            ],
            [
              -105.065769,
              39.879151
            ],
            [
              -105.065974,
              39.879423
            ],
            [
              -105.066111,
              39.879612
            ],
            [
              -105.066271,
              39.879833
            ],
            [
              -105.066416,
              39.880027
            ],
            [
              -105.066532,
              39.88019
            ],
            [
              -105.066598,
              39.880277
            ],
            [
              -105.066704,
              39.880426
            ],
            [
              -105.066863,
              39.880626
            ],
            [
              -105.066961,
              39.880766
            ],
            [
              -105.067044,
              39.880879
            ],
            [
              -105.067099,
              39.880958
            ],
            [
              -105.067205,
              39.881088
            ],
            [
              -105.067494,
              39.881492
            ],
            [
              -105.067626,
              39.881664
            ],
            [
              -105.067782,
              39.881884
            ],
            [
              -105.067896,
              39.88204
            ],
            [
              -105.067944,
              39.882102
            ],
            [
              -105.06805,
              39.88225
            ],
            [
              -105.068182,
              39.882438
            ],
            [
              -105.068252,
              39.882519
            ],
            [
              -105.068369,
              39.882678
            ],
            [
              -105.06842,
              39.882742
            ],
            [
              -105.068565,
              39.882939
            ],
            [
              -105.068665,
              39.883072
            ],
            [
              -105.068752,
              39.883193
            ],
            [
              -105.068826,
              39.883292
            ],
            [
              -105.068908,
              39.883404
            ],
            [
              -105.069001,
              39.883559
            ],
            [
              -105.069661,
              39.884464
            ],
            [
              -105.069698,
              39.884498
            ],
            [
              -105.06975,
              39.884562
            ],
            [
              -105.069802,
              39.884626
            ],
            [
              -105.069854,
              39.884689
            ],
            [
              -105.069872,
              39.884709
            ],
            [
              -105.07005,
              39.88495
            ],
            [
              -105.070221,
              39.885184
            ],
            [
              -105.070395,
              39.885422
            ],
            [
              -105.070422,
              39.885458
            ],
            [
              -105.070631,
              39.885743
            ],
            [
              -105.070828,
              39.886009
            ],
            [
              -105.070996,
              39.886234
            ],
            [
              -105.071257,
              39.886584
            ],
            [
              -105.071501,
              39.886914
            ],
            [
              -105.07154,
              39.886967
            ],
            [
              -105.071553,
              39.886985
            ],
            [
              -105.071688,
              39.887169
            ],
            [
              -105.071702,
              39.887187
            ],
            [
              -105.071746,
              39.887248
            ],
            [
              -105.071798,
              39.887316
            ],
            [
              -105.071814,
              39.887337
            ],
            [
              -105.071881,
              39.887425
            ],
            [
              -105.071948,
              39.887514
            ],
            [
              -105.072015,
              39.887603
            ],
            [
              -105.072082,
              39.887692
            ],
            [
              -105.072148,
              39.887781
            ],
            [
              -105.072214,
              39.88787
            ],
            [
              -105.07228,
              39.887959
            ],
            [
              -105.072346,
              39.888048
            ],
            [
              -105.072411,
              39.888138
            ],
            [
              -105.072476,
              39.888227
            ],
            [
              -105.072541,
              39.888317
            ],
            [
              -105.072606,
              39.888407
            ],
            [
              -105.07267,
              39.888497
            ],
            [
              -105.072971,
              39.888906
            ],
            [
              -105.073258,
              39.889292
            ],
            [
              -105.073591,
              39.889733
            ],
            [
              -105.073774,
              39.890008
            ],
            [
              -105.074006,
              39.890356
            ],
            [
              -105.074376,
              39.890835
            ],
            [
              -105.074696,
              39.891251
            ],
            [
              -105.074982,
              39.891633
            ],
            [
              -105.075226,
              39.891964
            ],
            [
              -105.0753,
              39.892066
            ],
            [
              -105.075626,
              39.892509
            ],
            [
              -105.075785,
              39.892725
            ],
            [
              -105.075849,
              39.892808
            ],
            [
              -105.076045,
              39.893068
            ],
            [
              -105.076253,
              39.893354
            ],
            [
              -105.076503,
              39.893711
            ],
            [
              -105.076674,
              39.893969
            ],
            [
              -105.076885,
              39.894307
            ],
            [
              -105.07707,
              39.89462
            ],
            [
              -105.07724,
              39.894919
            ],
            [
              -105.077452,
              39.895285
            ],
            [
              -105.077588,
              39.895524
            ],
            [
              -105.077748,
              39.895806
            ],
            [
              -105.07819,
              39.89658
            ],
            [
              -105.078382,
              39.896921
            ],
            [
              -105.078465,
              39.897067
            ],
            [
              -105.07849,
              39.897111
            ],
            [
              -105.078612,
              39.897324
            ],
            [
              -105.078839,
              39.897729
            ],
            [
              -105.078901,
              39.897838
            ],
            [
              -105.07908,
              39.898149
            ],
            [
              -105.079138,
              39.898247
            ],
            [
              -105.079318,
              39.898552
            ],
            [
              -105.079469,
              39.898789
            ],
            [
              -105.079526,
              39.898878
            ],
            [
              -105.079599,
              39.898993
            ],
            [
              -105.07978,
              39.899274
            ],
            [
              -105.079936,
              39.89949
            ],
            [
              -105.080119,
              39.899748
            ],
            [
              -105.080141,
              39.899779
            ],
            [
              -105.080053,
              39.89978
            ],
            [
              -105.079987,
              39.89978
            ],
            [
              -105.071856,
              39.899853
            ],
            [
              -105.071707,
              39.899854
            ],
            [
              -105.071716,
              39.900197
            ],
            [
              -105.071744,
              39.903833
            ],
            [
              -105.071192,
              39.903835
            ],
            [
              -105.071196,
              39.904041
            ],
            [
              -105.071746,
              39.904038
            ],
            [
              -105.071781,
              39.906997
            ],
            [
              -105.07174,
              39.906993
            ],
            [
              -105.07174,
              39.907026
            ],
            [
              -105.062366,
              39.907021
            ],
            [
              -105.062367,
              39.907816
            ],
            [
              -105.062374,
              39.912461
            ],
            [
              -105.055307,
              39.912437
            ],
            [
              -105.055304,
              39.913743
            ],
            [
              -105.053074,
              39.913734
            ],
            [
              -105.052948,
              39.913733
            ],
            [
              -105.052946,
              39.913733
            ],
            [
              -105.052944,
              39.914241
            ],
            [
              -105.052842,
              39.914241
            ],
            [
              -105.043751,
              39.914212
            ],
            [
              -105.042757,
              39.914209
            ],
            [
              -105.039873,
              39.914199
            ],
            [
              -105.035603,
              39.914185
            ],
            [
              -105.035579,
              39.914185
            ],
            [
              -105.035211,
              39.914184
            ],
            [
              -105.034971,
              39.914183
            ],
            [
              -105.034631,
              39.914182
            ],
            [
              -105.034369,
              39.914181
            ],
            [
              -105.034365,
              39.91411
            ],
            [
              -105.033986,
              39.914112
            ],
            [
              -105.033452,
              39.914115
            ],
            [
              -105.032917,
              39.914118
            ],
            [
              -105.032382,
              39.914121
            ],
            [
              -105.031848,
              39.914125
            ],
            [
              -105.031313,
              39.914128
            ],
            [
              -105.030778,
              39.914131
            ],
            [
              -105.030472,
              39.914133
            ],
            [
              -105.029709,
              39.914151
            ],
            [
              -105.029081,
              39.914165
            ],
            [
              -105.028641,
              39.914176
            ],
            [
              -105.028137,
              39.914185
            ],
            [
              -105.0275,
              39.914194
            ],
            [
              -105.027035,
              39.914194
            ],
            [
              -105.026501,
              39.914194
            ],
            [
              -105.025966,
              39.914194
            ],
            [
              -105.025502,
              39.914191
            ],
            [
              -105.024967,
              39.91418
            ],
            [
              -105.024217,
              39.914141
            ],
            [
              -105.023991,
              39.914131
            ],
            [
              -105.023282,
              39.914112
            ],
            [
              -105.022757,
              39.914101
            ],
            [
              -105.022223,
              39.914089
            ]
          ],
          [
            [
              -105.024659,
              39.909831
            ],
            [
              -105.024658,
              39.909255
            ],
            [
              -105.023571,
              39.909255
            ],
            [
              -105.023572,
              39.909832
            ],
            [
              -105.024659,
              39.909831
            ]
          ]
        ]
      }
    },
    {
      "type": "Feature",
      "properties": {
        "District": 3,
        "Name": "District 3",
        "Code": "WFD3",
        "Station": "Station 3"
      },
      "geometry": {
        "type": "Polygon",
        "coordinates": [
          [
            [
              -105.088721,
              39.870998
            ],
            [
              -105.08971,
              39.870995
            ],
            [
              -105.08971,
              39.870995
            ],
            [
              -105.089507,
              39.870851
            ],
            [
              -105.0893,
              39.87071
            ],
            [
              -105.08909,
              39.870572
            ],
            [
              -105.08875,
              39.870359
            ],
            [
              -105.086115,
              39.868771
            ],
            [
              -105.085666,
              39.868489
            ],
            [
              -105.085555,
              39.868596
            ],
            [
              -105.085464,
              39.86854
            ],
            [
              -105.08427,
              39.867815
            ],
            [
              -105.08319,
              39.867158
            ],
            [
              -105.081733,
              39.866262
            ],
            [
              -105.08173,
              39.866261
            ],
            [
              -105.081732,
              39.866156
            ],
            [
              -105.081732,
              39.866156
            ],
            [
              -105.081521,
              39.866026
            ],
            [
              -105.077924,
              39.863836
            ],
            [
              -105.077312,
              39.863842
            ],
            [
              -105.077179,
              39.863761
            ],
            [
              -105.077055,
              39.863763
            ],
            [
              -105.077058,
              39.863764
            ],
            [
              -105.081516,
              39.866479
            ],
            [
              -105.081516,
              39.866479
            ],
            [
              -105.081516,
              39.866515
            ],
            [
              -105.081518,
              39.866516
            ],
            [
              -105.081622,
              39.866579
            ],
            [
              -105.085294,
              39.868784
            ],
            [
              -105.085239,
              39.868838
            ],
            [
              -105.085183,
              39.868891
            ],
            [
              -105.08569,
              39.869185
            ],
            [
              -105.085693,
              39.869187
            ],
            [
              -105.088643,
              39.870951
            ],
            [
              -105.088721,
              39.870998
            ],
            [
              -105.08872,
              39.870998
            ],
            [
              -105.081719,
              39.871021
            ],
            [
              -105.08172,
              39.87107
            ],
            [
              -105.081719,
              39.87115
            ],
            [
              -105.081717,
              39.871581
            ],
            [
              -105.081713,
              39.872246
            ],
            [
              -105.081443,
              39.872247
            ],
            [
              -105.081396,
              39.872259
            ],
            [
              -105.079275,
              39.872836
            ],
            [
              -105.079015,
              39.87282
            ],
            [
              -105.078608,
              39.87293
            ],
            [
              -105.078609,
              39.87306
            ],
            [
              -105.078603,
              39.873321
            ],
            [
              -105.078605,
              39.873321
            ],
            [
              -105.081418,
              39.873313
            ],
            [
              -105.08142,
              39.873313
            ],
            [
              -105.08143,
              39.873313
            ],
            [
              -105.081524,
              39.873315
            ],
            [
              -105.081667,
              39.873317
            ],
            [
              -105.081667,
              39.873319
            ],
            [
              -105.081654,
              39.873834
            ],
            [
              -105.081657,
              39.873836
            ],
            [
              -105.081714,
              39.873875
            ],
            [
              -105.081714,
              39.873875
            ],
            [
              -105.081711,
              39.87421
            ],
            [
              -105.08164,
              39.87446
            ],
            [
              -105.081629,
              39.87492
            ],
            [
              -105.081631,
              39.87492
            ],
            [
              -105.081909,
              39.874924
            ],
            [
              -105.081909,
              39.874926
            ],
            [
              -105.081795,
              39.875337
            ],
            [
              -105.081798,
              39.875337
            ],
            [
              -105.081883,
              39.875337
            ],
            [
              -105.082079,
              39.87533
            ],
            [
              -105.082079,
              39.875321
            ],
            [
              -105.08208,
              39.875319
            ],
            [
              -105.082081,
              39.875312
            ],
            [
              -105.082082,
              39.875311
            ],
            [
              -105.082084,
              39.875303
            ],
            [
              -105.082084,
              39.875302
            ],
            [
              -105.082089,
              39.875292
            ],
            [
              -105.082089,
              39.875291
            ],
            [
              -105.082092,
              39.875285
            ],
            [
              -105.082094,
              39.875281
            ],
            [
              -105.082095,
              39.87528
            ],
            [
              -105.082102,
              39.875271
            ],
            [
              -105.082112,
              39.875259
            ],
            [
              -105.082114,
              39.875258
            ],
            [
              -105.082119,
              39.875253
            ],
            [
              -105.082121,
              39.875251
            ],
            [
              -105.082122,
              39.87525
            ],
            [
              -105.082127,
              39.875247
            ],
            [
              -105.082129,
              39.875244
            ],
            [
              -105.082131,
              39.875243
            ],
            [
              -105.082139,
              39.875238
            ],
            [
              -105.082143,
              39.875235
            ],
            [
              -105.082146,
              39.875234
            ],
            [
              -105.08215,
              39.875232
            ],
            [
              -105.082153,
              39.87523
            ],
            [
              -105.082161,
              39.875226
            ],
            [
              -105.082162,
              39.875226
            ],
            [
              -105.082165,
              39.875225
            ],
            [
              -105.082177,
              39.875221
            ],
            [
              -105.082194,
              39.875216
            ],
            [
              -105.082195,
              39.875216
            ],
            [
              -105.082206,
              39.875214
            ],
            [
              -105.082207,
              39.875214
            ],
            [
              -105.082219,
              39.875212
            ],
            [
              -105.08222,
              39.875212
            ],
            [
              -105.082222,
              39.875212
            ],
            [
              -105.082229,
              39.875211
            ],
            [
              -105.082233,
              39.875211
            ],
            [
              -105.082243,
              39.875211
            ],
            [
              -105.082254,
              39.875212
            ],
            [
              -105.082257,
              39.875212
            ],
            [
              -105.082263,
              39.875213
            ],
            [
              -105.082266,
              39.875213
            ],
            [
              -105.082269,
              39.875213
            ],
            [
              -105.082276,
              39.875215
            ],
            [
              -105.082281,
              39.875215
            ],
            [
              -105.082282,
              39.875216
            ],
            [
              -105.082298,
              39.87522
            ],
            [
              -105.082299,
              39.87522
            ],
            [
              -105.08231,
              39.875224
            ],
            [
              -105.082311,
              39.875224
            ],
            [
              -105.082322,
              39.875229
            ],
            [
              -105.082322,
              39.875229
            ],
            [
              -105.082332,
              39.875234
            ],
            [
              -105.082342,
              39.87524
            ],
            [
              -105.082343,
              39.875241
            ],
            [
              -105.082351,
              39.875247
            ],
            [
              -105.082353,
              39.875248
            ],
            [
              -105.082354,
              39.875249
            ],
            [
              -105.082359,
              39.875253
            ],
            [
              -105.08236,
              39.875254
            ],
            [
              -105.082367,
              39.875261
            ],
            [
              -105.082368,
              39.875262
            ],
            [
              -105.082369,
              39.875262
            ],
            [
              -105.083596,
              39.875274
            ],
            [
              -105.083654,
              39.875287
            ],
            [
              -105.083711,
              39.875306
            ],
            [
              -105.083763,
              39.875332
            ],
            [
              -105.083811,
              39.875363
            ],
            [
              -105.083812,
              39.875364
            ],
            [
              -105.083852,
              39.875399
            ],
            [
              -105.083886,
              39.875439
            ],
            [
              -105.083913,
              39.875483
            ],
            [
              -105.083931,
              39.875528
            ],
            [
              -105.083939,
              39.875568
            ],
            [
              -105.083942,
              39.875606
            ],
            [
              -105.083909,
              39.876377
            ],
            [
              -105.083911,
              39.876377
            ],
            [
              -105.083941,
              39.876377
            ],
            [
              -105.083941,
              39.876379
            ],
            [
              -105.083927,
              39.87726
            ],
            [
              -105.081432,
              39.877258
            ],
            [
              -105.081325,
              39.877258
            ],
            [
              -105.081325,
              39.877258
            ],
            [
              -105.081305,
              39.878073
            ],
            [
              -105.081303,
              39.878217
            ],
            [
              -105.081301,
              39.878217
            ],
            [
              -105.07208,
              39.878237
            ],
            [
              -105.071983,
              39.878241
            ],
            [
              -105.065505,
              39.878168
            ],
            [
              -105.065399,
              39.878167
            ],
            [
              -105.065193,
              39.877884
            ],
            [
              -105.065027,
              39.877667
            ],
            [
              -105.064738,
              39.877278
            ],
            [
              -105.06461,
              39.877098
            ],
            [
              -105.064458,
              39.8769
            ],
            [
              -105.064301,
              39.876683
            ],
            [
              -105.064146,
              39.876472
            ],
            [
              -105.064022,
              39.8763
            ],
            [
              -105.063895,
              39.87614
            ],
            [
              -105.063756,
              39.875945
            ],
            [
              -105.063614,
              39.875754
            ],
            [
              -105.063456,
              39.875535
            ],
            [
              -105.063346,
              39.87539
            ],
            [
              -105.063219,
              39.875226
            ],
            [
              -105.063099,
              39.875057
            ],
            [
              -105.062968,
              39.874882
            ],
            [
              -105.062846,
              39.874714
            ],
            [
              -105.06272,
              39.874534
            ],
            [
              -105.062469,
              39.87418
            ],
            [
              -105.062343,
              39.874007
            ],
            [
              -105.062228,
              39.873869
            ],
            [
              -105.061872,
              39.873383
            ],
            [
              -105.061501,
              39.872878
            ],
            [
              -105.061394,
              39.872733
            ],
            [
              -105.061365,
              39.872694
            ],
            [
              -105.061342,
              39.872662
            ],
            [
              -105.061337,
              39.872656
            ],
            [
              -105.06133,
              39.872646
            ],
            [
              -105.061283,
              39.87258
            ],
            [
              -105.061259,
              39.872547
            ],
            [
              -105.061155,
              39.872403
            ],
            [
              -105.060961,
              39.87213
            ],
            [
              -105.060742,
              39.871807
            ],
            [
              -105.060502,
              39.871431
            ],
            [
              -105.060276,
              39.871053
            ],
            [
              -105.060245,
              39.870997
            ],
            [
              -105.060184,
              39.870882
            ],
            [
              -105.060132,
              39.87079
            ],
            [
              -105.06004,
              39.870621
            ],
            [
              -105.059698,
              39.869926
            ],
            [
              -105.059571,
              39.869643
            ],
            [
              -105.059437,
              39.869357
            ],
            [
              -105.059258,
              39.868972
            ],
            [
              -105.059043,
              39.868505
            ],
            [
              -105.058706,
              39.867779
            ],
            [
              -105.05846,
              39.867244
            ],
            [
              -105.058224,
              39.866736
            ],
            [
              -105.057908,
              39.866056
            ],
            [
              -105.057446,
              39.865056
            ],
            [
              -105.057085,
              39.864272
            ],
            [
              -105.056839,
              39.863728
            ],
            [
              -105.056801,
              39.86364
            ],
            [
              -105.056779,
              39.86359
            ],
            [
              -105.056771,
              39.86357
            ],
            [
              -105.056764,
              39.863555
            ],
            [
              -105.056761,
              39.863547
            ],
            [
              -105.05673,
              39.863476
            ],
            [
              -105.056723,
              39.86346
            ],
            [
              -105.056695,
              39.863394
            ],
            [
              -105.05657,
              39.8631
            ],
            [
              -105.056519,
              39.86298
            ],
            [
              -105.056503,
              39.862942
            ],
            [
              -105.056487,
              39.862905
            ],
            [
              -105.056472,
              39.862867
            ],
            [
              -105.056236,
              39.862304
            ],
            [
              -105.05618,
              39.862246
            ],
            [
              -105.056162,
              39.86222
            ],
            [
              -105.056128,
              39.862159
            ],
            [
              -105.056094,
              39.862092
            ],
            [
              -105.056043,
              39.862002
            ],
            [
              -105.056023,
              39.861963
            ],
            [
              -105.056004,
              39.861923
            ],
            [
              -105.055984,
              39.861884
            ],
            [
              -105.055965,
              39.861845
            ],
            [
              -105.055946,
              39.861805
            ],
            [
              -105.055927,
              39.861766
            ],
            [
              -105.055908,
              39.861726
            ],
            [
              -105.05589,
              39.861686
            ],
            [
              -105.055872,
              39.861646
            ],
            [
              -105.055854,
              39.861606
            ],
            [
              -105.055816,
              39.861525
            ],
            [
              -105.055779,
              39.861444
            ],
            [
              -105.055741,
              39.861364
            ],
            [
              -105.055704,
              39.861283
            ],
            [
              -105.055666,
              39.861202
            ],
            [
              -105.055628,
              39.861121
            ],
            [
              -105.05559,
              39.86104
            ],
            [
              -105.055552,
              39.860959
            ],
            [
              -105.055515,
              39.860879
            ],
            [
              -105.055477,
              39.860798
            ],
            [
              -105.055443,
              39.860724
            ],
            [
              -105.055409,
              39.860649
            ],
            [
              -105.055375,
              39.860575
            ],
            [
              -105.05534,
              39.860501
            ],
            [
              -105.055306,
              39.860426
            ],
            [
              -105.055272,
              39.860352
            ],
            [
              -105.055238,
              39.860278
            ],
            [
              -105.055203,
              39.860203
            ],
            [
              -105.055169,
              39.860129
            ],
            [
              -105.055135,
              39.860055
            ],
            [
              -105.055043,
              39.859856
            ],
            [
              -105.054986,
              39.859735
            ],
            [
              -105.054978,
              39.859718
            ],
            [
              -105.054876,
              39.859502
            ],
            [
              -105.054863,
              39.859476
            ],
            [
              -105.054818,
              39.859382
            ],
            [
              -105.054582,
              39.858886
            ],
            [
              -105.054502,
              39.858731
            ],
            [
              -105.054371,
              39.858476
            ],
            [
              -105.054084,
              39.85794
            ],
            [
              -105.053799,
              39.857433
            ],
            [
              -105.053682,
              39.857227
            ],
            [
              -105.053683,
              39.857197
            ],
            [
              -105.053381,
              39.856644
            ],
            [
              -105.053381,
              39.856476
            ],
            [
              -105.053381,
              39.856474
            ],
            [
              -105.053378,
              39.852381
            ],
            [
              -105.054234,
              39.852731
            ],
            [
              -105.055159,
              39.853113
            ],
            [
              -105.058019,
              39.854187
            ],
            [
              -105.060913,
              39.855281
            ],
            [
              -105.062712,
              39.855958
            ],
            [
              -105.063431,
              39.856227
            ],
            [
              -105.063998,
              39.85644
            ],
            [
              -105.070975,
              39.856548
            ],
            [
              -105.072559,
              39.856547
            ],
            [
              -105.074403,
              39.85652
            ],
            [
              -105.076667,
              39.856486
            ],
            [
              -105.078842,
              39.856463
            ],
            [
              -105.081367,
              39.856415
            ],
            [
              -105.08183,
              39.856408
            ],
            [
              -105.081834,
              39.855913
            ],
            [
              -105.082083,
              39.855909
            ],
            [
              -105.082086,
              39.853373
            ],
            [
              -105.082111,
              39.851622
            ],
            [
              -105.082178,
              39.85162
            ],
            [
              -105.08319,
              39.851592
            ],
            [
              -105.083489,
              39.851584
            ],
            [
              -105.083736,
              39.851633
            ],
            [
              -105.085399,
              39.852116
            ],
            [
              -105.086851,
              39.852392
            ],
            [
              -105.087415,
              39.85249
            ],
            [
              -105.087365,
              39.852204
            ],
            [
              -105.087818,
              39.851752
            ],
            [
              -105.08812,
              39.851699
            ],
            [
              -105.089605,
              39.851462
            ],
            [
              -105.091194,
              39.851318
            ],
            [
              -105.092089,
              39.851545
            ],
            [
              -105.093354,
              39.851966
            ],
            [
              -105.095716,
              39.852232
            ],
            [
              -105.097687,
              39.852601
            ],
            [
              -105.098411,
              39.852737
            ],
            [
              -105.100608,
              39.852933
            ],
            [
              -105.100603,
              39.855333
            ],
            [
              -105.100601,
              39.856374
            ],
            [
              -105.105302,
              39.856438
            ],
            [
              -105.105302,
              39.85644
            ],
            [
              -105.105268,
              39.858884
            ],
            [
              -105.105271,
              39.858883
            ],
            [
              -105.105296,
              39.85887
            ],
            [
              -105.105424,
              39.858767
            ],
            [
              -105.10553,
              39.85865
            ],
            [
              -105.105818,
              39.858198
            ],
            [
              -105.105907,
              39.858131
            ],
            [
              -105.106015,
              39.8581
            ],
            [
              -105.106545,
              39.857984
            ],
            [
              -105.106766,
              39.857927
            ],
            [
              -105.106999,
              39.857785
            ],
            [
              -105.107453,
              39.857307
            ],
            [
              -105.10751,
              39.857106
            ],
            [
              -105.107608,
              39.856472
            ],
            [
              -105.107772,
              39.856448
            ],
            [
              -105.107934,
              39.856414
            ],
            [
              -105.10806,
              39.856378
            ],
            [
              -105.108212,
              39.856324
            ],
            [
              -105.108358,
              39.856261
            ],
            [
              -105.108496,
              39.856187
            ],
            [
              -105.108625,
              39.856105
            ],
            [
              -105.108721,
              39.856033
            ],
            [
              -105.108811,
              39.855956
            ],
            [
              -105.108913,
              39.855854
            ],
            [
              -105.109003,
              39.855745
            ],
            [
              -105.10908,
              39.85563
            ],
            [
              -105.109132,
              39.855535
            ],
            [
              -105.109185,
              39.855412
            ],
            [
              -105.109224,
              39.855287
            ],
            [
              -105.109248,
              39.855165
            ],
            [
              -105.109305,
              39.854755
            ],
            [
              -105.10933,
              39.854623
            ],
            [
              -105.109367,
              39.854492
            ],
            [
              -105.109372,
              39.854477
            ],
            [
              -105.109415,
              39.854363
            ],
            [
              -105.109475,
              39.854237
            ],
            [
              -105.109546,
              39.854114
            ],
            [
              -105.109628,
              39.853996
            ],
            [
              -105.109697,
              39.85391
            ],
            [
              -105.109797,
              39.853801
            ],
            [
              -105.109879,
              39.853722
            ],
            [
              -105.109995,
              39.853623
            ],
            [
              -105.110121,
              39.85353
            ],
            [
              -105.110255,
              39.853444
            ],
            [
              -105.110396,
              39.853365
            ],
            [
              -105.110543,
              39.853295
            ],
            [
              -105.110697,
              39.853232
            ],
            [
              -105.11082,
              39.853189
            ],
            [
              -105.112244,
              39.852729
            ],
            [
              -105.11498,
              39.851845
            ],
            [
              -105.115081,
              39.851812
            ],
            [
              -105.115287,
              39.851752
            ],
            [
              -105.115391,
              39.851724
            ],
            [
              -105.1156,
              39.851673
            ],
            [
              -105.115811,
              39.851627
            ],
            [
              -105.115918,
              39.851606
            ],
            [
              -105.116132,
              39.851569
            ],
            [
              -105.11624,
              39.851552
            ],
            [
              -105.116456,
              39.851523
            ],
            [
              -105.116565,
              39.851511
            ],
            [
              -105.116674,
              39.851501
            ],
            [
              -105.116892,
              39.851484
            ],
            [
              -105.117112,
              39.851472
            ],
            [
              -105.117221,
              39.851469
            ],
            [
              -105.117474,
              39.851467
            ],
            [
              -105.117652,
              39.851468
            ],
            [
              -105.118002,
              39.851476
            ],
            [
              -105.118177,
              39.851483
            ],
            [
              -105.118525,
              39.851504
            ],
            [
              -105.118744,
              39.851523
            ],
            [
              -105.118873,
              39.851535
            ],
            [
              -105.119046,
              39.851554
            ],
            [
              -105.119391,
              39.851598
            ],
            [
              -105.119734,
              39.851652
            ],
            [
              -105.119905,
              39.851683
            ],
            [
              -105.120243,
              39.85175
            ],
            [
              -105.120579,
              39.851827
            ],
            [
              -105.120745,
              39.851869
            ],
            [
              -105.12106,
              39.851955
            ],
            [
              -105.123586,
              39.85268
            ],
            [
              -105.123742,
              39.852723
            ],
            [
              -105.123981,
              39.852779
            ],
            [
              -105.124222,
              39.852825
            ],
            [
              -105.124385,
              39.852851
            ],
            [
              -105.124549,
              39.852872
            ],
            [
              -105.124797,
              39.852895
            ],
            [
              -105.124962,
              39.852905
            ],
            [
              -105.125192,
              39.852911
            ],
            [
              -105.125918,
              39.852918
            ],
            [
              -105.127115,
              39.852929
            ],
            [
              -105.128479,
              39.852941
            ],
            [
              -105.130049,
              39.852955
            ],
            [
              -105.1298,
              39.852562
            ],
            [
              -105.129754,
              39.852276
            ],
            [
              -105.129926,
              39.852242
            ],
            [
              -105.130107,
              39.852212
            ],
            [
              -105.130103,
              39.852197
            ],
            [
              -105.131122,
              39.852229
            ],
            [
              -105.132133,
              39.852261
            ],
            [
              -105.132909,
              39.852392
            ],
            [
              -105.134748,
              39.852703
            ],
            [
              -105.137108,
              39.853102
            ],
            [
              -105.138325,
              39.85308
            ],
            [
              -105.138343,
              39.85496
            ],
            [
              -105.140912,
              39.854968
            ],
            [
              -105.140912,
              39.85497
            ],
            [
              -105.140931,
              39.856626
            ],
            [
              -105.141912,
              39.85663
            ],
            [
              -105.14295,
              39.856629
            ],
            [
              -105.145164,
              39.856634
            ],
            [
              -105.145186,
              39.859147
            ],
            [
              -105.142347,
              39.860789
            ],
            [
              -105.140878,
              39.861641
            ],
            [
              -105.142328,
              39.861504
            ],
            [
              -105.14256,
              39.861482
            ],
            [
              -105.142805,
              39.861393
            ],
            [
              -105.143056,
              39.861301
            ],
            [
              -105.144254,
              39.860865
            ],
            [
              -105.144517,
              39.861461
            ],
            [
              -105.142997,
              39.862957
            ],
            [
              -105.143567,
              39.863592
            ],
            [
              -105.145315,
              39.863888
            ],
            [
              -105.126745,
              39.863768
            ],
            [
              -105.106647,
              39.863728
            ],
            [
              -105.106647,
              39.863748
            ],
            [
              -105.106646,
              39.863885
            ],
            [
              -105.106645,
              39.864022
            ],
            [
              -105.106644,
              39.864159
            ],
            [
              -105.106643,
              39.864297
            ],
            [
              -105.106643,
              39.864434
            ],
            [
              -105.106642,
              39.864571
            ],
            [
              -105.106641,
              39.864709
            ],
            [
              -105.10664,
              39.864846
            ],
            [
              -105.10664,
              39.864983
            ],
            [
              -105.106639,
              39.86512
            ],
            [
              -105.106638,
              39.865258
            ],
            [
              -105.106637,
              39.865395
            ],
            [
              -105.106636,
              39.865532
            ],
            [
              -105.106636,
              39.865669
            ],
            [
              -105.106635,
              39.865807
            ],
            [
              -105.106634,
              39.865944
            ],
            [
              -105.106633,
              39.866081
            ],
            [
              -105.106632,
              39.866218
            ],
            [
              -105.106632,
              39.866356
            ],
            [
              -105.106631,
              39.866493
            ],
            [
              -105.10663,
              39.86663
            ],
            [
              -105.106629,
              39.866767
            ],
            [
              -105.106628,
              39.866905
            ],
            [
              -105.106628,
              39.867042
            ],
            [
              -105.106627,
              39.867179
            ],
            [
              -105.106626,
              39.867316
            ],
            [
              -105.106625,
              39.867454
            ],
            [
              -105.106625,
              39.867591
            ],
            [
              -105.106624,
              39.867728
            ],
            [
              -105.106623,
              39.867866
            ],
            [
              -105.106622,
              39.868003
            ],
            [
              -105.106621,
              39.86814
            ],
            [
              -105.106621,
              39.868277
            ],
            [
              -105.10662,
              39.868415
            ],
            [
              -105.106619,
              39.868552
            ],
            [
              -105.106618,
              39.868689
            ],
            [
              -105.106617,
              39.868826
            ],
            [
              -105.106617,
              39.868964
            ],
            [
              -105.106612,
              39.869103
            ],
            [
              -105.106463,
              39.869184
            ],
            [
              -105.106317,
              39.869262
            ],
            [
              -105.106171,
              39.869341
            ],
            [
              -105.106025,
              39.86942
            ],
            [
              -105.105879,
              39.869499
            ],
            [
              -105.105733,
              39.869577
            ],
            [
              -105.105587,
              39.869656
            ],
            [
              -105.105442,
              39.869735
            ],
            [
              -105.105296,
              39.869814
            ],
            [
              -105.10515,
              39.869893
            ],
            [
              -105.105004,
              39.869971
            ],
            [
              -105.104858,
              39.87005
            ],
            [
              -105.104712,
              39.870129
            ],
            [
              -105.104566,
              39.870208
            ],
            [
              -105.10442,
              39.870286
            ],
            [
              -105.104275,
              39.870365
            ],
            [
              -105.104129,
              39.870444
            ],
            [
              -105.103983,
              39.870523
            ],
            [
              -105.103837,
              39.870602
            ],
            [
              -105.103691,
              39.87068
            ],
            [
              -105.103545,
              39.870759
            ],
            [
              -105.103399,
              39.870838
            ],
            [
              -105.103253,
              39.870917
            ],
            [
              -105.103107,
              39.870995
            ],
            [
              -105.102962,
              39.871074
            ],
            [
              -105.102816,
              39.871153
            ],
            [
              -105.10267,
              39.871232
            ],
            [
              -105.102524,
              39.871311
            ],
            [
              -105.102378,
              39.871389
            ],
            [
              -105.102232,
              39.871468
            ],
            [
              -105.102086,
              39.871547
            ],
            [
              -105.10194,
              39.871626
            ],
            [
              -105.101795,
              39.871704
            ],
            [
              -105.101649,
              39.871783
            ],
            [
              -105.101503,
              39.871862
            ],
            [
              -105.101357,
              39.871941
            ],
            [
              -105.101211,
              39.872019
            ],
            [
              -105.101065,
              39.872098
            ],
            [
              -105.100919,
              39.872177
            ],
            [
              -105.100773,
              39.872256
            ],
            [
              -105.100627,
              39.872335
            ],
            [
              -105.100533,
              39.872249
            ],
            [
              -105.100418,
              39.872145
            ],
            [
              -105.100302,
              39.87204
            ],
            [
              -105.100186,
              39.871936
            ],
            [
              -105.100071,
              39.871832
            ],
            [
              -105.099955,
              39.871727
            ],
            [
              -105.09984,
              39.871623
            ],
            [
              -105.099724,
              39.871518
            ],
            [
              -105.099608,
              39.871414
            ],
            [
              -105.099493,
              39.871309
            ],
            [
              -105.099377,
              39.871205
            ],
            [
              -105.099262,
              39.871101
            ],
            [
              -105.099146,
              39.870996
            ],
            [
              -105.09903,
              39.870892
            ],
            [
              -105.098915,
              39.870787
            ],
            [
              -105.098799,
              39.870683
            ],
            [
              -105.098683,
              39.870578
            ],
            [
              -105.098568,
              39.870474
            ],
            [
              -105.098452,
              39.87037
            ],
            [
              -105.098337,
              39.870265
            ],
            [
              -105.098221,
              39.870161
            ],
            [
              -105.098106,
              39.870056
            ],
            [
              -105.09799,
              39.869952
            ],
            [
              -105.097874,
              39.869847
            ],
            [
              -105.097645,
              39.869637
            ],
            [
              -105.097548,
              39.869694
            ],
            [
              -105.097368,
              39.869811
            ],
            [
              -105.097228,
              39.8699
            ],
            [
              -105.097091,
              39.869988
            ],
            [
              -105.096976,
              39.870065
            ],
            [
              -105.096849,
              39.870168
            ],
            [
              -105.096686,
              39.870357
            ],
            [
              -105.096594,
              39.870533
            ],
            [
              -105.096563,
              39.870619
            ],
            [
              -105.096536,
              39.870733
            ],
            [
              -105.096524,
              39.870869
            ],
            [
              -105.096534,
              39.871003
            ],
            [
              -105.091015,
              39.870991
            ],
            [
              -105.091023,
              39.872327
            ],
            [
              -105.091083,
              39.872401
            ],
            [
              -105.091141,
              39.872475
            ],
            [
              -105.091196,
              39.872551
            ],
            [
              -105.091251,
              39.872626
            ],
            [
              -105.091303,
              39.872703
            ],
            [
              -105.091354,
              39.87278
            ],
            [
              -105.091403,
              39.872858
            ],
            [
              -105.091451,
              39.872937
            ],
            [
              -105.091496,
              39.873016
            ],
            [
              -105.09154,
              39.873096
            ],
            [
              -105.091582,
              39.873177
            ],
            [
              -105.091622,
              39.873258
            ],
            [
              -105.09166,
              39.873339
            ],
            [
              -105.091696,
              39.873421
            ],
            [
              -105.091731,
              39.873504
            ],
            [
              -105.091763,
              39.873587
            ],
            [
              -105.091794,
              39.87367
            ],
            [
              -105.091823,
              39.873754
            ],
            [
              -105.09185,
              39.873838
            ],
            [
              -105.091875,
              39.873923
            ],
            [
              -105.091898,
              39.874008
            ],
            [
              -105.091919,
              39.874093
            ],
            [
              -105.091938,
              39.874178
            ],
            [
              -105.091956,
              39.874264
            ],
            [
              -105.091971,
              39.87435
            ],
            [
              -105.091984,
              39.874436
            ],
            [
              -105.091996,
              39.874522
            ],
            [
              -105.092005,
              39.874609
            ],
            [
              -105.092013,
              39.874695
            ],
            [
              -105.092019,
              39.874782
            ],
            [
              -105.092022,
              39.874868
            ],
            [
              -105.092024,
              39.874955
            ],
            [
              -105.092024,
              39.875042
            ],
            [
              -105.092021,
              39.875128
            ],
            [
              -105.092017,
              39.875215
            ],
            [
              -105.092011,
              39.875302
            ],
            [
              -105.092003,
              39.875388
            ],
            [
              -105.091993,
              39.875474
            ],
            [
              -105.091981,
              39.875561
            ],
            [
              -105.091967,
              39.875647
            ],
            [
              -105.091951,
              39.875732
            ],
            [
              -105.091933,
              39.875818
            ],
            [
              -105.091913,
              39.875903
            ],
            [
              -105.091891,
              39.875988
            ],
            [
              -105.091867,
              39.876073
            ],
            [
              -105.091842,
              39.876158
            ],
            [
              -105.091814,
              39.876242
            ],
            [
              -105.091785,
              39.876325
            ],
            [
              -105.091754,
              39.876409
            ],
            [
              -105.09172,
              39.876491
            ],
            [
              -105.091685,
              39.876574
            ],
            [
              -105.091649,
              39.876656
            ],
            [
              -105.09161,
              39.876737
            ],
            [
              -105.091569,
              39.876818
            ],
            [
              -105.091527,
              39.876898
            ],
            [
              -105.091482,
              39.876978
            ],
            [
              -105.091436,
              39.877057
            ],
            [
              -105.091389,
              39.877136
            ],
            [
              -105.091339,
              39.877213
            ],
            [
              -105.091288,
              39.877291
            ],
            [
              -105.091235,
              39.877367
            ],
            [
              -105.09118,
              39.877443
            ],
            [
              -105.091123,
              39.877518
            ],
            [
              -105.091065,
              39.877592
            ],
            [
              -105.091005,
              39.877665
            ],
            [
              -105.090944,
              39.877738
            ],
            [
              -105.09088,
              39.87781
            ],
            [
              -105.090816,
              39.87788
            ],
            [
              -105.090749,
              39.877951
            ],
            [
              -105.090681,
              39.87802
            ],
            [
              -105.090615,
              39.878085
            ],
            [
              -105.088594,
              39.878114
            ],
            [
              -105.088594,
              39.878086
            ],
            [
              -105.088594,
              39.878084
            ],
            [
              -105.088369,
              39.878084
            ],
            [
              -105.088367,
              39.878084
            ],
            [
              -105.088369,
              39.877674
            ],
            [
              -105.089196,
              39.877677
            ],
            [
              -105.089196,
              39.877677
            ],
            [
              -105.089276,
              39.877674
            ],
            [
              -105.089356,
              39.877665
            ],
            [
              -105.089471,
              39.878086
            ],
            [
              -105.089473,
              39.878086
            ],
            [
              -105.089921,
              39.878087
            ],
            [
              -105.090015,
              39.878088
            ],
            [
              -105.090016,
              39.878087
            ],
            [
              -105.090363,
              39.877717
            ],
            [
              -105.090752,
              39.877177
            ],
            [
              -105.090752,
              39.877176
            ],
            [
              -105.09012,
              39.876921
            ],
            [
              -105.090117,
              39.87692
            ],
            [
              -105.090124,
              39.876909
            ],
            [
              -105.090131,
              39.876897
            ],
            [
              -105.090137,
              39.876885
            ],
            [
              -105.090141,
              39.876876
            ],
            [
              -105.090145,
              39.876867
            ],
            [
              -105.090149,
              39.876858
            ],
            [
              -105.090152,
              39.876849
            ],
            [
              -105.090155,
              39.876839
            ],
            [
              -105.090158,
              39.87683
            ],
            [
              -105.090161,
              39.876817
            ],
            [
              -105.090164,
              39.876805
            ],
            [
              -105.090166,
              39.876792
            ],
            [
              -105.090167,
              39.876779
            ],
            [
              -105.090168,
              39.876766
            ],
            [
              -105.090168,
              39.876754
            ],
            [
              -105.090168,
              39.876741
            ],
            [
              -105.090167,
              39.876731
            ],
            [
              -105.090166,
              39.876722
            ],
            [
              -105.090165,
              39.876709
            ],
            [
              -105.090163,
              39.876699
            ],
            [
              -105.090161,
              39.87669
            ],
            [
              -105.090159,
              39.87668
            ],
            [
              -105.090156,
              39.876671
            ],
            [
              -105.090152,
              39.876659
            ],
            [
              -105.090147,
              39.876646
            ],
            [
              -105.090144,
              39.876637
            ],
            [
              -105.09014,
              39.876628
            ],
            [
              -105.090135,
              39.876619
            ],
            [
              -105.090131,
              39.87661
            ],
            [
              -105.090124,
              39.876599
            ],
            [
              -105.090117,
              39.876587
            ],
            [
              -105.091047,
              39.876381
            ],
            [
              -105.091046,
              39.876315
            ],
            [
              -105.091127,
              39.876252
            ],
            [
              -105.091191,
              39.875959
            ],
            [
              -105.091164,
              39.875906
            ],
            [
              -105.091195,
              39.875713
            ],
            [
              -105.091195,
              39.875712
            ],
            [
              -105.091045,
              39.875662
            ],
            [
              -105.091042,
              39.875661
            ],
            [
              -105.091041,
              39.87552
            ],
            [
              -105.091033,
              39.874049
            ],
            [
              -105.091029,
              39.873334
            ],
            [
              -105.090939,
              39.873137
            ],
            [
              -105.090616,
              39.872694
            ],
            [
              -105.090584,
              39.87265
            ],
            [
              -105.090268,
              39.872316
            ],
            [
              -105.090211,
              39.872256
            ],
            [
              -105.090142,
              39.872184
            ],
            [
              -105.090018,
              39.872077
            ],
            [
              -105.089574,
              39.871696
            ],
            [
              -105.089205,
              39.871382
            ],
            [
              -105.089075,
              39.871272
            ],
            [
              -105.089069,
              39.871267
            ],
            [
              -105.089069,
              39.871266
            ],
            [
              -105.089054,
              39.871253
            ],
            [
              -105.089017,
              39.871225
            ],
            [
              -105.089012,
              39.871222
            ],
            [
              -105.088879,
              39.87112
            ],
            [
              -105.088817,
              39.871072
            ],
            [
              -105.088789,
              39.871051
            ],
            [
              -105.088779,
              39.871043
            ],
            [
              -105.088723,
              39.871
            ],
            [
              -105.088721,
              39.870998
            ]
          ],
          [
            [
              -105.083933,
              39.865244
            ],
            [
              -105.081743,
              39.865222
            ],
            [
              -105.081736,
              39.86585
            ],
            [
              -105.081739,
              39.86585
            ],
            [
              -105.083019,
              39.865851
            ],
            [
              -105.083928,
              39.865511
            ],
            [
              -105.083933,
              39.865246
            ],
            [
              -105.083933,
              39.865244
            ]
          ],
          [
            [
              -105.075153,
              39.861884
            ],
            [
              -105.075507,
              39.861598
            ],
            [
              -105.075914,
              39.861485
            ],
            [
              -105.075917,
              39.861484
            ],
            [
              -105.075546,
              39.861408
            ],
            [
              -105.075136,
              39.861285
            ],
            [
              -105.074943,
              39.861228
            ],
            [
              -105.074782,
              39.861148
            ],
            [
              -105.074549,
              39.861041
            ],
            [
              -105.074544,
              39.861513
            ],
            [
              -105.074546,
              39.861514
            ],
            [
              -105.075153,
              39.861884
            ],
            [
              -105.075153,
              39.861885
            ],
            [
              -105.0744,
              39.862612
            ],
            [
              -105.074188,
              39.86285
            ],
            [
              -105.074172,
              39.86287
            ],
            [
              -105.074157,
              39.86289
            ],
            [
              -105.074143,
              39.86291
            ],
            [
              -105.074129,
              39.862931
            ],
            [
              -105.074117,
              39.862952
            ],
            [
              -105.074105,
              39.862974
            ],
            [
              -105.074095,
              39.862995
            ],
            [
              -105.074085,
              39.863017
            ],
            [
              -105.074077,
              39.86304
            ],
            [
              -105.074069,
              39.863062
            ],
            [
              -105.074063,
              39.863085
            ],
            [
              -105.074057,
              39.863108
            ],
            [
              -105.074054,
              39.863126
            ],
            [
              -105.073974,
              39.863561
            ],
            [
              -105.073967,
              39.863577
            ],
            [
              -105.07397,
              39.863577
            ],
            [
              -105.074232,
              39.863573
            ],
            [
              -105.074309,
              39.863146
            ],
            [
              -105.074309,
              39.863146
            ],
            [
              -105.074311,
              39.863137
            ],
            [
              -105.074312,
              39.863134
            ],
            [
              -105.074313,
              39.863128
            ],
            [
              -105.074315,
              39.863122
            ],
            [
              -105.074316,
              39.863116
            ],
            [
              -105.074317,
              39.863113
            ],
            [
              -105.07432,
              39.863105
            ],
            [
              -105.074322,
              39.863097
            ],
            [
              -105.074325,
              39.863089
            ],
            [
              -105.074328,
              39.863081
            ],
            [
              -105.074331,
              39.863073
            ],
            [
              -105.074333,
              39.86307
            ],
            [
              -105.074335,
              39.863064
            ],
            [
              -105.074336,
              39.863062
            ],
            [
              -105.07434,
              39.863054
            ],
            [
              -105.074341,
              39.863051
            ],
            [
              -105.074344,
              39.863045
            ],
            [
              -105.074347,
              39.86304
            ],
            [
              -105.07435,
              39.863034
            ],
            [
              -105.074354,
              39.863028
            ],
            [
              -105.074357,
              39.863023
            ],
            [
              -105.07436,
              39.863017
            ],
            [
              -105.074364,
              39.863011
            ],
            [
              -105.074366,
              39.863009
            ],
            [
              -105.07437,
              39.863001
            ],
            [
              -105.074375,
              39.862994
            ],
            [
              -105.074381,
              39.862987
            ],
            [
              -105.074386,
              39.86298
            ],
            [
              -105.074392,
              39.862973
            ],
            [
              -105.074397,
              39.862966
            ],
            [
              -105.074405,
              39.862958
            ],
            [
              -105.074605,
              39.862733
            ],
            [
              -105.074909,
              39.862441
            ],
            [
              -105.07671,
              39.863542
            ],
            [
              -105.077838,
              39.863528
            ],
            [
              -105.077839,
              39.863528
            ],
            [
              -105.077733,
              39.863464
            ],
            [
              -105.077238,
              39.863163
            ],
            [
              -105.077226,
              39.863156
            ],
            [
              -105.076902,
              39.862959
            ],
            [
              -105.076903,
              39.862906
            ],
            [
              -105.076916,
              39.861801
            ],
            [
              -105.076916,
              39.8618
            ],
            [
              -105.076094,
              39.86157
            ],
            [
              -105.075849,
              39.861731
            ],
            [
              -105.075393,
              39.862032
            ],
            [
              -105.075156,
              39.861886
            ],
            [
              -105.075153,
              39.861884
            ]
          ],
          [
            [
              -105.070941,
              39.859978
            ],
            [
              -105.070526,
              39.859725
            ],
            [
              -105.070545,
              39.860322
            ],
            [
              -105.070547,
              39.86032
            ],
            [
              -105.070941,
              39.859978
            ],
            [
              -105.070941,
              39.859978
            ]
          ],
          [
            [
              -105.083703,
              39.85597
            ],
            [
              -105.083703,
              39.855968
            ],
            [
              -105.083347,
              39.855973
            ],
            [
              -105.083345,
              39.856163
            ],
            [
              -105.083345,
              39.856197
            ],
            [
              -105.083347,
              39.856198
            ],
            [
              -105.083377,
              39.856222
            ],
            [
              -105.083393,
              39.856232
            ],
            [
              -105.083411,
              39.85624
            ],
            [
              -105.083431,
              39.856244
            ],
            [
              -105.083454,
              39.856246
            ],
            [
              -105.0837,
              39.856242
            ],
            [
              -105.083703,
              39.85597
            ]
          ],
          [
            [
              -105.073806,
              39.864128
            ],
            [
              -105.074524,
              39.864177
            ],
            [
              -105.074525,
              39.864108
            ],
            [
              -105.074527,
              39.863872
            ],
            [
              -105.074527,
              39.86387
            ],
            [
              -105.074525,
              39.86387
            ],
            [
              -105.073743,
              39.863877
            ],
            [
              -105.073635,
              39.863878
            ],
            [
              -105.073564,
              39.864114
            ],
            [
              -105.073565,
              39.864114
            ],
            [
              -105.073567,
              39.864114
            ],
            [
              -105.073626,
              39.864117
            ],
            [
              -105.073806,
              39.864128
            ]
          ],
          [
            [
              -105.071973,
              39.866631
            ],
            [
              -105.071972,
              39.868385
            ],
            [
              -105.073592,
              39.86838
            ],
            [
              -105.075915,
              39.868368
            ],
            [
              -105.075915,
              39.868367
            ],
            [
              -105.075898,
              39.867514
            ],
            [
              -105.075898,
              39.867512
            ],
            [
              -105.074532,
              39.867524
            ],
            [
              -105.074529,
              39.867524
            ],
            [
              -105.074522,
              39.865663
            ],
            [
              -105.074522,
              39.865661
            ],
            [
              -105.072139,
              39.865681
            ],
            [
              -105.072139,
              39.866099
            ],
            [
              -105.071838,
              39.866099
            ],
            [
              -105.071939,
              39.866282
            ],
            [
              -105.071973,
              39.866631
            ]
          ],
          [
            [
              -105.080702,
              39.866192
            ],
            [
              -105.080694,
              39.866967
            ],
            [
              -105.080697,
              39.866967
            ],
            [
              -105.081511,
              39.866962
            ],
            [
              -105.081514,
              39.866688
            ],
            [
              -105.081514,
              39.866688
            ],
            [
              -105.080809,
              39.866257
            ],
            [
              -105.080702,
              39.866192
            ]
          ],
          [
            [
              -105.079246,
              39.867424
            ],
            [
              -105.078728,
              39.867436
            ],
            [
              -105.078236,
              39.867431
            ],
            [
              -105.077871,
              39.867434
            ],
            [
              -105.077456,
              39.867437
            ],
            [
              -105.077461,
              39.868485
            ],
            [
              -105.076962,
              39.868486
            ],
            [
              -105.076956,
              39.869686
            ],
            [
              -105.076956,
              39.869753
            ],
            [
              -105.076944,
              39.869753
            ],
            [
              -105.076954,
              39.869761
            ],
            [
              -105.077647,
              39.869757
            ],
            [
              -105.077656,
              39.869757
            ],
            [
              -105.078425,
              39.869755
            ],
            [
              -105.078425,
              39.869757
            ],
            [
              -105.078435,
              39.870169
            ],
            [
              -105.078439,
              39.870348
            ],
            [
              -105.078441,
              39.870348
            ],
            [
              -105.078538,
              39.870349
            ],
            [
              -105.078911,
              39.870346
            ],
            [
              -105.078942,
              39.870346
            ],
            [
              -105.080017,
              39.870344
            ],
            [
              -105.080017,
              39.870346
            ],
            [
              -105.080013,
              39.870944
            ],
            [
              -105.080016,
              39.870943
            ],
            [
              -105.08082,
              39.870941
            ],
            [
              -105.080818,
              39.870943
            ],
            [
              -105.080811,
              39.870952
            ],
            [
              -105.080805,
              39.87096
            ],
            [
              -105.080796,
              39.870975
            ],
            [
              -105.080793,
              39.870983
            ],
            [
              -105.08079,
              39.870992
            ],
            [
              -105.080787,
              39.871002
            ],
            [
              -105.080786,
              39.871011
            ],
            [
              -105.080785,
              39.871021
            ],
            [
              -105.080785,
              39.87103
            ],
            [
              -105.080786,
              39.87104
            ],
            [
              -105.080788,
              39.871049
            ],
            [
              -105.08079,
              39.871057
            ],
            [
              -105.080794,
              39.871067
            ],
            [
              -105.080798,
              39.871076
            ],
            [
              -105.080804,
              39.871084
            ],
            [
              -105.080809,
              39.871093
            ],
            [
              -105.080816,
              39.871101
            ],
            [
              -105.080823,
              39.871109
            ],
            [
              -105.080832,
              39.871116
            ],
            [
              -105.080834,
              39.871118
            ],
            [
              -105.080839,
              39.871122
            ],
            [
              -105.080848,
              39.871128
            ],
            [
              -105.080858,
              39.871134
            ],
            [
              -105.080868,
              39.87114
            ],
            [
              -105.080879,
              39.871145
            ],
            [
              -105.08089,
              39.871149
            ],
            [
              -105.080902,
              39.871152
            ],
            [
              -105.080914,
              39.871155
            ],
            [
              -105.080926,
              39.871158
            ],
            [
              -105.080938,
              39.871159
            ],
            [
              -105.080951,
              39.87116
            ],
            [
              -105.080963,
              39.871161
            ],
            [
              -105.080975,
              39.87116
            ],
            [
              -105.080986,
              39.87116
            ],
            [
              -105.080998,
              39.871158
            ],
            [
              -105.081011,
              39.871156
            ],
            [
              -105.081022,
              39.871153
            ],
            [
              -105.081034,
              39.871149
            ],
            [
              -105.081045,
              39.871145
            ],
            [
              -105.081056,
              39.87114
            ],
            [
              -105.081067,
              39.871135
            ],
            [
              -105.081076,
              39.871129
            ],
            [
              -105.081086,
              39.871123
            ],
            [
              -105.081095,
              39.871116
            ],
            [
              -105.081103,
              39.871109
            ],
            [
              -105.08111,
              39.871101
            ],
            [
              -105.081117,
              39.871093
            ],
            [
              -105.081123,
              39.871085
            ],
            [
              -105.081128,
              39.871076
            ],
            [
              -105.081132,
              39.871068
            ],
            [
              -105.081135,
              39.871059
            ],
            [
              -105.081138,
              39.87105
            ],
            [
              -105.08114,
              39.87104
            ],
            [
              -105.081141,
              39.87103
            ],
            [
              -105.081141,
              39.871021
            ],
            [
              -105.081141,
              39.871011
            ],
            [
              -105.081139,
              39.871002
            ],
            [
              -105.081137,
              39.870994
            ],
            [
              -105.081134,
              39.870984
            ],
            [
              -105.08113,
              39.870975
            ],
            [
              -105.081121,
              39.87096
            ],
            [
              -105.081115,
              39.870952
            ],
            [
              -105.081106,
              39.870941
            ],
            [
              -105.081473,
              39.87094
            ],
            [
              -105.081494,
              39.868782
            ],
            [
              -105.081497,
              39.868422
            ],
            [
              -105.081497,
              39.86842
            ],
            [
              -105.080208,
              39.868416
            ],
            [
              -105.080206,
              39.868416
            ],
            [
              -105.080207,
              39.868328
            ],
            [
              -105.080207,
              39.868326
            ],
            [
              -105.079727,
              39.868328
            ],
            [
              -105.079725,
              39.868328
            ],
            [
              -105.079729,
              39.867875
            ],
            [
              -105.079734,
              39.867423
            ],
            [
              -105.079734,
              39.867421
            ],
            [
              -105.079254,
              39.867424
            ],
            [
              -105.079246,
              39.867424
            ]
          ],
          [
            [
              -105.076772,
              39.870947
            ],
            [
              -105.076757,
              39.869752
            ],
            [
              -105.076757,
              39.86975
            ],
            [
              -105.076432,
              39.869752
            ],
            [
              -105.075433,
              39.86976
            ],
            [
              -105.075421,
              39.870955
            ],
            [
              -105.073731,
              39.870959
            ],
            [
              -105.073728,
              39.870959
            ],
            [
              -105.073727,
              39.86977
            ],
            [
              -105.073727,
              39.869769
            ],
            [
              -105.073623,
              39.869769
            ],
            [
              -105.07362,
              39.869769
            ],
            [
              -105.07362,
              39.869701
            ],
            [
              -105.07362,
              39.869699
            ],
            [
              -105.072977,
              39.869702
            ],
            [
              -105.072974,
              39.869702
            ],
            [
              -105.072974,
              39.86913
            ],
            [
              -105.072974,
              39.869128
            ],
            [
              -105.072215,
              39.869131
            ],
            [
              -105.072213,
              39.869131
            ],
            [
              -105.072213,
              39.869051
            ],
            [
              -105.072213,
              39.869049
            ],
            [
              -105.071971,
              39.869052
            ],
            [
              -105.071969,
              39.871043
            ],
            [
              -105.076773,
              39.871021
            ],
            [
              -105.076772,
              39.870947
            ]
          ]
        ]
      }
    },
    {
      "type": "Feature",
      "properties": {
        "District": 5,
        "Name": "District 5",
        "Code": "WFD5",
        "Station": "Station 5"
      },
      "geometry": {
        "type": "Polygon",
        "coordinates": [
          [
            [
              -105.122113,
              39.906736
            ],
            [
              -105.120096,
              39.905677
            ],
            [
              -105.121371,
              39.904459
            ],
            [
              -105.123533,
              39.902106
            ],
            [
              -105.123237,
              39.901768
            ],
            [
              -105.122927,
              39.901414
            ],
            [
              -105.122925,
              39.901412
            ],
            [
              -105.121505,
              39.901802
            ],
            [
              -105.120419,
              39.90196
            ],
            [
              -105.118424,
              39.901926
            ],
            [
              -105.117865,
              39.902529
            ],
            [
              -105.118598,
              39.903227
            ],
            [
              -105.118571,
              39.903258
            ],
            [
              -105.117734,
              39.904202
            ],
            [
              -105.115747,
              39.903158
            ],
            [
              -105.113765,
              39.901735
            ],
            [
              -105.114186,
              39.900064
            ],
            [
              -105.11243,
              39.900067
            ],
            [
              -105.11173,
              39.900068
            ],
            [
              -105.109414,
              39.900071
            ],
            [
              -105.10211,
              39.89977
            ],
            [
              -105.102049,
              39.899727
            ],
            [
              -105.09994,
              39.898227
            ],
            [
              -105.096363,
              39.898245
            ],
            [
              -105.096318,
              39.89731
            ],
            [
              -105.09557,
              39.897318
            ],
            [
              -105.095232,
              39.897717
            ],
            [
              -105.091593,
              39.895885
            ],
            [
              -105.091495,
              39.896
            ],
            [
              -105.090841,
              39.895671
            ],
            [
              -105.090838,
              39.895669
            ],
            [
              -105.090878,
              39.894195
            ],
            [
              -105.090878,
              39.894193
            ],
            [
              -105.089442,
              39.894182
            ],
            [
              -105.089434,
              39.894277
            ],
            [
              -105.089432,
              39.894296
            ],
            [
              -105.089428,
              39.894315
            ],
            [
              -105.089425,
              39.894334
            ],
            [
              -105.08942,
              39.894353
            ],
            [
              -105.089416,
              39.894372
            ],
            [
              -105.089411,
              39.894391
            ],
            [
              -105.089405,
              39.894409
            ],
            [
              -105.089399,
              39.894428
            ],
            [
              -105.089393,
              39.894446
            ],
            [
              -105.089387,
              39.894465
            ],
            [
              -105.089379,
              39.894483
            ],
            [
              -105.089372,
              39.894501
            ],
            [
              -105.089364,
              39.89452
            ],
            [
              -105.089356,
              39.894538
            ],
            [
              -105.089347,
              39.894556
            ],
            [
              -105.089338,
              39.894573
            ],
            [
              -105.089328,
              39.894591
            ],
            [
              -105.089274,
              39.894677
            ],
            [
              -105.088419,
              39.895912
            ],
            [
              -105.088328,
              39.896049
            ],
            [
              -105.088285,
              39.896118
            ],
            [
              -105.088243,
              39.896188
            ],
            [
              -105.088203,
              39.896259
            ],
            [
              -105.088165,
              39.89633
            ],
            [
              -105.088128,
              39.896401
            ],
            [
              -105.088093,
              39.896473
            ],
            [
              -105.08806,
              39.896546
            ],
            [
              -105.088028,
              39.896618
            ],
            [
              -105.087998,
              39.896692
            ],
            [
              -105.087969,
              39.896765
            ],
            [
              -105.087942,
              39.896839
            ],
            [
              -105.087917,
              39.896914
            ],
            [
              -105.087894,
              39.896989
            ],
            [
              -105.087872,
              39.897064
            ],
            [
              -105.087852,
              39.897139
            ],
            [
              -105.087834,
              39.897214
            ],
            [
              -105.087817,
              39.89729
            ],
            [
              -105.087802,
              39.897366
            ],
            [
              -105.087789,
              39.897442
            ],
            [
              -105.087777,
              39.897519
            ],
            [
              -105.087768,
              39.897595
            ],
            [
              -105.08776,
              39.897672
            ],
            [
              -105.087753,
              39.897749
            ],
            [
              -105.087749,
              39.897825
            ],
            [
              -105.087746,
              39.897902
            ],
            [
              -105.087745,
              39.897979
            ],
            [
              -105.08775,
              39.898139
            ],
            [
              -105.084632,
              39.898157
            ],
            [
              -105.084295,
              39.898159
            ],
            [
              -105.084286,
              39.898947
            ],
            [
              -105.084198,
              39.898947
            ],
            [
              -105.084107,
              39.898951
            ],
            [
              -105.084004,
              39.898952
            ],
            [
              -105.083919,
              39.898953
            ],
            [
              -105.083753,
              39.898953
            ],
            [
              -105.083477,
              39.898955
            ],
            [
              -105.083121,
              39.898961
            ],
            [
              -105.082799,
              39.898961
            ],
            [
              -105.082609,
              39.898963
            ],
            [
              -105.082281,
              39.898966
            ],
            [
              -105.081195,
              39.89897
            ],
            [
              -105.081195,
              39.898975
            ],
            [
              -105.081186,
              39.899765
            ],
            [
              -105.081079,
              39.89977
            ],
            [
              -105.080594,
              39.899775
            ],
            [
              -105.080315,
              39.899777
            ],
            [
              -105.080141,
              39.899779
            ],
            [
              -105.080119,
              39.899748
            ],
            [
              -105.079936,
              39.89949
            ],
            [
              -105.07978,
              39.899274
            ],
            [
              -105.079599,
              39.898993
            ],
            [
              -105.079526,
              39.898878
            ],
            [
              -105.079469,
              39.898789
            ],
            [
              -105.079318,
              39.898552
            ],
            [
              -105.079138,
              39.898247
            ],
            [
              -105.07908,
              39.898149
            ],
            [
              -105.078901,
              39.897838
            ],
            [
              -105.078839,
              39.897729
            ],
            [
              -105.078612,
              39.897324
            ],
            [
              -105.07849,
              39.897111
            ],
            [
              -105.078465,
              39.897067
            ],
            [
              -105.078382,
              39.896921
            ],
            [
              -105.07819,
              39.89658
            ],
            [
              -105.077748,
              39.895806
            ],
            [
              -105.077588,
              39.895524
            ],
            [
              -105.077452,
              39.895285
            ],
            [
              -105.07724,
              39.894919
            ],
            [
              -105.07707,
              39.89462
            ],
            [
              -105.076885,
              39.894307
            ],
            [
              -105.076674,
              39.893969
            ],
            [
              -105.076503,
              39.893711
            ],
            [
              -105.076253,
              39.893354
            ],
            [
              -105.076045,
              39.893068
            ],
            [
              -105.075849,
              39.892808
            ],
            [
              -105.075785,
              39.892725
            ],
            [
              -105.075626,
              39.892509
            ],
            [
              -105.0753,
              39.892066
            ],
            [
              -105.075226,
              39.891964
            ],
            [
              -105.074982,
              39.891633
            ],
            [
              -105.074696,
              39.891251
            ],
            [
              -105.074376,
              39.890835
            ],
            [
              -105.074006,
              39.890356
            ],
            [
              -105.073774,
              39.890008
            ],
            [
              -105.073591,
              39.889733
            ],
            [
              -105.073258,
              39.889292
            ],
            [
              -105.072971,
              39.888906
            ],
            [
              -105.07267,
              39.888497
            ],
            [
              -105.072606,
              39.888407
            ],
            [
              -105.072541,
              39.888317
            ],
            [
              -105.072476,
              39.888227
            ],
            [
              -105.072411,
              39.888138
            ],
            [
              -105.072346,
              39.888048
            ],
            [
              -105.07228,
              39.887959
            ],
            [
              -105.072214,
              39.88787
            ],
            [
              -105.072148,
              39.887781
            ],
            [
              -105.072082,
              39.887692
            ],
            [
              -105.072015,
              39.887603
            ],
            [
              -105.071948,
              39.887514
            ],
            [
              -105.071881,
              39.887425
            ],
            [
              -105.071814,
              39.887337
            ],
            [
              -105.071798,
              39.887316
            ],
            [
              -105.071746,
              39.887248
            ],
            [
              -105.071702,
              39.887187
            ],
            [
              -105.071688,
              39.887169
            ],
            [
              -105.071553,
              39.886985
            ],
            [
              -105.07154,
              39.886967
            ],
            [
              -105.071501,
              39.886914
            ],
            [
              -105.071257,
              39.886584
            ],
            [
              -105.070996,
              39.886234
            ],
            [
              -105.070828,
              39.886009
            ],
            [
              -105.070631,
              39.885743
            ],
            [
              -105.070422,
              39.885458
            ],
            [
              -105.070395,
              39.885422
            ],
            [
              -105.070221,
              39.885184
            ],
            [
              -105.07005,
              39.88495
            ],
            [
              -105.069872,
              39.884709
            ],
            [
              -105.069854,
              39.884689
            ],
            [
              -105.069802,
              39.884626
            ],
            [
              -105.06975,
              39.884562
            ],
            [
              -105.069698,
              39.884498
            ],
            [
              -105.069661,
              39.884464
            ],
            [
              -105.069001,
              39.883559
            ],
            [
              -105.068908,
              39.883404
            ],
            [
              -105.068826,
              39.883292
            ],
            [
              -105.068752,
              39.883193
            ],
            [
              -105.068665,
              39.883072
            ],
            [
              -105.068565,
              39.882939
            ],
            [
              -105.06842,
              39.882742
            ],
            [
              -105.068369,
              39.882678
            ],
            [
              -105.068252,
              39.882519
            ],
            [
              -105.068182,
              39.882438
            ],
            [
              -105.06805,
              39.88225
            ],
            [
              -105.067944,
              39.882102
            ],
            [
              -105.067896,
              39.88204
            ],
            [
              -105.067782,
              39.881884
            ],
            [
              -105.067626,
              39.881664
            ],
            [
              -105.067494,
              39.881492
            ],
            [
              -105.067205,
              39.881088
            ],
            [
              -105.067099,
              39.880958
            ],
            [
              -105.067044,
              39.880879
            ],
            [
              -105.066961,
              39.880766
            ],
            [
              -105.066863,
              39.880626
            ],
            [
              -105.066704,
              39.880426
            ],
            [
              -105.066598,
              39.880277
            ],
            [
              -105.066532,
              39.88019
            ],
            [
              -105.066416,
              39.880027
            ],
            [
              -105.066271,
              39.879833
            ],
            [
              -105.066111,
              39.879612
            ],
            [
              -105.065974,
              39.879423
            ],
            [
              -105.065769,
              39.879151
            ],
            [
              -105.065602,
              39.878925
            ],
            [
              -105.065438,
              39.878701
            ],
            [
              -105.06533,
              39.878549
            ],
            [
              -105.065196,
              39.878368
            ],
            [
              -105.065064,
              39.878189
            ],
            [
              -105.064887,
              39.877944
            ],
            [
              -105.064729,
              39.877734
            ],
            [
              -105.06453,
              39.877473
            ],
            [
              -105.064318,
              39.877188
            ],
            [
              -105.064168,
              39.876982
            ],
            [
              -105.064046,
              39.87681
            ],
            [
              -105.06389,
              39.876606
            ],
            [
              -105.06375,
              39.876414
            ],
            [
              -105.063628,
              39.87624
            ],
            [
              -105.063488,
              39.876048
            ],
            [
              -105.063362,
              39.875872
            ],
            [
              -105.06322,
              39.875699
            ],
            [
              -105.063117,
              39.875549
            ],
            [
              -105.062965,
              39.875351
            ],
            [
              -105.062798,
              39.875119
            ],
            [
              -105.062632,
              39.874895
            ],
            [
              -105.062481,
              39.874687
            ],
            [
              -105.062355,
              39.87452
            ],
            [
              -105.062298,
              39.874443
            ],
            [
              -105.062125,
              39.874208
            ],
            [
              -105.061958,
              39.873974
            ],
            [
              -105.061723,
              39.873658
            ],
            [
              -105.061529,
              39.873392
            ],
            [
              -105.061343,
              39.873149
            ],
            [
              -105.06123,
              39.872993
            ],
            [
              -105.061206,
              39.872961
            ],
            [
              -105.061177,
              39.872923
            ],
            [
              -105.061153,
              39.872892
            ],
            [
              -105.061141,
              39.872876
            ],
            [
              -105.061092,
              39.872812
            ],
            [
              -105.061067,
              39.872779
            ],
            [
              -105.060885,
              39.872539
            ],
            [
              -105.060699,
              39.872279
            ],
            [
              -105.060545,
              39.872056
            ],
            [
              -105.060359,
              39.87177
            ],
            [
              -105.060188,
              39.871495
            ],
            [
              -105.060086,
              39.871328
            ],
            [
              -105.059998,
              39.871181
            ],
            [
              -105.059898,
              39.870993
            ],
            [
              -105.059839,
              39.870877
            ],
            [
              -105.059746,
              39.870702
            ],
            [
              -105.059631,
              39.87048
            ],
            [
              -105.059506,
              39.870225
            ],
            [
              -105.059215,
              39.869601
            ],
            [
              -105.058994,
              39.86912
            ],
            [
              -105.058866,
              39.868845
            ],
            [
              -105.058724,
              39.868543
            ],
            [
              -105.058611,
              39.868295
            ],
            [
              -105.058496,
              39.868048
            ],
            [
              -105.058345,
              39.867721
            ],
            [
              -105.058164,
              39.867327
            ],
            [
              -105.057952,
              39.86687
            ],
            [
              -105.057831,
              39.866608
            ],
            [
              -105.057712,
              39.866345
            ],
            [
              -105.057466,
              39.865816
            ],
            [
              -105.057181,
              39.865229
            ],
            [
              -105.057101,
              39.865062
            ],
            [
              -105.057013,
              39.86488
            ],
            [
              -105.056924,
              39.864723
            ],
            [
              -105.056911,
              39.864671
            ],
            [
              -105.056793,
              39.864433
            ],
            [
              -105.056597,
              39.864032
            ],
            [
              -105.056529,
              39.863897
            ],
            [
              -105.056406,
              39.863645
            ],
            [
              -105.056377,
              39.863584
            ],
            [
              -105.056372,
              39.863575
            ],
            [
              -105.056361,
              39.863554
            ],
            [
              -105.056326,
              39.863481
            ],
            [
              -105.056318,
              39.863465
            ],
            [
              -105.056299,
              39.863425
            ],
            [
              -105.056199,
              39.863213
            ],
            [
              -105.056185,
              39.863183
            ],
            [
              -105.056171,
              39.863153
            ],
            [
              -105.056157,
              39.863123
            ],
            [
              -105.056141,
              39.863093
            ],
            [
              -105.056127,
              39.863062
            ],
            [
              -105.056111,
              39.863032
            ],
            [
              -105.056096,
              39.863003
            ],
            [
              -105.056081,
              39.862973
            ],
            [
              -105.056065,
              39.862943
            ],
            [
              -105.055936,
              39.862523
            ],
            [
              -105.055866,
              39.862363
            ],
            [
              -105.055797,
              39.862208
            ],
            [
              -105.05568,
              39.861958
            ],
            [
              -105.055446,
              39.861446
            ],
            [
              -105.055247,
              39.861025
            ],
            [
              -105.055076,
              39.860655
            ],
            [
              -105.054917,
              39.860304
            ],
            [
              -105.054877,
              39.860217
            ],
            [
              -105.054793,
              39.86003
            ],
            [
              -105.054754,
              39.859946
            ],
            [
              -105.054746,
              39.859928
            ],
            [
              -105.054853,
              39.859832
            ],
            [
              -105.054887,
              39.8598
            ],
            [
              -105.054978,
              39.859718
            ],
            [
              -105.054986,
              39.859735
            ],
            [
              -105.055043,
              39.859856
            ],
            [
              -105.055135,
              39.860055
            ],
            [
              -105.055169,
              39.860129
            ],
            [
              -105.055203,
              39.860203
            ],
            [
              -105.055238,
              39.860278
            ],
            [
              -105.055272,
              39.860352
            ],
            [
              -105.055306,
              39.860426
            ],
            [
              -105.05534,
              39.860501
            ],
            [
              -105.055375,
              39.860575
            ],
            [
              -105.055409,
              39.860649
            ],
            [
              -105.055443,
              39.860724
            ],
            [
              -105.055477,
              39.860798
            ],
            [
              -105.055515,
              39.860879
            ],
            [
              -105.055552,
              39.860959
            ],
            [
              -105.05559,
              39.86104
            ],
            [
              -105.055628,
              39.861121
            ],
            [
              -105.055666,
              39.861202
            ],
            [
              -105.055704,
              39.861283
            ],
            [
              -105.055741,
              39.861364
            ],
            [
              -105.055779,
              39.861444
            ],
            [
              -105.055816,
              39.861525
            ],
            [
              -105.055854,
              39.861606
            ],
            [
              -105.055872,
              39.861646
            ],
            [
              -105.05589,
              39.861686
            ],
            [
              -105.055908,
              39.861726
            ],
            [
              -105.055927,
              39.861766
            ],
            [
              -105.055946,
              39.861805
            ],
            [
              -105.055965,
              39.861845
            ],
            [
              -105.055984,
              39.861884
            ],
            [
              -105.056004,
              39.861923
            ],
            [
              -105.056023,
              39.861963
            ],
            [
              -105.056043,
              39.862002
            ],
            [
              -105.056094,
              39.862092
            ],
            [
              -105.056128,
              39.862159
            ],
            [
              -105.056162,
              39.86222
            ],
            [
              -105.05618,
              39.862246
            ],
            [
              -105.056236,
              39.862304
            ],
            [
              -105.056472,
              39.862867
            ],
            [
              -105.056487,
              39.862905
            ],
            [
              -105.056503,
              39.862942
            ],
            [
              -105.056519,
              39.86298
            ],
            [
              -105.05657,
              39.8631
            ],
            [
              -105.056695,
              39.863394
            ],
            [
              -105.056723,
              39.86346
            ],
            [
              -105.05673,
              39.863476
            ],
            [
              -105.056761,
              39.863547
            ],
            [
              -105.056764,
              39.863555
            ],
            [
              -105.056771,
              39.86357
            ],
            [
              -105.056779,
              39.86359
            ],
            [
              -105.056801,
              39.86364
            ],
            [
              -105.056839,
              39.863728
            ],
            [
              -105.057085,
              39.864272
            ],
            [
              -105.057446,
              39.865056
            ],
            [
              -105.057908,
              39.866056
            ],
            [
              -105.058224,
              39.866736
            ],
            [
              -105.05846,
              39.867244
            ],
            [
              -105.058706,
              39.867779
            ],
            [
              -105.059043,
              39.868505
            ],
            [
              -105.059258,
              39.868972
            ],
            [
              -105.059437,
              39.869357
            ],
            [
              -105.059571,
              39.869643
            ],
            [
              -105.059698,
              39.869926
            ],
            [
              -105.06004,
              39.870621
            ],
            [
              -105.060132,
              39.87079
            ],
            [
              -105.060184,
              39.870882
            ],
            [
              -105.060245,
              39.870997
            ],
            [
              -105.060276,
              39.871053
            ],
            [
              -105.060502,
              39.871431
            ],
            [
              -105.060742,
              39.871807
            ],
            [
              -105.060961,
              39.87213
            ],
            [
              -105.061155,
              39.872403
            ],
            [
              -105.061259,
              39.872547
            ],
            [
              -105.061283,
              39.87258
            ],
            [
              -105.06133,
              39.872646
            ],
            [
              -105.061337,
              39.872656
            ],
            [
              -105.061342,
              39.872662
            ],
            [
              -105.061365,
              39.872694
            ],
            [
              -105.061394,
              39.872733
            ],
            [
              -105.061501,
              39.872878
            ],
            [
              -105.061872,
              39.873383
            ],
            [
              -105.062228,
              39.873869
            ],
            [
              -105.062343,
              39.874007
            ],
            [
              -105.062469,
              39.87418
            ],
            [
              -105.06272,
              39.874534
            ],
            [
              -105.062846,
              39.874714
            ],
            [
              -105.062968,
              39.874882
            ],
            [
              -105.063099,
              39.875057
            ],
            [
              -105.063219,
              39.875226
            ],
            [
              -105.063346,
              39.87539
            ],
            [
              -105.063456,
              39.875535
            ],
            [
              -105.063614,
              39.875754
            ],
            [
              -105.063756,
              39.875945
            ],
            [
              -105.063895,
              39.87614
            ],
            [
              -105.064022,
              39.8763
            ],
            [
              -105.064146,
              39.876472
            ],
            [
              -105.064301,
              39.876683
            ],
            [
              -105.064458,
              39.8769
            ],
            [
              -105.06461,
              39.877098
            ],
            [
              -105.064738,
              39.877278
            ],
            [
              -105.065027,
              39.877667
            ],
            [
              -105.065193,
              39.877884
            ],
            [
              -105.065399,
              39.878167
            ],
            [
              -105.065505,
              39.878168
            ],
            [
              -105.071983,
              39.878241
            ],
            [
              -105.07208,
              39.878237
            ],
            [
              -105.081301,
              39.878217
            ],
            [
              -105.081303,
              39.878217
            ],
            [
              -105.081293,
              39.87897
            ],
            [
              -105.081295,
              39.87897
            ],
            [
              -105.081494,
              39.87897
            ],
            [
              -105.08385,
              39.878969
            ],
            [
              -105.08385,
              39.878971
            ],
            [
              -105.083825,
              39.879873
            ],
            [
              -105.083824,
              39.880047
            ],
            [
              -105.083826,
              39.880047
            ],
            [
              -105.084092,
              39.880047
            ],
            [
              -105.084092,
              39.880047
            ],
            [
              -105.084761,
              39.880044
            ],
            [
              -105.084761,
              39.880046
            ],
            [
              -105.084753,
              39.88031
            ],
            [
              -105.084756,
              39.88031
            ],
            [
              -105.08525,
              39.880442
            ],
            [
              -105.085251,
              39.880421
            ],
            [
              -105.086976,
              39.880807
            ],
            [
              -105.087241,
              39.880571
            ],
            [
              -105.087231,
              39.880559
            ],
            [
              -105.088998,
              39.878986
            ],
            [
              -105.089,
              39.878984
            ],
            [
              -105.088593,
              39.878983
            ],
            [
              -105.088591,
              39.878983
            ],
            [
              -105.088594,
              39.878114
            ],
            [
              -105.090615,
              39.878085
            ],
            [
              -105.090681,
              39.87802
            ],
            [
              -105.090749,
              39.877951
            ],
            [
              -105.090816,
              39.87788
            ],
            [
              -105.09088,
              39.87781
            ],
            [
              -105.090944,
              39.877738
            ],
            [
              -105.091005,
              39.877665
            ],
            [
              -105.091065,
              39.877592
            ],
            [
              -105.091123,
              39.877518
            ],
            [
              -105.09118,
              39.877443
            ],
            [
              -105.091235,
              39.877367
            ],
            [
              -105.091288,
              39.877291
            ],
            [
              -105.091339,
              39.877213
            ],
            [
              -105.091389,
              39.877136
            ],
            [
              -105.091436,
              39.877057
            ],
            [
              -105.091482,
              39.876978
            ],
            [
              -105.091527,
              39.876898
            ],
            [
              -105.091569,
              39.876818
            ],
            [
              -105.09161,
              39.876737
            ],
            [
              -105.091649,
              39.876656
            ],
            [
              -105.091685,
              39.876574
            ],
            [
              -105.09172,
              39.876491
            ],
            [
              -105.091754,
              39.876409
            ],
            [
              -105.091785,
              39.876325
            ],
            [
              -105.091814,
              39.876242
            ],
            [
              -105.091842,
              39.876158
            ],
            [
              -105.091867,
              39.876073
            ],
            [
              -105.091891,
              39.875988
            ],
            [
              -105.091913,
              39.875903
            ],
            [
              -105.091933,
              39.875818
            ],
            [
              -105.091951,
              39.875732
            ],
            [
              -105.091967,
              39.875647
            ],
            [
              -105.091981,
              39.875561
            ],
            [
              -105.091993,
              39.875474
            ],
            [
              -105.092003,
              39.875388
            ],
            [
              -105.092011,
              39.875302
            ],
            [
              -105.092017,
              39.875215
            ],
            [
              -105.092021,
              39.875128
            ],
            [
              -105.092024,
              39.875042
            ],
            [
              -105.092024,
              39.874955
            ],
            [
              -105.092022,
              39.874868
            ],
            [
              -105.092019,
              39.874782
            ],
            [
              -105.092013,
              39.874695
            ],
            [
              -105.092005,
              39.874609
            ],
            [
              -105.091996,
              39.874522
            ],
            [
              -105.091984,
              39.874436
            ],
            [
              -105.091971,
              39.87435
            ],
            [
              -105.091956,
              39.874264
            ],
            [
              -105.091938,
              39.874178
            ],
            [
              -105.091919,
              39.874093
            ],
            [
              -105.091898,
              39.874008
            ],
            [
              -105.091875,
              39.873923
            ],
            [
              -105.09185,
              39.873838
            ],
            [
              -105.091823,
              39.873754
            ],
            [
              -105.091794,
              39.87367
            ],
            [
              -105.091763,
              39.873587
            ],
            [
              -105.091731,
              39.873504
            ],
            [
              -105.091696,
              39.873421
            ],
            [
              -105.09166,
              39.873339
            ],
            [
              -105.091622,
              39.873258
            ],
            [
              -105.091582,
              39.873177
            ],
            [
              -105.09154,
              39.873096
            ],
            [
              -105.091496,
              39.873016
            ],
            [
              -105.091451,
              39.872937
            ],
            [
              -105.091403,
              39.872858
            ],
            [
              -105.091354,
              39.87278
            ],
            [
              -105.091303,
              39.872703
            ],
            [
              -105.091251,
              39.872626
            ],
            [
              -105.091196,
              39.872551
            ],
            [
              -105.091141,
              39.872475
            ],
            [
              -105.091083,
              39.872401
            ],
            [
              -105.091023,
              39.872327
            ],
            [
              -105.091015,
              39.870991
            ],
            [
              -105.096534,
              39.871003
            ],
            [
              -105.096524,
              39.870869
            ],
            [
              -105.096536,
              39.870733
            ],
            [
              -105.096563,
              39.870619
            ],
            [
              -105.096594,
              39.870533
            ],
            [
              -105.096686,
              39.870357
            ],
            [
              -105.096849,
              39.870168
            ],
            [
              -105.096976,
              39.870065
            ],
            [
              -105.097091,
              39.869988
            ],
            [
              -105.097228,
              39.8699
            ],
            [
              -105.097368,
              39.869811
            ],
            [
              -105.097548,
              39.869694
            ],
            [
              -105.097645,
              39.869637
            ],
            [
              -105.097874,
              39.869847
            ],
            [
              -105.09799,
              39.869952
            ],
            [
              -105.098106,
              39.870056
            ],
            [
              -105.098221,
              39.870161
            ],
            [
              -105.098337,
              39.870265
            ],
            [
              -105.098452,
              39.87037
            ],
            [
              -105.098568,
              39.870474
            ],
            [
              -105.098683,
              39.870578
            ],
            [
              -105.098799,
              39.870683
            ],
            [
              -105.098915,
              39.870787
            ],
            [
              -105.09903,
              39.870892
            ],
            [
              -105.099146,
              39.870996
            ],
            [
              -105.099262,
              39.871101
            ],
            [
              -105.099377,
              39.871205
            ],
            [
              -105.099493,
              39.871309
            ],
            [
              -105.099608,
              39.871414
            ],
            [
              -105.099724,
              39.871518
            ],
            [
              -105.09984,
              39.871623
            ],
            [
              -105.099955,
              39.871727
            ],
            [
              -105.100071,
              39.871832
            ],
            [
              -105.100186,
              39.871936
            ],
            [
              -105.100302,
              39.87204
            ],
            [
              -105.100418,
              39.872145
            ],
            [
              -105.100533,
              39.872249
            ],
            [
              -105.100627,
              39.872335
            ],
            [
              -105.100773,
              39.872256
            ],
            [
              -105.100919,
              39.872177
            ],
            [
              -105.101065,
              39.872098
            ],
            [
              -105.101211,
              39.872019
            ],
            [
              -105.101357,
              39.871941
            ],
            [
              -105.101503,
              39.871862
            ],
            [
              -105.101649,
              39.871783
            ],
            [
              -105.101795,
              39.871704
            ],
            [
              -105.10194,
              39.871626
            ],
            [
              -105.102086,
              39.871547
            ],
            [
              -105.102232,
              39.871468
            ],
            [
              -105.102378,
              39.871389
            ],
            [
              -105.102524,
              39.871311
            ],
            [
              -105.10267,
              39.871232
            ],
            [
              -105.102816,
              39.871153
            ],
            [
              -105.102962,
              39.871074
            ],
            [
              -105.103107,
              39.870995
            ],
            [
              -105.103253,
              39.870917
            ],
            [
              -105.103399,
              39.870838
            ],
            [
              -105.103545,
              39.870759
            ],
            [
              -105.103691,
              39.87068
            ],
            [
              -105.103837,
              39.870602
            ],
            [
              -105.103983,
              39.870523
            ],
            [
              -105.104129,
              39.870444
            ],
            [
              -105.104275,
              39.870365
            ],
            [
              -105.10442,
              39.870286
            ],
            [
              -105.104566,
              39.870208
            ],
            [
              -105.104712,
              39.870129
            ],
            [
              -105.104858,
              39.87005
            ],
            [
              -105.105004,
              39.869971
            ],
            [
              -105.10515,
              39.869893
            ],
            [
              -105.105296,
              39.869814
            ],
            [
              -105.105442,
              39.869735
            ],
            [
              -105.105587,
              39.869656
            ],
            [
              -105.105733,
              39.869577
            ],
            [
              -105.105879,
              39.869499
            ],
            [
              -105.106025,
              39.86942
            ],
            [
              -105.106171,
              39.869341
            ],
            [
              -105.106317,
              39.869262
            ],
            [
              -105.106463,
              39.869184
            ],
            [
              -105.106612,
              39.869103
            ],
            [
              -105.106617,
              39.868964
            ],
            [
              -105.106617,
              39.868826
            ],
            [
              -105.106618,
              39.868689
            ],
            [
              -105.106619,
              39.868552
            ],
            [
              -105.10662,
              39.868415
            ],
            [
              -105.106621,
              39.868277
            ],
            [
              -105.106621,
              39.86814
            ],
            [
              -105.106622,
              39.868003
            ],
            [
              -105.106623,
              39.867866
            ],
            [
              -105.106624,
              39.867728
            ],
            [
              -105.106625,
              39.867591
            ],
            [
              -105.106625,
              39.867454
            ],
            [
              -105.106626,
              39.867316
            ],
            [
              -105.106627,
              39.867179
            ],
            [
              -105.106628,
              39.867042
            ],
            [
              -105.106628,
              39.866905
            ],
            [
              -105.106629,
              39.866767
            ],
            [
              -105.10663,
              39.86663
            ],
            [
              -105.106631,
              39.866493
            ],
            [
              -105.106632,
              39.866356
            ],
            [
              -105.106632,
              39.866218
            ],
            [
              -105.106633,
              39.866081
            ],
            [
              -105.106634,
              39.865944
            ],
            [
              -105.106635,
              39.865807
            ],
            [
              -105.106636,
              39.865669
            ],
            [
              -105.106636,
              39.865532
            ],
            [
              -105.106637,
              39.865395
            ],
            [
              -105.106638,
              39.865258
            ],
            [
              -105.106639,
              39.86512
            ],
            [
              -105.10664,
              39.864983
            ],
            [
              -105.10664,
              39.864846
            ],
            [
              -105.106641,
              39.864709
            ],
            [
              -105.106642,
              39.864571
            ],
            [
              -105.106643,
              39.864434
            ],
            [
              -105.106643,
              39.864297
            ],
            [
              -105.106644,
              39.864159
            ],
            [
              -105.106645,
              39.864022
            ],
            [
              -105.106646,
              39.863885
            ],
            [
              -105.106647,
              39.863748
            ],
            [
              -105.106647,
              39.863728
            ],
            [
              -105.126745,
              39.863768
            ],
            [
              -105.145315,
              39.863888
            ],
            [
              -105.147598,
              39.863902
            ],
            [
              -105.1476,
              39.863078
            ],
            [
              -105.148013,
              39.863078
            ],
            [
              -105.149134,
              39.863077
            ],
            [
              -105.149134,
              39.863626
            ],
            [
              -105.153113,
              39.863417
            ],
            [
              -105.153115,
              39.863706
            ],
            [
              -105.153036,
              39.863709
            ],
            [
              -105.153036,
              39.864627
            ],
            [
              -105.152681,
              39.86464
            ],
            [
              -105.152681,
              39.865601
            ],
            [
              -105.152324,
              39.865601
            ],
            [
              -105.152325,
              39.867369
            ],
            [
              -105.147776,
              39.867531
            ],
            [
              -105.147753,
              39.869767
            ],
            [
              -105.149121,
              39.871058
            ],
            [
              -105.161043,
              39.87065
            ],
            [
              -105.165297,
              39.870503
            ],
            [
              -105.165325,
              39.87438
            ],
            [
              -105.165352,
              39.878954
            ],
            [
              -105.165389,
              39.88522
            ],
            [
              -105.165238,
              39.885225
            ],
            [
              -105.165255,
              39.887545
            ],
            [
              -105.165362,
              39.887541
            ],
            [
              -105.165387,
              39.890995
            ],
            [
              -105.165137,
              39.891
            ],
            [
              -105.165139,
              39.891237
            ],
            [
              -105.16491,
              39.891214
            ],
            [
              -105.147526,
              39.88951
            ],
            [
              -105.147527,
              39.889394
            ],
            [
              -105.147419,
              39.889394
            ],
            [
              -105.14742,
              39.88928
            ],
            [
              -105.13686,
              39.889214
            ],
            [
              -105.136744,
              39.889212
            ],
            [
              -105.134517,
              39.889198
            ],
            [
              -105.134516,
              39.889198
            ],
            [
              -105.134519,
              39.8892
            ],
            [
              -105.134605,
              39.889257
            ],
            [
              -105.134605,
              39.889258
            ],
            [
              -105.134547,
              39.889751
            ],
            [
              -105.134508,
              39.88975
            ],
            [
              -105.13443,
              39.889751
            ],
            [
              -105.134391,
              39.889754
            ],
            [
              -105.134353,
              39.889758
            ],
            [
              -105.134314,
              39.889765
            ],
            [
              -105.134277,
              39.889773
            ],
            [
              -105.13424,
              39.889782
            ],
            [
              -105.134204,
              39.889793
            ],
            [
              -105.134168,
              39.889805
            ],
            [
              -105.134134,
              39.889819
            ],
            [
              -105.1341,
              39.889835
            ],
            [
              -105.134068,
              39.889852
            ],
            [
              -105.134037,
              39.88987
            ],
            [
              -105.134007,
              39.889889
            ],
            [
              -105.133979,
              39.88991
            ],
            [
              -105.133952,
              39.889931
            ],
            [
              -105.133927,
              39.889954
            ],
            [
              -105.133926,
              39.889955
            ],
            [
              -105.133903,
              39.889978
            ],
            [
              -105.133881,
              39.890003
            ],
            [
              -105.133861,
              39.890029
            ],
            [
              -105.133686,
              39.890302
            ],
            [
              -105.133684,
              39.890304
            ],
            [
              -105.133674,
              39.890321
            ],
            [
              -105.133647,
              39.890365
            ],
            [
              -105.133622,
              39.890412
            ],
            [
              -105.1336,
              39.890458
            ],
            [
              -105.133579,
              39.890505
            ],
            [
              -105.133561,
              39.890552
            ],
            [
              -105.133544,
              39.8906
            ],
            [
              -105.13353,
              39.890648
            ],
            [
              -105.133517,
              39.890697
            ],
            [
              -105.133507,
              39.890746
            ],
            [
              -105.133061,
              39.890758
            ],
            [
              -105.132657,
              39.890707
            ],
            [
              -105.132572,
              39.890758
            ],
            [
              -105.132552,
              39.890743
            ],
            [
              -105.13255,
              39.890741
            ],
            [
              -105.132535,
              39.890731
            ],
            [
              -105.132532,
              39.890729
            ],
            [
              -105.132618,
              39.890634
            ],
            [
              -105.132278,
              39.89
            ],
            [
              -105.132277,
              39.889999
            ],
            [
              -105.131845,
              39.889827
            ],
            [
              -105.131842,
              39.889826
            ],
            [
              -105.131858,
              39.889786
            ],
            [
              -105.132246,
              39.88994
            ],
            [
              -105.132543,
              39.889188
            ],
            [
              -105.132543,
              39.889186
            ],
            [
              -105.132095,
              39.889184
            ],
            [
              -105.131458,
              39.88918
            ],
            [
              -105.131136,
              39.889997
            ],
            [
              -105.13072,
              39.890278
            ],
            [
              -105.130268,
              39.890584
            ],
            [
              -105.130222,
              39.890547
            ],
            [
              -105.130222,
              39.890546
            ],
            [
              -105.13022,
              39.890545
            ],
            [
              -105.130168,
              39.890509
            ],
            [
              -105.130112,
              39.890477
            ],
            [
              -105.130055,
              39.89045
            ],
            [
              -105.129993,
              39.890425
            ],
            [
              -105.129929,
              39.890405
            ],
            [
              -105.129863,
              39.890388
            ],
            [
              -105.129795,
              39.890376
            ],
            [
              -105.129728,
              39.890369
            ],
            [
              -105.12966,
              39.890366
            ],
            [
              -105.128952,
              39.890359
            ],
            [
              -105.128952,
              39.890361
            ],
            [
              -105.128949,
              39.893002
            ],
            [
              -105.128943,
              39.894652
            ],
            [
              -105.1288,
              39.894651
            ],
            [
              -105.128752,
              39.901579
            ],
            [
              -105.128663,
              39.906425
            ],
            [
              -105.12845,
              39.906423
            ],
            [
              -105.127818,
              39.907133
            ],
            [
              -105.127815,
              39.907138
            ],
            [
              -105.124349,
              39.907139
            ],
            [
              -105.123354,
              39.907074
            ],
            [
              -105.122792,
              39.906951
            ],
            [
              -105.122113,
              39.906736
            ]
          ],
          [
            [
              -105.082384,
              39.893457
            ],
            [
              -105.082377,
              39.892608
            ],
            [
              -105.082377,
              39.892606
            ],
            [
              -105.082379,
              39.892539
            ],
            [
              -105.081377,
              39.892539
            ],
            [
              -105.081267,
              39.892539
            ],
            [
              -105.081267,
              39.892539
            ],
            [
              -105.081246,
              39.894237
            ],
            [
              -105.081248,
              39.894237
            ],
            [
              -105.081281,
              39.894237
            ],
            [
              -105.081282,
              39.894184
            ],
            [
              -105.08236,
              39.894184
            ],
            [
              -105.082383,
              39.893466
            ],
            [
              -105.082384,
              39.893457
            ]
          ],
          [
            [
              -105.089842,
              39.892611
            ],
            [
              -105.089818,
              39.893469
            ],
            [
              -105.089821,
              39.893469
            ],
            [
              -105.090898,
              39.89347
            ],
            [
              -105.090903,
              39.89347
            ],
            [
              -105.090904,
              39.893408
            ],
            [
              -105.090983,
              39.893408
            ],
            [
              -105.092679,
              39.893421
            ],
            [
              -105.092674,
              39.892639
            ],
            [
              -105.092674,
              39.892637
            ],
            [
              -105.090921,
              39.892612
            ],
            [
              -105.089842,
              39.892611
            ]
          ],
          [
            [
              -105.088851,
              39.892613
            ],
            [
              -105.088851,
              39.892611
            ],
            [
              -105.088836,
              39.892611
            ],
            [
              -105.088528,
              39.892611
            ],
            [
              -105.086868,
              39.89261
            ],
            [
              -105.086868,
              39.892612
            ],
            [
              -105.086843,
              39.893433
            ],
            [
              -105.086842,
              39.893456
            ],
            [
              -105.086842,
              39.893468
            ],
            [
              -105.086842,
              39.893469
            ],
            [
              -105.088827,
              39.893471
            ],
            [
              -105.088827,
              39.893469
            ],
            [
              -105.088851,
              39.892613
            ]
          ],
          [
            [
              -105.086373,
              39.892612
            ],
            [
              -105.086373,
              39.89261
            ],
            [
              -105.085384,
              39.892609
            ],
            [
              -105.085384,
              39.892623
            ],
            [
              -105.085384,
              39.893467
            ],
            [
              -105.085386,
              39.893467
            ],
            [
              -105.086347,
              39.893468
            ],
            [
              -105.086347,
              39.893468
            ],
            [
              -105.086347,
              39.893454
            ],
            [
              -105.086373,
              39.892612
            ]
          ],
          [
            [
              -105.081724,
              39.892456
            ],
            [
              -105.082093,
              39.892448
            ],
            [
              -105.082264,
              39.892445
            ],
            [
              -105.082263,
              39.89239
            ],
            [
              -105.084116,
              39.89237
            ],
            [
              -105.084116,
              39.892372
            ],
            [
              -105.084116,
              39.892425
            ],
            [
              -105.084118,
              39.892425
            ],
            [
              -105.08482,
              39.892417
            ],
            [
              -105.08482,
              39.892419
            ],
            [
              -105.084818,
              39.892458
            ],
            [
              -105.084819,
              39.892458
            ],
            [
              -105.08482,
              39.892458
            ],
            [
              -105.086136,
              39.892459
            ],
            [
              -105.086233,
              39.889034
            ],
            [
              -105.08845,
              39.889013
            ],
            [
              -105.08845,
              39.888891
            ],
            [
              -105.086294,
              39.88888
            ],
            [
              -105.086318,
              39.887803
            ],
            [
              -105.087102,
              39.887808
            ],
            [
              -105.087118,
              39.88715
            ],
            [
              -105.088604,
              39.88716
            ],
            [
              -105.088557,
              39.888892
            ],
            [
              -105.088452,
              39.888891
            ],
            [
              -105.088451,
              39.889013
            ],
            [
              -105.090478,
              39.888992
            ],
            [
              -105.090492,
              39.889847
            ],
            [
              -105.09099,
              39.889857
            ],
            [
              -105.090925,
              39.892461
            ],
            [
              -105.090927,
              39.892461
            ],
            [
              -105.093188,
              39.892494
            ],
            [
              -105.093222,
              39.890756
            ],
            [
              -105.093235,
              39.890757
            ],
            [
              -105.093254,
              39.889961
            ],
            [
              -105.094143,
              39.889947
            ],
            [
              -105.094144,
              39.889906
            ],
            [
              -105.094501,
              39.889909
            ],
            [
              -105.09452,
              39.888969
            ],
            [
              -105.09452,
              39.888967
            ],
            [
              -105.09339,
              39.888959
            ],
            [
              -105.093388,
              39.888959
            ],
            [
              -105.093423,
              39.887237
            ],
            [
              -105.093423,
              39.887235
            ],
            [
              -105.092552,
              39.887224
            ],
            [
              -105.09251,
              39.888911
            ],
            [
              -105.091893,
              39.888909
            ],
            [
              -105.091891,
              39.888909
            ],
            [
              -105.091915,
              39.88794
            ],
            [
              -105.091915,
              39.887938
            ],
            [
              -105.091041,
              39.887935
            ],
            [
              -105.091038,
              39.887935
            ],
            [
              -105.091057,
              39.887206
            ],
            [
              -105.091057,
              39.887204
            ],
            [
              -105.091103,
              39.885359
            ],
            [
              -105.091103,
              39.885357
            ],
            [
              -105.086297,
              39.885339
            ],
            [
              -105.08628,
              39.885897
            ],
            [
              -105.085552,
              39.885895
            ],
            [
              -105.084855,
              39.88591
            ],
            [
              -105.084853,
              39.88591
            ],
            [
              -105.08485,
              39.885328
            ],
            [
              -105.08485,
              39.885326
            ],
            [
              -105.082766,
              39.885305
            ],
            [
              -105.082335,
              39.885702
            ],
            [
              -105.082335,
              39.885702
            ],
            [
              -105.081905,
              39.885318
            ],
            [
              -105.081903,
              39.885316
            ],
            [
              -105.081755,
              39.885442
            ],
            [
              -105.082006,
              39.885651
            ],
            [
              -105.081458,
              39.886146
            ],
            [
              -105.079766,
              39.887663
            ],
            [
              -105.07973,
              39.887695
            ],
            [
              -105.078804,
              39.888525
            ],
            [
              -105.0789,
              39.888525
            ],
            [
              -105.078905,
              39.888525
            ],
            [
              -105.079075,
              39.888524
            ],
            [
              -105.079833,
              39.888518
            ],
            [
              -105.081102,
              39.888509
            ],
            [
              -105.081102,
              39.888511
            ],
            [
              -105.081102,
              39.888512
            ],
            [
              -105.081102,
              39.888514
            ],
            [
              -105.081082,
              39.888932
            ],
            [
              -105.081038,
              39.889884
            ],
            [
              -105.081036,
              39.88993
            ],
            [
              -105.081029,
              39.890083
            ],
            [
              -105.081026,
              39.890157
            ],
            [
              -105.081027,
              39.890158
            ],
            [
              -105.081126,
              39.89016
            ],
            [
              -105.081127,
              39.89016
            ],
            [
              -105.081415,
              39.890165
            ],
            [
              -105.081568,
              39.89029
            ],
            [
              -105.081569,
              39.890292
            ],
            [
              -105.081554,
              39.891239
            ],
            [
              -105.081537,
              39.892347
            ],
            [
              -105.081744,
              39.892347
            ],
            [
              -105.081725,
              39.89245
            ],
            [
              -105.081725,
              39.892452
            ],
            [
              -105.081724,
              39.892456
            ]
          ],
          [
            [
              -105.082861,
              39.884431
            ],
            [
              -105.084064,
              39.883356
            ],
            [
              -105.084065,
              39.883359
            ],
            [
              -105.084121,
              39.884109
            ],
            [
              -105.084264,
              39.884212
            ],
            [
              -105.084266,
              39.884211
            ],
            [
              -105.086287,
              39.883942
            ],
            [
              -105.086507,
              39.883912
            ],
            [
              -105.088818,
              39.884164
            ],
            [
              -105.089152,
              39.884113
            ],
            [
              -105.089152,
              39.884113
            ],
            [
              -105.089138,
              39.881784
            ],
            [
              -105.089138,
              39.881782
            ],
            [
              -105.088474,
              39.881779
            ],
            [
              -105.086906,
              39.88177
            ],
            [
              -105.086748,
              39.881769
            ],
            [
              -105.086744,
              39.881769
            ],
            [
              -105.086793,
              39.881725
            ],
            [
              -105.086794,
              39.881725
            ],
            [
              -105.086311,
              39.881403
            ],
            [
              -105.086309,
              39.881402
            ],
            [
              -105.086389,
              39.88133
            ],
            [
              -105.086391,
              39.881328
            ],
            [
              -105.084731,
              39.881331
            ],
            [
              -105.084728,
              39.881331
            ],
            [
              -105.084743,
              39.880758
            ],
            [
              -105.084743,
              39.880757
            ],
            [
              -105.0831,
              39.880319
            ],
            [
              -105.083106,
              39.880677
            ],
            [
              -105.082433,
              39.880681
            ],
            [
              -105.081439,
              39.880683
            ],
            [
              -105.081438,
              39.880683
            ],
            [
              -105.081416,
              39.881679
            ],
            [
              -105.081416,
              39.881679
            ],
            [
              -105.081419,
              39.881679
            ],
            [
              -105.081424,
              39.88168
            ],
            [
              -105.082078,
              39.881679
            ],
            [
              -105.082078,
              39.881681
            ],
            [
              -105.082071,
              39.882009
            ],
            [
              -105.081458,
              39.882009
            ],
            [
              -105.081417,
              39.882009
            ],
            [
              -105.081409,
              39.88201
            ],
            [
              -105.081409,
              39.88202
            ],
            [
              -105.081386,
              39.883053
            ],
            [
              -105.081403,
              39.883088
            ],
            [
              -105.081404,
              39.883088
            ],
            [
              -105.081426,
              39.883132
            ],
            [
              -105.081427,
              39.883132
            ],
            [
              -105.08244,
              39.88313
            ],
            [
              -105.08244,
              39.883132
            ],
            [
              -105.082429,
              39.883567
            ],
            [
              -105.081642,
              39.883569
            ],
            [
              -105.08153,
              39.883569
            ],
            [
              -105.081528,
              39.883569
            ],
            [
              -105.081493,
              39.883499
            ],
            [
              -105.081491,
              39.883494
            ],
            [
              -105.08149,
              39.883531
            ],
            [
              -105.08117,
              39.883528
            ],
            [
              -105.081156,
              39.88457
            ],
            [
              -105.081158,
              39.88457
            ],
            [
              -105.081426,
              39.884571
            ],
            [
              -105.081462,
              39.884571
            ],
            [
              -105.08146,
              39.884454
            ],
            [
              -105.081487,
              39.884453
            ],
            [
              -105.082861,
              39.884431
            ]
          ],
          [
            [
              -105.081312,
              39.883363
            ],
            [
              -105.081175,
              39.883089
            ],
            [
              -105.081175,
              39.883088
            ],
            [
              -105.081174,
              39.883088
            ],
            [
              -105.080467,
              39.883086
            ],
            [
              -105.080464,
              39.883362
            ],
            [
              -105.080466,
              39.883362
            ],
            [
              -105.081172,
              39.883363
            ],
            [
              -105.081312,
              39.883363
            ]
          ],
          [
            [
              -105.147572,
              39.879098
            ],
            [
              -105.145909,
              39.879086
            ],
            [
              -105.145894,
              39.880367
            ],
            [
              -105.147557,
              39.880379
            ],
            [
              -105.147572,
              39.879098
            ]
          ],
          [
            [
              -105.144539,
              39.878421
            ],
            [
              -105.144254,
              39.878416
            ],
            [
              -105.144251,
              39.878642
            ],
            [
              -105.144536,
              39.878646
            ],
            [
              -105.144539,
              39.878421
            ]
          ],
          [
            [
              -105.148243,
              39.878249
            ],
            [
              -105.148251,
              39.876814
            ],
            [
              -105.147588,
              39.877027
            ],
            [
              -105.147589,
              39.876724
            ],
            [
              -105.147909,
              39.876681
            ],
            [
              -105.148147,
              39.876563
            ],
            [
              -105.148488,
              39.876298
            ],
            [
              -105.148667,
              39.876225
            ],
            [
              -105.148866,
              39.875684
            ],
            [
              -105.149176,
              39.875036
            ],
            [
              -105.149092,
              39.87505
            ],
            [
              -105.149307,
              39.874737
            ],
            [
              -105.14946,
              39.874736
            ],
            [
              -105.149339,
              39.874872
            ],
            [
              -105.149241,
              39.875027
            ],
            [
              -105.148745,
              39.876193
            ],
            [
              -105.149013,
              39.875956
            ],
            [
              -105.149832,
              39.875796
            ],
            [
              -105.149838,
              39.874725
            ],
            [
              -105.151048,
              39.874688
            ],
            [
              -105.151224,
              39.87478
            ],
            [
              -105.152265,
              39.874858
            ],
            [
              -105.152265,
              39.87465
            ],
            [
              -105.152268,
              39.871114
            ],
            [
              -105.152268,
              39.871112
            ],
            [
              -105.148577,
              39.871226
            ],
            [
              -105.147737,
              39.872396
            ],
            [
              -105.147726,
              39.873039
            ],
            [
              -105.147425,
              39.872947
            ],
            [
              -105.147367,
              39.878251
            ],
            [
              -105.147378,
              39.878251
            ],
            [
              -105.147381,
              39.878251
            ],
            [
              -105.147581,
              39.878254
            ],
            [
              -105.147582,
              39.878254
            ],
            [
              -105.148243,
              39.878249
            ]
          ],
          [
            [
              -105.164081,
              39.870709
            ],
            [
              -105.164094,
              39.872881
            ],
            [
              -105.165271,
              39.87284
            ],
            [
              -105.165258,
              39.870669
            ],
            [
              -105.164081,
              39.870709
            ]
          ]
        ]
      }
    },
    {
      "type": "Feature",
      "properties": {
        "District": 1,
        "Name": "District 1",
        "Code": "WFD1",
        "Station": "Station 1"
      },
      "geometry": {
        "type": "Polygon",
        "coordinates": [
          [
            [
              -105.023117,
              39.820126
            ],
            [
              -105.024712,
              39.820916
            ],
            [
              -105.024715,
              39.820806
            ],
            [
              -105.023183,
              39.820048
            ],
            [
              -105.023117,
              39.820126
            ],
            [
              -105.022405,
              39.819774
            ],
            [
              -105.022295,
              39.819765
            ],
            [
              -105.021709,
              39.819717
            ],
            [
              -105.021509,
              39.819618
            ],
            [
              -105.021316,
              39.819523
            ],
            [
              -105.02088,
              39.81915
            ],
            [
              -105.019735,
              39.818583
            ],
            [
              -105.019737,
              39.818454
            ],
            [
              -105.020026,
              39.818107
            ],
            [
              -105.02139,
              39.818782
            ],
            [
              -105.024583,
              39.820362
            ],
            [
              -105.024592,
              39.819988
            ],
            [
              -105.024667,
              39.81983
            ],
            [
              -105.024669,
              39.819759
            ],
            [
              -105.024418,
              39.819614
            ],
            [
              -105.023781,
              39.819601
            ],
            [
              -105.023785,
              39.819484
            ],
            [
              -105.025462,
              39.819483
            ],
            [
              -105.025525,
              39.819678
            ],
            [
              -105.025572,
              39.819993
            ],
            [
              -105.025801,
              39.819993
            ],
            [
              -105.025802,
              39.819856
            ],
            [
              -105.026517,
              39.819857
            ],
            [
              -105.026516,
              39.819994
            ],
            [
              -105.02917,
              39.819998
            ],
            [
              -105.029169,
              39.820031
            ],
            [
              -105.029143,
              39.821236
            ],
            [
              -105.029714,
              39.821237
            ],
            [
              -105.02977,
              39.821381
            ],
            [
              -105.029966,
              39.821388
            ],
            [
              -105.030108,
              39.821388
            ],
            [
              -105.030336,
              39.821388
            ],
            [
              -105.030325,
              39.821809
            ],
            [
              -105.030664,
              39.821969
            ],
            [
              -105.030835,
              39.821969
            ],
            [
              -105.03103,
              39.82203
            ],
            [
              -105.033861,
              39.822058
            ],
            [
              -105.034221,
              39.822059
            ],
            [
              -105.034546,
              39.82206
            ],
            [
              -105.034608,
              39.822061
            ],
            [
              -105.034608,
              39.821986
            ],
            [
              -105.034572,
              39.821985
            ],
            [
              -105.034598,
              39.820801
            ],
            [
              -105.034633,
              39.820802
            ],
            [
              -105.034648,
              39.820114
            ],
            [
              -105.035386,
              39.820113
            ],
            [
              -105.035388,
              39.819988
            ],
            [
              -105.035407,
              39.819263
            ],
            [
              -105.035409,
              39.819194
            ],
            [
              -105.038107,
              39.819188
            ],
            [
              -105.038846,
              39.819553
            ],
            [
              -105.038862,
              39.819546
            ],
            [
              -105.038926,
              39.81955
            ],
            [
              -105.038995,
              39.819634
            ],
            [
              -105.038994,
              39.819481
            ],
            [
              -105.043911,
              39.81947
            ],
            [
              -105.043914,
              39.820065
            ],
            [
              -105.053102,
              39.820042
            ],
            [
              -105.053102,
              39.820055
            ],
            [
              -105.053106,
              39.823663
            ],
            [
              -105.05349,
              39.823664
            ],
            [
              -105.056665,
              39.823666
            ],
            [
              -105.062673,
              39.82367
            ],
            [
              -105.062688,
              39.827141
            ],
            [
              -105.062675,
              39.827286
            ],
            [
              -105.072082,
              39.827258
            ],
            [
              -105.072127,
              39.830896
            ],
            [
              -105.072119,
              39.830905
            ],
            [
              -105.062706,
              39.830901
            ],
            [
              -105.062723,
              39.834529
            ],
            [
              -105.06274,
              39.838181
            ],
            [
              -105.062375,
              39.838179
            ],
            [
              -105.062135,
              39.838163
            ],
            [
              -105.062136,
              39.837614
            ],
            [
              -105.062136,
              39.83759
            ],
            [
              -105.062135,
              39.837566
            ],
            [
              -105.062134,
              39.837542
            ],
            [
              -105.062132,
              39.837518
            ],
            [
              -105.06213,
              39.837494
            ],
            [
              -105.062127,
              39.837471
            ],
            [
              -105.062123,
              39.837447
            ],
            [
              -105.062119,
              39.837423
            ],
            [
              -105.062115,
              39.837399
            ],
            [
              -105.06211,
              39.837376
            ],
            [
              -105.062104,
              39.837352
            ],
            [
              -105.062098,
              39.837329
            ],
            [
              -105.062091,
              39.837305
            ],
            [
              -105.062084,
              39.837282
            ],
            [
              -105.062076,
              39.837259
            ],
            [
              -105.062068,
              39.837236
            ],
            [
              -105.062059,
              39.837213
            ],
            [
              -105.06205,
              39.83719
            ],
            [
              -105.06204,
              39.837167
            ],
            [
              -105.06203,
              39.837145
            ],
            [
              -105.062019,
              39.837122
            ],
            [
              -105.062008,
              39.8371
            ],
            [
              -105.061996,
              39.837078
            ],
            [
              -105.061984,
              39.837056
            ],
            [
              -105.061971,
              39.837034
            ],
            [
              -105.061957,
              39.837012
            ],
            [
              -105.061944,
              39.836991
            ],
            [
              -105.061929,
              39.83697
            ],
            [
              -105.061915,
              39.836948
            ],
            [
              -105.061913,
              39.836931
            ],
            [
              -105.06191,
              39.836927
            ],
            [
              -105.061899,
              39.836927
            ],
            [
              -105.061882,
              39.836927
            ],
            [
              -105.061384,
              39.836927
            ],
            [
              -105.060892,
              39.836926
            ],
            [
              -105.060889,
              39.838161
            ],
            [
              -105.058389,
              39.838158
            ],
            [
              -105.056806,
              39.838156
            ],
            [
              -105.056803,
              39.839933
            ],
            [
              -105.055395,
              39.83993
            ],
            [
              -105.054084,
              39.839928
            ],
            [
              -105.053428,
              39.839927
            ],
            [
              -105.05325,
              39.839927
            ],
            [
              -105.053243,
              39.841697
            ],
            [
              -105.053239,
              39.841779
            ],
            [
              -105.053232,
              39.843205
            ],
            [
              -105.05323,
              39.843593
            ],
            [
              -105.053229,
              39.84382
            ],
            [
              -105.053224,
              39.845406
            ],
            [
              -105.053223,
              39.845701
            ],
            [
              -105.053218,
              39.846615
            ],
            [
              -105.053215,
              39.847222
            ],
            [
              -105.053212,
              39.847902
            ],
            [
              -105.053207,
              39.848964
            ],
            [
              -105.053206,
              39.849033
            ],
            [
              -105.053206,
              39.849139
            ],
            [
              -105.053205,
              39.849818
            ],
            [
              -105.053204,
              39.850376
            ],
            [
              -105.053202,
              39.851091
            ],
            [
              -105.049054,
              39.851035
            ],
            [
              -105.049053,
              39.851035
            ],
            [
              -105.048866,
              39.851033
            ],
            [
              -105.048605,
              39.851162
            ],
            [
              -105.048603,
              39.85116
            ],
            [
              -105.04848,
              39.851036
            ],
            [
              -105.04848,
              39.850827
            ],
            [
              -105.048407,
              39.850757
            ],
            [
              -105.047926,
              39.850271
            ],
            [
              -105.046912,
              39.849273
            ],
            [
              -105.04558,
              39.84798
            ],
            [
              -105.045027,
              39.847414
            ],
            [
              -105.044878,
              39.847505
            ],
            [
              -105.044812,
              39.84744
            ],
            [
              -105.04468,
              39.847311
            ],
            [
              -105.044518,
              39.847152
            ],
            [
              -105.044407,
              39.847043
            ],
            [
              -105.044228,
              39.846868
            ],
            [
              -105.04413,
              39.846773
            ],
            [
              -105.044088,
              39.84673
            ],
            [
              -105.043945,
              39.84659
            ],
            [
              -105.043814,
              39.846461
            ],
            [
              -105.043744,
              39.846392
            ],
            [
              -105.043542,
              39.846194
            ],
            [
              -105.043428,
              39.846082
            ],
            [
              -105.043404,
              39.846059
            ],
            [
              -105.043316,
              39.845972
            ],
            [
              -105.043095,
              39.845755
            ],
            [
              -105.042961,
              39.845623
            ],
            [
              -105.042754,
              39.845407
            ],
            [
              -105.042597,
              39.845261
            ],
            [
              -105.042508,
              39.84518
            ],
            [
              -105.042375,
              39.845051
            ],
            [
              -105.042116,
              39.844799
            ],
            [
              -105.041984,
              39.844671
            ],
            [
              -105.041828,
              39.844518
            ],
            [
              -105.04175,
              39.844443
            ],
            [
              -105.041657,
              39.844353
            ],
            [
              -105.041642,
              39.844317
            ],
            [
              -105.041626,
              39.844271
            ],
            [
              -105.041608,
              39.844252
            ],
            [
              -105.0415,
              39.84414
            ],
            [
              -105.041402,
              39.844044
            ],
            [
              -105.041273,
              39.843918
            ],
            [
              -105.041106,
              39.843754
            ],
            [
              -105.040996,
              39.843647
            ],
            [
              -105.04084,
              39.843495
            ],
            [
              -105.040738,
              39.843394
            ],
            [
              -105.040614,
              39.843273
            ],
            [
              -105.040502,
              39.843165
            ],
            [
              -105.04036,
              39.843026
            ],
            [
              -105.040158,
              39.842836
            ],
            [
              -105.039842,
              39.842541
            ],
            [
              -105.039781,
              39.842489
            ],
            [
              -105.039764,
              39.842475
            ],
            [
              -105.0397,
              39.842419
            ],
            [
              -105.039503,
              39.842446
            ],
            [
              -105.039262,
              39.842478
            ],
            [
              -105.038857,
              39.842514
            ],
            [
              -105.038414,
              39.842479
            ],
            [
              -105.037831,
              39.842312
            ],
            [
              -105.037641,
              39.842218
            ],
            [
              -105.037176,
              39.841986
            ],
            [
              -105.036919,
              39.841898
            ],
            [
              -105.036407,
              39.84182
            ],
            [
              -105.036357,
              39.841818
            ],
            [
              -105.035798,
              39.841818
            ],
            [
              -105.035267,
              39.841814
            ],
            [
              -105.034733,
              39.841812
            ],
            [
              -105.034298,
              39.841812
            ],
            [
              -105.033665,
              39.841812
            ],
            [
              -105.03312,
              39.841812
            ],
            [
              -105.032628,
              39.84181
            ],
            [
              -105.031935,
              39.841808
            ],
            [
              -105.031397,
              39.841807
            ],
            [
              -105.030994,
              39.841805
            ],
            [
              -105.030459,
              39.841804
            ],
            [
              -105.029925,
              39.841802
            ],
            [
              -105.029391,
              39.841801
            ],
            [
              -105.028857,
              39.841799
            ],
            [
              -105.028323,
              39.841797
            ],
            [
              -105.027789,
              39.841796
            ],
            [
              -105.027277,
              39.841794
            ],
            [
              -105.026635,
              39.841792
            ],
            [
              -105.026186,
              39.841791
            ],
            [
              -105.025652,
              39.841788
            ],
            [
              -105.025422,
              39.841786
            ],
            [
              -105.024896,
              39.841789
            ],
            [
              -105.024892,
              39.841704
            ],
            [
              -105.024701,
              39.8417
            ],
            [
              -105.024717,
              39.838164
            ],
            [
              -105.024361,
              39.838165
            ],
            [
              -105.024364,
              39.837784
            ],
            [
              -105.024101,
              39.837097
            ],
            [
              -105.02323,
              39.836241
            ],
            [
              -105.021931,
              39.83572
            ],
            [
              -105.020026,
              39.835168
            ],
            [
              -105.018004,
              39.83444
            ],
            [
              -105.015514,
              39.833716
            ],
            [
              -105.015422,
              39.833689
            ],
            [
              -105.015422,
              39.833516
            ],
            [
              -105.015421,
              39.833407
            ],
            [
              -105.015421,
              39.833293
            ],
            [
              -105.015421,
              39.833175
            ],
            [
              -105.015413,
              39.830823
            ],
            [
              -105.015449,
              39.827282
            ],
            [
              -105.01545,
              39.827207
            ],
            [
              -105.015452,
              39.827206
            ],
            [
              -105.01556,
              39.827206
            ],
            [
              -105.015658,
              39.822428
            ],
            [
              -105.016729,
              39.822363
            ],
            [
              -105.018197,
              39.822275
            ],
            [
              -105.018685,
              39.822282
            ],
            [
              -105.020299,
              39.822436
            ],
            [
              -105.021233,
              39.822526
            ],
            [
              -105.02147,
              39.822549
            ],
            [
              -105.021471,
              39.822549
            ],
            [
              -105.02148,
              39.82255
            ],
            [
              -105.021523,
              39.822555
            ],
            [
              -105.021526,
              39.822556
            ],
            [
              -105.021554,
              39.82256
            ],
            [
              -105.021586,
              39.822566
            ],
            [
              -105.021617,
              39.822573
            ],
            [
              -105.021648,
              39.82258
            ],
            [
              -105.021678,
              39.822589
            ],
            [
              -105.021708,
              39.822598
            ],
            [
              -105.021738,
              39.822608
            ],
            [
              -105.021767,
              39.822618
            ],
            [
              -105.021796,
              39.82263
            ],
            [
              -105.021824,
              39.822642
            ],
            [
              -105.021851,
              39.822655
            ],
            [
              -105.021878,
              39.822669
            ],
            [
              -105.021905,
              39.822683
            ],
            [
              -105.02193,
              39.822698
            ],
            [
              -105.021955,
              39.822714
            ],
            [
              -105.023036,
              39.823422
            ],
            [
              -105.023161,
              39.823493
            ],
            [
              -105.023165,
              39.823495
            ],
            [
              -105.02331,
              39.823556
            ],
            [
              -105.023314,
              39.823557
            ],
            [
              -105.023331,
              39.823563
            ],
            [
              -105.02336,
              39.823572
            ],
            [
              -105.0234,
              39.823584
            ],
            [
              -105.02343,
              39.823592
            ],
            [
              -105.02346,
              39.8236
            ],
            [
              -105.0235,
              39.823609
            ],
            [
              -105.023541,
              39.823616
            ],
            [
              -105.023572,
              39.823622
            ],
            [
              -105.024116,
              39.823645
            ],
            [
              -105.024361,
              39.823649
            ],
            [
              -105.024575,
              39.823652
            ],
            [
              -105.024858,
              39.823656
            ],
            [
              -105.024865,
              39.823381
            ],
            [
              -105.024875,
              39.822957
            ],
            [
              -105.024717,
              39.822151
            ],
            [
              -105.024716,
              39.822124
            ],
            [
              -105.023183,
              39.822101
            ],
            [
              -105.023203,
              39.821269
            ],
            [
              -105.022496,
              39.820925
            ],
            [
              -105.023117,
              39.820126
            ]
          ],
          [
            [
              -105.033496,
              39.822533
            ],
            [
              -105.033495,
              39.82258
            ],
            [
              -105.033863,
              39.822581
            ],
            [
              -105.03386,
              39.822713
            ],
            [
              -105.034308,
              39.822713
            ],
            [
              -105.034316,
              39.82237
            ],
            [
              -105.034319,
              39.822192
            ],
            [
              -105.033871,
              39.822191
            ],
            [
              -105.033503,
              39.82219
            ],
            [
              -105.033496,
              39.822533
            ]
          ]
        ]
      }
    },
    {
      "type": "Feature",
      "properties": {
        "District": 6,
        "Name": "District 6",
        "Code": "WFD6",
        "Station": "Station 6"
      },
      "geometry": {
        "type": "Polygon",
        "coordinates": [
          [
            [
              -105.015405,
              39.925332
            ],
            [
              -105.015405,
              39.925406
            ],
            [
              -105.015033,
              39.925533
            ],
            [
              -105.014673,
              39.925899
            ],
            [
              -105.0142,
              39.92638
            ],
            [
              -105.014174,
              39.926667
            ],
            [
              -105.01373,
              39.92716
            ],
            [
              -105.013698,
              39.927245
            ],
            [
              -105.013627,
              39.927431
            ],
            [
              -105.013426,
              39.927955
            ],
            [
              -105.013287,
              39.928145
            ],
            [
              -105.013212,
              39.928247
            ],
            [
              -105.012988,
              39.928441
            ],
            [
              -105.015384,
              39.928432
            ],
            [
              -105.015384,
              39.928515
            ],
            [
              -105.015488,
              39.928514
            ],
            [
              -105.015495,
              39.929382
            ],
            [
              -105.015497,
              39.929608
            ],
            [
              -105.015513,
              39.931421
            ],
            [
              -105.015515,
              39.931621
            ],
            [
              -105.015518,
              39.932118
            ],
            [
              -105.015546,
              39.935782
            ],
            [
              -105.015546,
              39.935809
            ],
            [
              -105.015615,
              39.939592
            ],
            [
              -105.015648,
              39.941417
            ],
            [
              -105.015665,
              39.942383
            ],
            [
              -105.015677,
              39.943023
            ],
            [
              -105.015675,
              39.943186
            ],
            [
              -105.006259,
              39.943185
            ],
            [
              -104.9971,
              39.9432
            ],
            [
              -104.997021,
              39.9432
            ],
            [
              -104.99703,
              39.94424
            ],
            [
              -104.997047,
              39.946231
            ],
            [
              -104.997055,
              39.947193
            ],
            [
              -104.997059,
              39.947585
            ],
            [
              -104.997062,
              39.947955
            ],
            [
              -104.998118,
              39.947958
            ],
            [
              -104.998115,
              39.94759
            ],
            [
              -104.998112,
              39.947198
            ],
            [
              -104.998109,
              39.946776
            ],
            [
              -104.998109,
              39.946767
            ],
            [
              -104.998523,
              39.94677
            ],
            [
              -105.006249,
              39.946825
            ],
            [
              -105.00625,
              39.946858
            ],
            [
              -105.006274,
              39.950342
            ],
            [
              -105.006274,
              39.950438
            ],
            [
              -105.006274,
              39.95044
            ],
            [
              -105.006307,
              39.950442
            ],
            [
              -105.010988,
              39.950474
            ],
            [
              -105.01099,
              39.951229
            ],
            [
              -105.01099,
              39.951345
            ],
            [
              -105.011411,
              39.95104
            ],
            [
              -105.012375,
              39.950446
            ],
            [
              -105.012528,
              39.950344
            ],
            [
              -105.012568,
              39.950355
            ],
            [
              -105.012886,
              39.950447
            ],
            [
              -105.013275,
              39.950559
            ],
            [
              -105.014514,
              39.951142
            ],
            [
              -105.015535,
              39.951644
            ],
            [
              -105.015669,
              39.951771
            ],
            [
              -105.015801,
              39.951903
            ],
            [
              -105.016605,
              39.952538
            ],
            [
              -105.016691,
              39.952644
            ],
            [
              -105.016852,
              39.952842
            ],
            [
              -105.01683,
              39.953117
            ],
            [
              -105.016685,
              39.95345
            ],
            [
              -105.016392,
              39.954122
            ],
            [
              -105.015776,
              39.95489
            ],
            [
              -105.015657,
              39.955039
            ],
            [
              -105.015559,
              39.955186
            ],
            [
              -105.012326,
              39.955748
            ],
            [
              -105.011678,
              39.956046
            ],
            [
              -105.011738,
              39.956287
            ],
            [
              -105.011638,
              39.956443
            ],
            [
              -105.013784,
              39.956338
            ],
            [
              -105.013825,
              39.956763
            ],
            [
              -105.01473,
              39.95671
            ],
            [
              -105.014705,
              39.956456
            ],
            [
              -105.014626,
              39.955649
            ],
            [
              -105.015535,
              39.955473
            ],
            [
              -105.015525,
              39.95646
            ],
            [
              -105.015519,
              39.957646
            ],
            [
              -105.015484,
              39.957645
            ],
            [
              -105.015484,
              39.957893
            ],
            [
              -105.013327,
              39.957885
            ],
            [
              -105.013326,
              39.95783
            ],
            [
              -105.011187,
              39.957822
            ],
            [
              -105.011187,
              39.957863
            ],
            [
              -105.010706,
              39.957862
            ],
            [
              -105.010705,
              39.957791
            ],
            [
              -105.009979,
              39.957787
            ],
            [
              -105.009989,
              39.95894
            ],
            [
              -105.009227,
              39.958936
            ],
            [
              -105.009136,
              39.958936
            ],
            [
              -105.009139,
              39.959201
            ],
            [
              -105.00914,
              39.959368
            ],
            [
              -105.009141,
              39.959508
            ],
            [
              -105.008669,
              39.959512
            ],
            [
              -105.008658,
              39.957784
            ],
            [
              -105.008658,
              39.957784
            ],
            [
              -105.006341,
              39.95778
            ],
            [
              -105.004003,
              39.95778
            ],
            [
              -105.004004,
              39.959757
            ],
            [
              -105.00516,
              39.959762
            ],
            [
              -105.005152,
              39.960689
            ],
            [
              -105.004025,
              39.960687
            ],
            [
              -105.004035,
              39.961299
            ],
            [
              -105.00635,
              39.961314
            ],
            [
              -105.006338,
              39.959503
            ],
            [
              -105.008669,
              39.959512
            ],
            [
              -105.008673,
              39.959998
            ],
            [
              -105.008691,
              39.962394
            ],
            [
              -105.008692,
              39.962417
            ],
            [
              -105.008701,
              39.96369
            ],
            [
              -105.008705,
              39.964144
            ],
            [
              -105.008711,
              39.964939
            ],
            [
              -105.006381,
              39.964933
            ],
            [
              -104.997364,
              39.964902
            ],
            [
              -104.997096,
              39.964901
            ],
            [
              -104.997119,
              39.968532
            ],
            [
              -104.988458,
              39.968487
            ],
            [
              -104.988373,
              39.968487
            ],
            [
              -104.988363,
              39.968487
            ],
            [
              -104.988328,
              39.968487
            ],
            [
              -104.988306,
              39.968486
            ],
            [
              -104.988006,
              39.968483
            ],
            [
              -104.988005,
              39.968483
            ],
            [
              -104.988001,
              39.968483
            ],
            [
              -104.988001,
              39.968461
            ],
            [
              -104.988002,
              39.968431
            ],
            [
              -104.988002,
              39.968429
            ],
            [
              -104.988003,
              39.968151
            ],
            [
              -104.988005,
              39.967721
            ],
            [
              -104.988007,
              39.967264
            ],
            [
              -104.988009,
              39.966806
            ],
            [
              -104.988012,
              39.966124
            ],
            [
              -104.988017,
              39.964905
            ],
            [
              -104.988021,
              39.963875
            ],
            [
              -104.988023,
              39.963371
            ],
            [
              -104.988023,
              39.963335
            ],
            [
              -104.988029,
              39.962052
            ],
            [
              -104.988036,
              39.960358
            ],
            [
              -104.988041,
              39.959307
            ],
            [
              -104.988048,
              39.957586
            ],
            [
              -104.988048,
              39.957378
            ],
            [
              -104.988046,
              39.957311
            ],
            [
              -104.988041,
              39.956726
            ],
            [
              -104.988033,
              39.955933
            ],
            [
              -104.988032,
              39.955819
            ],
            [
              -104.98803,
              39.955595
            ],
            [
              -104.988024,
              39.954938
            ],
            [
              -104.988015,
              39.954099
            ],
            [
              -104.988008,
              39.953345
            ],
            [
              -104.988003,
              39.952782
            ],
            [
              -104.987997,
              39.952161
            ],
            [
              -104.987993,
              39.951751
            ],
            [
              -104.987987,
              39.951114
            ],
            [
              -104.987968,
              39.949148
            ],
            [
              -104.987966,
              39.948891
            ],
            [
              -104.987958,
              39.948097
            ],
            [
              -104.987947,
              39.947039
            ],
            [
              -104.987938,
              39.946085
            ],
            [
              -104.987927,
              39.944894
            ],
            [
              -104.987925,
              39.94473
            ],
            [
              -104.98792,
              39.944196
            ],
            [
              -104.987913,
              39.943459
            ],
            [
              -104.987912,
              39.943388
            ],
            [
              -104.987909,
              39.943072
            ],
            [
              -104.98789,
              39.941477
            ],
            [
              -104.987882,
              39.940833
            ],
            [
              -104.987879,
              39.940638
            ],
            [
              -104.987879,
              39.940589
            ],
            [
              -104.987872,
              39.940056
            ],
            [
              -104.987873,
              39.940061
            ],
            [
              -104.987836,
              39.937148
            ],
            [
              -104.98783,
              39.936622
            ],
            [
              -104.987828,
              39.936453
            ],
            [
              -104.987826,
              39.936316
            ],
            [
              -104.98782,
              39.935819
            ],
            [
              -104.98781,
              39.935063
            ],
            [
              -104.98781,
              39.935033
            ],
            [
              -104.98779,
              39.933426
            ],
            [
              -104.987787,
              39.933201
            ],
            [
              -104.987778,
              39.932483
            ],
            [
              -104.987756,
              39.930717
            ],
            [
              -104.987755,
              39.930642
            ],
            [
              -104.987738,
              39.929251
            ],
            [
              -104.987736,
              39.929159
            ],
            [
              -104.987735,
              39.929049
            ],
            [
              -104.987729,
              39.928563
            ],
            [
              -104.98773,
              39.927096
            ],
            [
              -104.98773,
              39.926996
            ],
            [
              -104.987732,
              39.925555
            ],
            [
              -104.987732,
              39.924892
            ],
            [
              -104.987725,
              39.924282
            ],
            [
              -104.987721,
              39.92396
            ],
            [
              -104.987715,
              39.923441
            ],
            [
              -104.987703,
              39.922352
            ],
            [
              -104.987691,
              39.921407
            ],
            [
              -104.987691,
              39.921363
            ],
            [
              -104.987691,
              39.921318
            ],
            [
              -104.987693,
              39.921024
            ],
            [
              -104.987694,
              39.920996
            ],
            [
              -104.987703,
              39.920722
            ],
            [
              -104.987717,
              39.920476
            ],
            [
              -104.987718,
              39.920447
            ],
            [
              -104.987729,
              39.920315
            ],
            [
              -104.98774,
              39.920173
            ],
            [
              -104.987756,
              39.920012
            ],
            [
              -104.987768,
              39.9199
            ],
            [
              -104.987802,
              39.919627
            ],
            [
              -104.987842,
              39.919354
            ],
            [
              -104.987859,
              39.919252
            ],
            [
              -104.987888,
              39.919082
            ],
            [
              -104.987941,
              39.91881
            ],
            [
              -104.988,
              39.91854
            ],
            [
              -104.988065,
              39.91827
            ],
            [
              -104.988136,
              39.918001
            ],
            [
              -104.988213,
              39.917733
            ],
            [
              -104.988296,
              39.917466
            ],
            [
              -104.988511,
              39.916874
            ],
            [
              -104.988516,
              39.916861
            ],
            [
              -104.988611,
              39.916601
            ],
            [
              -104.988689,
              39.916411
            ],
            [
              -104.988702,
              39.91638
            ],
            [
              -104.988802,
              39.91615
            ],
            [
              -104.988986,
              39.915738
            ],
            [
              -104.989628,
              39.9143
            ],
            [
              -104.989682,
              39.914179
            ],
            [
              -104.989734,
              39.914056
            ],
            [
              -104.989742,
              39.914038
            ],
            [
              -104.98975,
              39.91402
            ],
            [
              -104.989984,
              39.914021
            ],
            [
              -104.990062,
              39.914022
            ],
            [
              -104.990083,
              39.914022
            ],
            [
              -104.990269,
              39.914023
            ],
            [
              -104.99091,
              39.914039
            ],
            [
              -104.992516,
              39.914037
            ],
            [
              -104.992598,
              39.914037
            ],
            [
              -104.992602,
              39.914037
            ],
            [
              -104.993199,
              39.914037
            ],
            [
              -104.993204,
              39.91334
            ],
            [
              -104.992788,
              39.91334
            ],
            [
              -104.992787,
              39.91334
            ],
            [
              -104.992702,
              39.91334
            ],
            [
              -104.992702,
              39.91334
            ],
            [
              -104.992691,
              39.91334
            ],
            [
              -104.992674,
              39.911433
            ],
            [
              -104.996701,
              39.91143
            ],
            [
              -104.996693,
              39.906994
            ],
            [
              -104.996688,
              39.904563
            ],
            [
              -104.996688,
              39.904515
            ],
            [
              -104.996686,
              39.903297
            ],
            [
              -104.996685,
              39.902662
            ],
            [
              -104.996683,
              39.902076
            ],
            [
              -104.996676,
              39.899829
            ],
            [
              -104.996676,
              39.899747
            ],
            [
              -105.003312,
              39.899719
            ],
            [
              -105.004941,
              39.899713
            ],
            [
              -105.006097,
              39.899708
            ],
            [
              -105.006097,
              39.902636
            ],
            [
              -105.006204,
              39.902636
            ],
            [
              -105.006203,
              39.89979
            ],
            [
              -105.007557,
              39.899785
            ],
            [
              -105.007551,
              39.900609
            ],
            [
              -105.008022,
              39.900611
            ],
            [
              -105.008028,
              39.899784
            ],
            [
              -105.014832,
              39.899749
            ],
            [
              -105.015507,
              39.899747
            ],
            [
              -105.015188,
              39.905976
            ],
            [
              -105.01673,
              39.906843
            ],
            [
              -105.018892,
              39.909421
            ],
            [
              -105.022223,
              39.914089
            ],
            [
              -105.022757,
              39.914101
            ],
            [
              -105.023282,
              39.914112
            ],
            [
              -105.023991,
              39.914131
            ],
            [
              -105.024217,
              39.914141
            ],
            [
              -105.024967,
              39.91418
            ],
            [
              -105.025502,
              39.914191
            ],
            [
              -105.025966,
              39.914194
            ],
            [
              -105.026501,
              39.914194
            ],
            [
              -105.027035,
              39.914194
            ],
            [
              -105.0275,
              39.914194
            ],
            [
              -105.028137,
              39.914185
            ],
            [
              -105.028641,
              39.914176
            ],
            [
              -105.029081,
              39.914165
            ],
            [
              -105.029709,
              39.914151
            ],
            [
              -105.030472,
              39.914133
            ],
            [
              -105.030778,
              39.914131
            ],
            [
              -105.031313,
              39.914128
            ],
            [
              -105.031848,
              39.914125
            ],
            [
              -105.032382,
              39.914121
            ],
            [
              -105.032917,
              39.914118
            ],
            [
              -105.033452,
              39.914115
            ],
            [
              -105.033986,
              39.914112
            ],
            [
              -105.034365,
              39.91411
            ],
            [
              -105.034358,
              39.914181
            ],
            [
              -105.034247,
              39.91418
            ],
            [
              -105.034248,
              39.914724
            ],
            [
              -105.034255,
              39.920975
            ],
            [
              -105.034255,
              39.921202
            ],
            [
              -105.034255,
              39.92136
            ],
            [
              -105.026114,
              39.921302
            ],
            [
              -105.023528,
              39.921284
            ],
            [
              -105.023529,
              39.919232
            ],
            [
              -105.021533,
              39.919224
            ],
            [
              -105.021532,
              39.921359
            ],
            [
              -105.021051,
              39.921353
            ],
            [
              -105.020338,
              39.921344
            ],
            [
              -105.020227,
              39.921342
            ],
            [
              -105.020214,
              39.921342
            ],
            [
              -105.016747,
              39.921314
            ],
            [
              -105.016416,
              39.921311
            ],
            [
              -105.016416,
              39.921315
            ],
            [
              -105.015498,
              39.921308
            ],
            [
              -105.015496,
              39.923278
            ],
            [
              -105.015494,
              39.924911
            ],
            [
              -105.015494,
              39.92533
            ],
            [
              -105.015405,
              39.925332
            ],
            [
              -105.015406,
              39.92533
            ],
            [
              -105.015402,
              39.925332
            ],
            [
              -105.015405,
              39.925332
            ]
          ],
          [
            [
              -105.007308,
              39.905456
            ],
            [
              -105.007309,
              39.904907
            ],
            [
              -105.006097,
              39.904914
            ],
            [
              -105.006096,
              39.905463
            ],
            [
              -105.007308,
              39.905456
            ]
          ],
          [
            [
              -104.997194,
              39.964158
            ],
            [
              -104.997636,
              39.964162
            ],
            [
              -104.999358,
              39.964168
            ],
            [
              -104.999362,
              39.964168
            ],
            [
              -104.999782,
              39.964169
            ],
            [
              -104.999759,
              39.961282
            ],
            [
              -104.997173,
              39.961269
            ],
            [
              -104.997194,
              39.964158
            ]
          ]
        ]
      }
    },
    {
      "type": "Feature",
      "properties": {
        "District": 2,
        "Name": "District 2",
        "Code": "WFD2",
        "Station": "Station 2"
      },
      "geometry": {
        "type": "Polygon",
        "coordinates": [
          [
            [
              -105.034375,
              39.857143
            ],
            [
              -105.034379,
              39.856289
            ],
            [
              -105.034489,
              39.856287
            ],
            [
              -105.034487,
              39.856431
            ],
            [
              -105.034937,
              39.856432
            ],
            [
              -105.034936,
              39.856397
            ],
            [
              -105.03646,
              39.856399
            ],
            [
              -105.036458,
              39.856782
            ],
            [
              -105.03685,
              39.856783
            ],
            [
              -105.036851,
              39.856674
            ],
            [
              -105.03703,
              39.856674
            ],
            [
              -105.037028,
              39.856729
            ],
            [
              -105.037527,
              39.856731
            ],
            [
              -105.037529,
              39.856402
            ],
            [
              -105.037601,
              39.856402
            ],
            [
              -105.037599,
              39.856773
            ],
            [
              -105.038064,
              39.856774
            ],
            [
              -105.038058,
              39.857967
            ],
            [
              -105.034386,
              39.857962
            ],
            [
              -105.034385,
              39.857962
            ],
            [
              -105.034385,
              39.857999
            ],
            [
              -105.034411,
              39.859829
            ],
            [
              -105.034449,
              39.859829
            ],
            [
              -105.034452,
              39.859829
            ],
            [
              -105.039113,
              39.859845
            ],
            [
              -105.043789,
              39.859911
            ],
            [
              -105.048477,
              39.859914
            ],
            [
              -105.050373,
              39.859895
            ],
            [
              -105.050393,
              39.858045
            ],
            [
              -105.050349,
              39.858043
            ],
            [
              -105.050353,
              39.857721
            ],
            [
              -105.049721,
              39.857713
            ],
            [
              -105.049737,
              39.85652
            ],
            [
              -105.048479,
              39.856521
            ],
            [
              -105.048478,
              39.856412
            ],
            [
              -105.04848,
              39.851206
            ],
            [
              -105.04848,
              39.851199
            ],
            [
              -105.04848,
              39.851036
            ],
            [
              -105.048603,
              39.85116
            ],
            [
              -105.048605,
              39.851162
            ],
            [
              -105.048866,
              39.851033
            ],
            [
              -105.049053,
              39.851035
            ],
            [
              -105.049054,
              39.851035
            ],
            [
              -105.053202,
              39.851091
            ],
            [
              -105.053202,
              39.851504
            ],
            [
              -105.0532,
              39.852306
            ],
            [
              -105.053201,
              39.852307
            ],
            [
              -105.053307,
              39.852351
            ],
            [
              -105.053378,
              39.85238
            ],
            [
              -105.053378,
              39.852381
            ],
            [
              -105.053381,
              39.856474
            ],
            [
              -105.053381,
              39.856476
            ],
            [
              -105.053381,
              39.856644
            ],
            [
              -105.053683,
              39.857197
            ],
            [
              -105.053682,
              39.857227
            ],
            [
              -105.053799,
              39.857433
            ],
            [
              -105.054084,
              39.85794
            ],
            [
              -105.054371,
              39.858476
            ],
            [
              -105.054502,
              39.858731
            ],
            [
              -105.054582,
              39.858886
            ],
            [
              -105.054818,
              39.859382
            ],
            [
              -105.054863,
              39.859476
            ],
            [
              -105.054876,
              39.859502
            ],
            [
              -105.054978,
              39.859718
            ],
            [
              -105.054887,
              39.8598
            ],
            [
              -105.054853,
              39.859832
            ],
            [
              -105.054746,
              39.859928
            ],
            [
              -105.054754,
              39.859946
            ],
            [
              -105.054793,
              39.86003
            ],
            [
              -105.054877,
              39.860217
            ],
            [
              -105.054917,
              39.860304
            ],
            [
              -105.055076,
              39.860655
            ],
            [
              -105.055247,
              39.861025
            ],
            [
              -105.055446,
              39.861446
            ],
            [
              -105.05568,
              39.861958
            ],
            [
              -105.055797,
              39.862208
            ],
            [
              -105.055866,
              39.862363
            ],
            [
              -105.055936,
              39.862523
            ],
            [
              -105.056065,
              39.862943
            ],
            [
              -105.056081,
              39.862973
            ],
            [
              -105.056096,
              39.863003
            ],
            [
              -105.056111,
              39.863032
            ],
            [
              -105.056127,
              39.863062
            ],
            [
              -105.056141,
              39.863093
            ],
            [
              -105.056157,
              39.863123
            ],
            [
              -105.056171,
              39.863153
            ],
            [
              -105.056185,
              39.863183
            ],
            [
              -105.056199,
              39.863213
            ],
            [
              -105.056299,
              39.863425
            ],
            [
              -105.056318,
              39.863465
            ],
            [
              -105.056326,
              39.863481
            ],
            [
              -105.056361,
              39.863554
            ],
            [
              -105.056372,
              39.863575
            ],
            [
              -105.056377,
              39.863584
            ],
            [
              -105.056406,
              39.863645
            ],
            [
              -105.056529,
              39.863897
            ],
            [
              -105.056597,
              39.864032
            ],
            [
              -105.056793,
              39.864433
            ],
            [
              -105.056911,
              39.864671
            ],
            [
              -105.056924,
              39.864723
            ],
            [
              -105.057013,
              39.86488
            ],
            [
              -105.057101,
              39.865062
            ],
            [
              -105.057181,
              39.865229
            ],
            [
              -105.057466,
              39.865816
            ],
            [
              -105.057712,
              39.866345
            ],
            [
              -105.057831,
              39.866608
            ],
            [
              -105.057952,
              39.86687
            ],
            [
              -105.058164,
              39.867327
            ],
            [
              -105.058345,
              39.867721
            ],
            [
              -105.058496,
              39.868048
            ],
            [
              -105.058611,
              39.868295
            ],
            [
              -105.058724,
              39.868543
            ],
            [
              -105.058866,
              39.868845
            ],
            [
              -105.058994,
              39.86912
            ],
            [
              -105.059215,
              39.869601
            ],
            [
              -105.059506,
              39.870225
            ],
            [
              -105.059631,
              39.87048
            ],
            [
              -105.059746,
              39.870702
            ],
            [
              -105.059839,
              39.870877
            ],
            [
              -105.059898,
              39.870993
            ],
            [
              -105.059998,
              39.871181
            ],
            [
              -105.060086,
              39.871328
            ],
            [
              -105.060188,
              39.871495
            ],
            [
              -105.060359,
              39.87177
            ],
            [
              -105.060545,
              39.872056
            ],
            [
              -105.060699,
              39.872279
            ],
            [
              -105.060885,
              39.872539
            ],
            [
              -105.061067,
              39.872779
            ],
            [
              -105.061092,
              39.872812
            ],
            [
              -105.061141,
              39.872876
            ],
            [
              -105.061153,
              39.872892
            ],
            [
              -105.061177,
              39.872923
            ],
            [
              -105.061206,
              39.872961
            ],
            [
              -105.06123,
              39.872993
            ],
            [
              -105.061343,
              39.873149
            ],
            [
              -105.061529,
              39.873392
            ],
            [
              -105.061723,
              39.873658
            ],
            [
              -105.061958,
              39.873974
            ],
            [
              -105.062125,
              39.874208
            ],
            [
              -105.062298,
              39.874443
            ],
            [
              -105.062355,
              39.87452
            ],
            [
              -105.062267,
              39.874529
            ],
            [
              -105.061945,
              39.874563
            ],
            [
              -105.061462,
              39.874498
            ],
            [
              -105.060961,
              39.874495
            ],
            [
              -105.060389,
              39.874492
            ],
            [
              -105.059711,
              39.87449
            ],
            [
              -105.059448,
              39.874493
            ],
            [
              -105.058785,
              39.874486
            ],
            [
              -105.058294,
              39.874479
            ],
            [
              -105.057717,
              39.874474
            ],
            [
              -105.057147,
              39.874467
            ],
            [
              -105.056671,
              39.874465
            ],
            [
              -105.056089,
              39.874448
            ],
            [
              -105.05573,
              39.874439
            ],
            [
              -105.05505,
              39.874429
            ],
            [
              -105.054666,
              39.874425
            ],
            [
              -105.054112,
              39.874415
            ],
            [
              -105.053442,
              39.874408
            ],
            [
              -105.052907,
              39.874433
            ],
            [
              -105.052373,
              39.874429
            ],
            [
              -105.051838,
              39.874425
            ],
            [
              -105.051304,
              39.874422
            ],
            [
              -105.050769,
              39.874418
            ],
            [
              -105.050235,
              39.874414
            ],
            [
              -105.0497,
              39.87441
            ],
            [
              -105.049166,
              39.874406
            ],
            [
              -105.048632,
              39.874402
            ],
            [
              -105.048097,
              39.874398
            ],
            [
              -105.047563,
              39.874395
            ],
            [
              -105.047028,
              39.874391
            ],
            [
              -105.046494,
              39.874387
            ],
            [
              -105.04596,
              39.874383
            ],
            [
              -105.045425,
              39.874379
            ],
            [
              -105.044891,
              39.874375
            ],
            [
              -105.044356,
              39.874371
            ],
            [
              -105.043822,
              39.874367
            ],
            [
              -105.043822,
              39.874501
            ],
            [
              -105.043822,
              39.874913
            ],
            [
              -105.043822,
              39.875324
            ],
            [
              -105.043822,
              39.875736
            ],
            [
              -105.043822,
              39.876148
            ],
            [
              -105.043821,
              39.87656
            ],
            [
              -105.043821,
              39.876972
            ],
            [
              -105.043821,
              39.877383
            ],
            [
              -105.043821,
              39.877795
            ],
            [
              -105.043821,
              39.878207
            ],
            [
              -105.043821,
              39.878619
            ],
            [
              -105.043821,
              39.87903
            ],
            [
              -105.043821,
              39.879442
            ],
            [
              -105.043821,
              39.879854
            ],
            [
              -105.043821,
              39.880266
            ],
            [
              -105.043821,
              39.880678
            ],
            [
              -105.043821,
              39.880984
            ],
            [
              -105.043943,
              39.881385
            ],
            [
              -105.044066,
              39.881786
            ],
            [
              -105.044187,
              39.882183
            ],
            [
              -105.045044,
              39.882328
            ],
            [
              -105.045508,
              39.88247
            ],
            [
              -105.046193,
              39.882862
            ],
            [
              -105.046149,
              39.883454
            ],
            [
              -105.045882,
              39.884014
            ],
            [
              -105.045798,
              39.88456
            ],
            [
              -105.045725,
              39.885239
            ],
            [
              -105.04539,
              39.88524
            ],
            [
              -105.044932,
              39.885244
            ],
            [
              -105.04432,
              39.885243
            ],
            [
              -105.043946,
              39.885241
            ],
            [
              -105.043837,
              39.88524
            ],
            [
              -105.043306,
              39.885229
            ],
            [
              -105.042592,
              39.885205
            ],
            [
              -105.042026,
              39.885192
            ],
            [
              -105.041648,
              39.885193
            ],
            [
              -105.041113,
              39.885196
            ],
            [
              -105.040579,
              39.885194
            ],
            [
              -105.040044,
              39.88519
            ],
            [
              -105.03951,
              39.885185
            ],
            [
              -105.038975,
              39.885181
            ],
            [
              -105.038441,
              39.885177
            ],
            [
              -105.037906,
              39.885172
            ],
            [
              -105.037249,
              39.885167
            ],
            [
              -105.036838,
              39.885161
            ],
            [
              -105.036354,
              39.885155
            ],
            [
              -105.035769,
              39.885135
            ],
            [
              -105.035235,
              39.885125
            ],
            [
              -105.034701,
              39.885116
            ],
            [
              -105.034448,
              39.885112
            ],
            [
              -105.033913,
              39.885113
            ],
            [
              -105.033231,
              39.885128
            ],
            [
              -105.032844,
              39.885134
            ],
            [
              -105.032202,
              39.885133
            ],
            [
              -105.031775,
              39.885135
            ],
            [
              -105.031184,
              39.885138
            ],
            [
              -105.030706,
              39.885137
            ],
            [
              -105.030235,
              39.885137
            ],
            [
              -105.029597,
              39.885133
            ],
            [
              -105.029103,
              39.885125
            ],
            [
              -105.028607,
              39.885118
            ],
            [
              -105.028107,
              39.885114
            ],
            [
              -105.027669,
              39.885116
            ],
            [
              -105.026907,
              39.885129
            ],
            [
              -105.026592,
              39.885152
            ],
            [
              -105.02586,
              39.885138
            ],
            [
              -105.025361,
              39.885143
            ],
            [
              -105.025122,
              39.885137
            ],
            [
              -105.025102,
              39.888723
            ],
            [
              -105.015515,
              39.888785
            ],
            [
              -105.015511,
              39.885397
            ],
            [
              -105.01551,
              39.885122
            ],
            [
              -105.024872,
              39.88513
            ],
            [
              -105.025011,
              39.88513
            ],
            [
              -105.025122,
              39.885131
            ],
            [
              -105.025154,
              39.88064
            ],
            [
              -105.025156,
              39.880373
            ],
            [
              -105.025183,
              39.876656
            ],
            [
              -105.025189,
              39.875817
            ],
            [
              -105.025196,
              39.874807
            ],
            [
              -105.025203,
              39.873758
            ],
            [
              -105.025213,
              39.872412
            ],
            [
              -105.025212,
              39.872229
            ],
            [
              -105.025208,
              39.872046
            ],
            [
              -105.025202,
              39.871935
            ],
            [
              -105.025199,
              39.871863
            ],
            [
              -105.025169,
              39.871504
            ],
            [
              -105.025128,
              39.871115
            ],
            [
              -105.025109,
              39.870911
            ],
            [
              -105.025107,
              39.87087
            ],
            [
              -105.025105,
              39.870845
            ],
            [
              -105.025097,
              39.870728
            ],
            [
              -105.025089,
              39.870545
            ],
            [
              -105.025085,
              39.870362
            ],
            [
              -105.025064,
              39.868524
            ],
            [
              -105.025062,
              39.868337
            ],
            [
              -105.025056,
              39.867874
            ],
            [
              -105.024978,
              39.867874
            ],
            [
              -105.024952,
              39.865532
            ],
            [
              -105.024951,
              39.865431
            ],
            [
              -105.024947,
              39.865108
            ],
            [
              -105.024939,
              39.864347
            ],
            [
              -105.024929,
              39.863496
            ],
            [
              -105.024925,
              39.863159
            ],
            [
              -105.024923,
              39.862989
            ],
            [
              -105.024911,
              39.862015
            ],
            [
              -105.024893,
              39.860548
            ],
            [
              -105.024892,
              39.860445
            ],
            [
              -105.024891,
              39.860425
            ],
            [
              -105.024863,
              39.858106
            ],
            [
              -105.024861,
              39.857923
            ],
            [
              -105.02486,
              39.857909
            ],
            [
              -105.024846,
              39.856774
            ],
            [
              -105.024845,
              39.856643
            ],
            [
              -105.024841,
              39.856342
            ],
            [
              -105.02484,
              39.856265
            ],
            [
              -105.020786,
              39.856233
            ],
            [
              -105.015496,
              39.85619
            ],
            [
              -105.015449,
              39.854109
            ],
            [
              -105.015333,
              39.849001
            ],
            [
              -105.015362,
              39.847281
            ],
            [
              -105.015378,
              39.84635
            ],
            [
              -105.015398,
              39.845231
            ],
            [
              -105.015399,
              39.845231
            ],
            [
              -105.015504,
              39.845232
            ],
            [
              -105.015708,
              39.845108
            ],
            [
              -105.016355,
              39.84501
            ],
            [
              -105.017062,
              39.844949
            ],
            [
              -105.017774,
              39.844975
            ],
            [
              -105.0188,
              39.845148
            ],
            [
              -105.018857,
              39.841833
            ],
            [
              -105.02192,
              39.84185
            ],
            [
              -105.021923,
              39.842399
            ],
            [
              -105.022368,
              39.842401
            ],
            [
              -105.022365,
              39.841852
            ],
            [
              -105.023533,
              39.841859
            ],
            [
              -105.023532,
              39.841705
            ],
            [
              -105.023532,
              39.841694
            ],
            [
              -105.023916,
              39.841696
            ],
            [
              -105.024701,
              39.8417
            ],
            [
              -105.024892,
              39.841704
            ],
            [
              -105.024896,
              39.841789
            ],
            [
              -105.025422,
              39.841786
            ],
            [
              -105.025652,
              39.841788
            ],
            [
              -105.026186,
              39.841791
            ],
            [
              -105.026635,
              39.841792
            ],
            [
              -105.027277,
              39.841794
            ],
            [
              -105.027789,
              39.841796
            ],
            [
              -105.028323,
              39.841797
            ],
            [
              -105.028857,
              39.841799
            ],
            [
              -105.029391,
              39.841801
            ],
            [
              -105.029925,
              39.841802
            ],
            [
              -105.030459,
              39.841804
            ],
            [
              -105.030994,
              39.841805
            ],
            [
              -105.031397,
              39.841807
            ],
            [
              -105.031935,
              39.841808
            ],
            [
              -105.032628,
              39.84181
            ],
            [
              -105.03312,
              39.841812
            ],
            [
              -105.033665,
              39.841812
            ],
            [
              -105.034298,
              39.841812
            ],
            [
              -105.034733,
              39.841812
            ],
            [
              -105.035267,
              39.841814
            ],
            [
              -105.035798,
              39.841818
            ],
            [
              -105.036357,
              39.841818
            ],
            [
              -105.036407,
              39.84182
            ],
            [
              -105.036919,
              39.841898
            ],
            [
              -105.037176,
              39.841986
            ],
            [
              -105.037641,
              39.842218
            ],
            [
              -105.037831,
              39.842312
            ],
            [
              -105.038414,
              39.842479
            ],
            [
              -105.038857,
              39.842514
            ],
            [
              -105.039262,
              39.842478
            ],
            [
              -105.039503,
              39.842446
            ],
            [
              -105.0397,
              39.842419
            ],
            [
              -105.039764,
              39.842475
            ],
            [
              -105.039781,
              39.842489
            ],
            [
              -105.039842,
              39.842541
            ],
            [
              -105.040158,
              39.842836
            ],
            [
              -105.04036,
              39.843026
            ],
            [
              -105.040502,
              39.843165
            ],
            [
              -105.040614,
              39.843273
            ],
            [
              -105.040738,
              39.843394
            ],
            [
              -105.04084,
              39.843495
            ],
            [
              -105.040996,
              39.843647
            ],
            [
              -105.041106,
              39.843754
            ],
            [
              -105.041273,
              39.843918
            ],
            [
              -105.041402,
              39.844044
            ],
            [
              -105.0415,
              39.84414
            ],
            [
              -105.041608,
              39.844252
            ],
            [
              -105.041626,
              39.844271
            ],
            [
              -105.041642,
              39.844317
            ],
            [
              -105.041657,
              39.844353
            ],
            [
              -105.04175,
              39.844443
            ],
            [
              -105.041828,
              39.844518
            ],
            [
              -105.041984,
              39.844671
            ],
            [
              -105.042116,
              39.844799
            ],
            [
              -105.042375,
              39.845051
            ],
            [
              -105.042508,
              39.84518
            ],
            [
              -105.042597,
              39.845261
            ],
            [
              -105.042754,
              39.845407
            ],
            [
              -105.042961,
              39.845623
            ],
            [
              -105.043095,
              39.845755
            ],
            [
              -105.043316,
              39.845972
            ],
            [
              -105.043404,
              39.846059
            ],
            [
              -105.043428,
              39.846082
            ],
            [
              -105.043542,
              39.846194
            ],
            [
              -105.043744,
              39.846392
            ],
            [
              -105.043814,
              39.846461
            ],
            [
              -105.043945,
              39.84659
            ],
            [
              -105.044088,
              39.84673
            ],
            [
              -105.04413,
              39.846773
            ],
            [
              -105.044228,
              39.846868
            ],
            [
              -105.044407,
              39.847043
            ],
            [
              -105.044518,
              39.847152
            ],
            [
              -105.04468,
              39.847311
            ],
            [
              -105.044812,
              39.84744
            ],
            [
              -105.044878,
              39.847505
            ],
            [
              -105.044774,
              39.847568
            ],
            [
              -105.04384,
              39.848136
            ],
            [
              -105.043708,
              39.848007
            ],
            [
              -105.042076,
              39.848194
            ],
            [
              -105.041317,
              39.848396
            ],
            [
              -105.040658,
              39.848748
            ],
            [
              -105.040321,
              39.849312
            ],
            [
              -105.040155,
              39.849287
            ],
            [
              -105.040242,
              39.849456
            ],
            [
              -105.040068,
              39.849745
            ],
            [
              -105.039458,
              39.850729
            ],
            [
              -105.039535,
              39.850862
            ],
            [
              -105.039641,
              39.850909
            ],
            [
              -105.039804,
              39.850982
            ],
            [
              -105.039432,
              39.851449
            ],
            [
              -105.039776,
              39.851613
            ],
            [
              -105.039571,
              39.85187
            ],
            [
              -105.039795,
              39.851976
            ],
            [
              -105.03959,
              39.852233
            ],
            [
              -105.039408,
              39.852147
            ],
            [
              -105.039401,
              39.852224
            ],
            [
              -105.039392,
              39.8523
            ],
            [
              -105.039721,
              39.852456
            ],
            [
              -105.039759,
              39.852474
            ],
            [
              -105.039812,
              39.852497
            ],
            [
              -105.039105,
              39.854346
            ],
            [
              -105.038525,
              39.854297
            ],
            [
              -105.03853,
              39.854259
            ],
            [
              -105.038515,
              39.85425
            ],
            [
              -105.037441,
              39.854069
            ],
            [
              -105.037077,
              39.853927
            ],
            [
              -105.036602,
              39.853629
            ],
            [
              -105.036321,
              39.853848
            ],
            [
              -105.036155,
              39.853909
            ],
            [
              -105.035814,
              39.854213
            ],
            [
              -105.034364,
              39.854212
            ],
            [
              -105.034379,
              39.856289
            ],
            [
              -105.026437,
              39.856272
            ],
            [
              -105.026518,
              39.863494
            ],
            [
              -105.034429,
              39.863486
            ],
            [
              -105.034424,
              39.862828
            ],
            [
              -105.034282,
              39.862828
            ],
            [
              -105.033569,
              39.862828
            ],
            [
              -105.033564,
              39.861942
            ],
            [
              -105.034276,
              39.86194
            ],
            [
              -105.034417,
              39.861939
            ],
            [
              -105.034409,
              39.859829
            ],
            [
              -105.034384,
              39.857962
            ],
            [
              -105.034375,
              39.857143
            ]
          ],
          [
            [
              -105.015977,
              39.850787
            ],
            [
              -105.015971,
              39.850513
            ],
            [
              -105.015475,
              39.850511
            ],
            [
              -105.015481,
              39.850785
            ],
            [
              -105.015977,
              39.850787
            ]
          ],
          [
            [
              -105.03421,
              39.849056
            ],
            [
              -105.034202,
              39.846341
            ],
            [
              -105.034199,
              39.845353
            ],
            [
              -105.029495,
              39.845358
            ],
            [
              -105.02951,
              39.849042
            ],
            [
              -105.03421,
              39.849056
            ]
          ]
        ]
      }
    }
  ]
}