{"type": "FeatureCollection", "features": [{"type": "Feature", "properties": {"LINEARID": "1104486720846", "FULLNAME": "I- 25", "RTTYP": "I", "MTFCC": "S1100"}, "geometry": {"type": "LineString", "coordinates": [[-104.988023, 39.975752], [-104.988022, 39.975729], [-104.988002, 39.972633], [-104.988001, 39.972388], [-104.988001, 39.972241], [-104.98801, 39.971843], [-104.988011, 39.971789], [-104.98801, 39.971631], [-104.987998, 39.968128], [-104.98798, 39.966854], [-104.987966, 39.964423], [-104.987952, 39.961848], [-104.987961, 39.960401], [-104.987937, 39.957571], [-104.987935, 39.956117], [-104.987906, 39.954333], [-104.987904, 39.954188], [-104.987875, 39.952473], [-104.987872, 39.952279], [-104.98785, 39.949952], [-104.987863, 39.948122], [-104.987853, 39.946886], [-104.987849, 39.946435], [-104.987846, 39.946056], [-104.987819, 39.94482], [-104.98781, 39.944132], [-104.987799, 39.943073], [-104.987794, 39.942599], [-104.987777, 39.940818], [-104.987767, 39.939444], [-104.987759, 39.938277], [-104.987755, 39.937622], [-104.987751, 39.93734], [-104.987724, 39.935366], [-104.987715, 39.934343], [-104.987717, 39.934175], [-104.987686, 39.931235], [-104.987665, 39.929813], [-104.987642, 39.928542], [-104.98765, 39.927569], [-104.987631, 39.925976], [-104.987596, 39.921319], [-104.987603, 39.920912], [-104.987615, 39.92067], [-104.987675, 39.919989], [-104.987762, 39.919331], [-104.987861, 39.918761], [-104.987942, 39.918343], [-104.988118, 39.917702], [-104.988249, 39.917301], [-104.988422, 39.916806], [-104.988571, 39.916414], [-104.989428, 39.914482], [-104.989613, 39.914065], [-104.989682, 39.913917], [-104.989864, 39.91347], [-104.990013, 39.913014], [-104.990194, 39.912393], [-104.990338, 39.911766], [-104.990382, 39.911543], [-104.990421, 39.911294], [-104.99047, 39.910798], [-104.990491, 39.91061], [-104.990529, 39.910276], [-104.990572, 39.90975], [-104.990585, 39.909428], [-104.990601, 39.909174], [-104.990605, 39.909116], [-104.99059, 39.908744], [-104.990583, 39.908352], [-104.990546, 39.907912], [-104.990514, 39.907663], [-104.990243, 39.90616], [-104.990138, 39.905728], [-104.989985, 39.905216], [-104.989865, 39.904859], [-104.989726, 39.904468], [-104.989633, 39.904235], [-104.989215, 39.903333], [-104.989151, 39.903195], [-104.988909, 39.902692], [-104.988723, 39.902322], [-104.988635, 39.902136], [-104.988479, 39.901755], [-104.988409, 39.901583], [-104.988219, 39.901091], [-104.988086, 39.900686], [-104.987938, 39.900206], [-104.987805, 39.899701], [-104.987745, 39.899462], [-104.987639, 39.898931], [-104.987585, 39.89855], [-104.987511, 39.897931], [-104.987506, 39.897887], [-104.987486, 39.897614], [-104.987476, 39.897297], [-104.987454, 39.893307], [-104.98744, 39.891302], [-104.987437, 39.890776], [-104.987431, 39.889915], [-104.987428, 39.888364], [-104.987428, 39.888252], [-104.987424, 39.886926], [-104.987422, 39.885338], [-104.987422, 39.885174], [-104.987435, 39.883808], [-104.98744, 39.883144], [-104.987448, 39.882219], [-104.987422, 39.881307], [-104.987419, 39.881172], [-104.987415, 39.880992], [-104.987411, 39.880734], [-104.987436, 39.879493], [-104.987436, 39.87828], [-104.987437, 39.874898], [-104.987438, 39.874326], [-104.987438, 39.873989], [-104.987442, 39.872718], [-104.987447, 39.871299], [-104.987447, 39.868168], [-104.98745, 39.868097], [-104.98745, 39.868031], [-104.987448, 39.86756], [-104.987439, 39.867135], [-104.987454, 39.866749], [-104.987445, 39.866306], [-104.987453, 39.865719], [-104.98745, 39.865061], [-104.987454, 39.862679], [-104.987445, 39.861886], [-104.987451, 39.861452], [-104.987434, 39.860609], [-104.987436, 39.859747], [-104.987432, 39.859314], [-104.987403, 39.858673], [-104.987348, 39.858134], [-104.9873, 39.857799], [-104.987236, 39.85745], [-104.987143, 39.857009], [-104.987094, 39.856689], [-104.987036, 39.856445], [-104.987015, 39.856311], [-104.987002, 39.856234], [-104.986992, 39.856171], [-104.986763, 39.855066], [-104.986624, 39.85439], [-104.986485, 39.853812], [-104.986425, 39.853595], [-104.98633, 39.853159], [-104.986243, 39.852752], [-104.986233, 39.852705], [-104.986203, 39.852572], [-104.986191, 39.852519], [-104.986117, 39.85216], [-104.986113, 39.852135], [-104.986094, 39.852038], [-104.98596, 39.851327], [-104.985869, 39.850889], [-104.985678, 39.850047], [-104.985471, 39.849073], [-104.985444, 39.848951], [-104.985169, 39.847696], [-104.985119, 39.847435], [-104.984707, 39.845536], [-104.984669, 39.845379], [-104.984599, 39.845083], [-104.984433, 39.844367], [-104.984191, 39.843263], [-104.984086, 39.842748], [-104.983962, 39.842175], [-104.983881, 39.841764], [-104.983875, 39.841735], [-104.98387, 39.841708], [-104.983766, 39.841094], [-104.983701, 39.840542], [-104.983668, 39.840104], [-104.983552, 39.838299], [-104.98343, 39.83604], [-104.983394, 39.835568], [-104.983342, 39.835049], [-104.983294, 39.834499], [-104.983277, 39.834342], [-104.983253, 39.834126], [-104.983153, 39.833619], [-104.983027, 39.833062], [-104.982903, 39.832632], [-104.98272, 39.832101], [-104.982616, 39.83184], [-104.982252, 39.831008], [-104.982198, 39.830881], [-104.982166, 39.830807], [-104.982135, 39.830733], [-104.981842, 39.830079], [-104.98181, 39.830005], [-104.981549, 39.82927], [-104.981456, 39.828958], [-104.981431, 39.828872], [-104.981379, 39.828649], [-104.981315, 39.828298], [-104.981299, 39.828209], [-104.981283, 39.828075], [-104.981262, 39.827907], [-104.98126, 39.827882], [-104.981253, 39.827805], [-104.981238, 39.827617], [-104.981237, 39.82743], [-104.981234, 39.827156], [-104.981249, 39.826858], [-104.981301, 39.826404], [-104.981406, 39.825869], [-104.981467, 39.825619], [-104.981542, 39.825366], [-104.981938, 39.824175], [-104.982084, 39.823757], [-104.982134, 39.823614], [-104.982369, 39.8229], [-104.982457, 39.82247], [-104.982481, 39.822173], [-104.982513, 39.821282], [-104.982516, 39.821189], [-104.98252, 39.82109], [-104.98261, 39.818578], [-104.982614, 39.818464], [-104.982631, 39.817957], [-104.98264, 39.817685], [-104.982662, 39.817012], [-104.982736, 39.814795], [-104.982767, 39.812763], [-104.982771, 39.812518], [-104.98274, 39.811956], [-104.982739, 39.811939], [-104.982755, 39.811388], [-104.982795, 39.809155], [-104.982837, 39.806775], [-104.98291, 39.805776], [-104.982932, 39.805629], [-104.982951, 39.805498], [-104.982974, 39.80535], [-104.983029, 39.805088], [-104.983036, 39.805054], [-104.983081, 39.804895], [-104.983147, 39.804661], [-104.983245, 39.804337], [-104.983344, 39.804047], [-104.983448, 39.803784], [-104.98354, 39.803571], [-104.983791, 39.80304], [-104.983855, 39.802918], [-104.98409, 39.802472], [-104.984433, 39.801862], [-104.984559, 39.801636], [-104.985061, 39.800654], [-104.985702, 39.799375], [-104.98622, 39.798278], [-104.986251, 39.798211], [-104.986875, 39.796924], [-104.987093, 39.796316], [-104.987236, 39.79587], [-104.987456, 39.795129], [-104.987613, 39.794484], [-104.987813, 39.793582], [-104.988127, 39.792315], [-104.988409, 39.791086], [-104.988421, 39.791036]]}}, {"type": "Feature", "properties": {"LINEARID": "110706486684", "FULLNAME": "I- 25", "RTTYP": "I", "MTFCC": "S1100"}, "geometry": {"type": "LineString", "coordinates": [[-104.988848, 39.791036], [-104.988835, 39.791086], [-104.988488, 39.792636], [-104.988388, 39.793057], [-104.988147, 39.79415], [-104.98802, 39.794624], [-104.9879, 39.795105], [-104.987848, 39.795333], [-104.987776, 39.795618], [-104.987658, 39.795982], [-104.987494, 39.796438], [-104.987232, 39.797137], [-104.986881, 39.797986], [-104.986738, 39.79828], [-104.986532, 39.798706], [-104.985367, 39.80094], [-104.984905, 39.801854], [-104.984729, 39.802204], [-104.984625, 39.802392], [-104.984481, 39.802673], [-104.984392, 39.802835], [-104.98431, 39.803006], [-104.984211, 39.803213], [-104.984103, 39.803452], [-104.983876, 39.804009], [-104.983771, 39.804293], [-104.983616, 39.80484], [-104.983559, 39.805074], [-104.98347, 39.805434], [-104.983453, 39.805504], [-104.983435, 39.805579], [-104.983372, 39.80585], [-104.983347, 39.806024], [-104.983327, 39.80625], [-104.983297, 39.807089], [-104.983291, 39.809101], [-104.983289, 39.809154], [-104.983262, 39.810157], [-104.983272, 39.811618], [-104.983266, 39.812763], [-104.983256, 39.814744], [-104.983246, 39.816718], [-104.983244, 39.8171], [-104.983227, 39.817336], [-104.983218, 39.817475], [-104.983208, 39.817606], [-104.983173, 39.818102], [-104.983173, 39.818198], [-104.983173, 39.818304], [-104.983177, 39.820785], [-104.983178, 39.82091], [-104.983178, 39.821027], [-104.983173, 39.822725], [-104.98317, 39.82362], [-104.98317, 39.823698], [-104.983169, 39.823762], [-104.983164, 39.824447], [-104.983145, 39.825021], [-104.983134, 39.825902], [-104.983135, 39.826639], [-104.983135, 39.827023], [-104.983159, 39.827419], [-104.983168, 39.827587], [-104.983176, 39.827716], [-104.983181, 39.827791], [-104.983186, 39.827933], [-104.983196, 39.828046], [-104.983234, 39.828681], [-104.98326, 39.829107], [-104.983285, 39.829453], [-104.983315, 39.829985], [-104.983333, 39.830289], [-104.983367, 39.830885], [-104.983411, 39.831637], [-104.983444, 39.832321], [-104.983463, 39.83264], [-104.983525, 39.833685], [-104.983575, 39.83443], [-104.98358, 39.8345], [-104.983684, 39.836261], [-104.983776, 39.837716], [-104.983813, 39.8383], [-104.98382, 39.838522], [-104.983861, 39.839119], [-104.983916, 39.840033], [-104.983951, 39.84052], [-104.984031, 39.841153], [-104.98412, 39.841681], [-104.984129, 39.841736], [-104.984137, 39.841773], [-104.984261, 39.842371], [-104.984371, 39.84286], [-104.984585, 39.843871], [-104.984718, 39.844382], [-104.984781, 39.844673], [-104.984797, 39.844746], [-104.984831, 39.844901], [-104.984913, 39.845354], [-104.984918, 39.845379], [-104.984942, 39.845513], [-104.98501, 39.845854], [-104.985012, 39.845865], [-104.985683, 39.848953], [-104.98571, 39.849077], [-104.98585, 39.849747], [-104.985947, 39.850167], [-104.986052, 39.850683], [-104.986128, 39.851023], [-104.98626, 39.851561], [-104.98632, 39.851831], [-104.986393, 39.852157], [-104.986485, 39.852567], [-104.986513, 39.852697], [-104.986526, 39.852751], [-104.986733, 39.85375], [-104.986808, 39.854079], [-104.986895, 39.854467], [-104.986926, 39.854678], [-104.987023, 39.855168], [-104.987234, 39.856233], [-104.98725, 39.856309], [-104.987287, 39.856493], [-104.987391, 39.856954], [-104.987501, 39.857517], [-104.987581, 39.857955], [-104.987653, 39.858585], [-104.987692, 39.859515], [-104.987702, 39.860277], [-104.987705, 39.860499], [-104.987685, 39.861245], [-104.987684, 39.861709], [-104.987691, 39.862283], [-104.987683, 39.863921], [-104.987687, 39.864453], [-104.98768, 39.867996], [-104.987678, 39.868067], [-104.987679, 39.868138], [-104.987697, 39.871811], [-104.987691, 39.872709], [-104.987679, 39.874504], [-104.987676, 39.874881], [-104.987675, 39.874899], [-104.987675, 39.875227], [-104.987669, 39.878276], [-104.987666, 39.879494], [-104.987669, 39.880444], [-104.98767, 39.880581], [-104.98767, 39.880665], [-104.987651, 39.885177], [-104.98765, 39.885341], [-104.987654, 39.886635], [-104.987671, 39.888241], [-104.987672, 39.888309], [-104.987666, 39.889082], [-104.987669, 39.889921], [-104.987672, 39.890803], [-104.987673, 39.891315], [-104.987679, 39.893281], [-104.987699, 39.897037], [-104.987718, 39.897612], [-104.987728, 39.897755], [-104.987737, 39.897883], [-104.987794, 39.898389], [-104.987847, 39.898738], [-104.987897, 39.899013], [-104.987998, 39.899494], [-104.988051, 39.899718], [-104.988114, 39.899986], [-104.988135, 39.900064], [-104.988208, 39.900326], [-104.988368, 39.900812], [-104.988449, 39.901042], [-104.98851, 39.901213], [-104.988679, 39.901632], [-104.988769, 39.901855], [-104.989041, 39.902448], [-104.989433, 39.903274], [-104.989456, 39.903321], [-104.989597, 39.903619], [-104.989751, 39.903942], [-104.989888, 39.904256], [-104.990151, 39.904889], [-104.990439, 39.905642], [-104.990549, 39.906015], [-104.99067, 39.906511], [-104.99076, 39.906959], [-104.990793, 39.907177], [-104.990897, 39.907855], [-104.990942, 39.908333], [-104.990957, 39.908727], [-104.990971, 39.909311], [-104.99097, 39.909373], [-104.990963, 39.90964], [-104.990948, 39.909956], [-104.990903, 39.910508], [-104.990889, 39.910682], [-104.990764, 39.911216], [-104.990668, 39.911673], [-104.990549, 39.912116], [-104.990407, 39.912604], [-104.990259, 39.913066], [-104.990035, 39.913681], [-104.989928, 39.913915], [-104.98987, 39.914064], [-104.989681, 39.914488], [-104.989205, 39.915552], [-104.988922, 39.916188], [-104.988747, 39.916596], [-104.988605, 39.916961], [-104.988468, 39.917383], [-104.988264, 39.918004], [-104.988081, 39.918642], [-104.987921, 39.919377], [-104.987854, 39.919875], [-104.987833, 39.92009], [-104.987776, 39.920671], [-104.987761, 39.921226], [-104.987788, 39.924491], [-104.9878, 39.925893], [-104.987809, 39.928003], [-104.987807, 39.928543], [-104.987825, 39.929262], [-104.987881, 39.934234], [-104.987905, 39.936326], [-104.987914, 39.937325], [-104.987927, 39.938797], [-104.987931, 39.939212], [-104.987934, 39.939539], [-104.987945, 39.940729], [-104.987967, 39.94243], [-104.987976, 39.943074], [-104.988007, 39.945447], [-104.988013, 39.94625], [-104.98802, 39.947156], [-104.988062, 39.952303], [-104.988079, 39.953803], [-104.988084, 39.95421], [-104.988094, 39.956027], [-104.988107, 39.957571], [-104.988092, 39.957595], [-104.988104, 39.961872], [-104.988107, 39.962462], [-104.988119, 39.964423], [-104.988133, 39.966964], [-104.988158, 39.968129], [-104.988159, 39.968466]]}}, {"type": "Feature", "properties": {"LINEARID": "1104486720847", "FULLNAME": "I- 25", "RTTYP": "I", "MTFCC": "S1100"}, "geometry": {"type": "LineString", "coordinates": [[-104.988023, 39.975752], [-104.988024, 39.975848], [-104.988022, 39.976001], [-104.988022, 39.976115], [-104.988032, 39.977417], [-104.98803, 39.97833], [-104.988034, 39.978518], [-104.98803, 39.978703], [-104.988035, 39.97936], [-104.988033, 39.980078], [-104.988039, 39.980936], [-104.98804, 39.981039], [-104.988041, 39.981243], [-104.988042, 39.98149], [-104.988042, 39.981601], [-104.988042, 39.981705], [-104.988042, 39.981832], [-104.988042, 39.982528], [-104.98804, 39.982772], [-104.988049, 39.983331], [-104.988042, 39.98349], [-104.988046, 39.983648], [-104.988039, 39.98389], [-104.988041, 39.983969], [-104.988027, 39.984199], [-104.987961, 39.984943], [-104.987943, 39.985063], [-104.987747, 39.985944]]}}, {"type": "Feature", "properties": {"LINEARID": "1104469067021", "FULLNAME": "I- 25", "RTTYP": "I", "MTFCC": "S1100"}, "geometry": {"type": "LineString", "coordinates": [[-104.988174, 39.972176], [-104.98819, 39.975329], [-104.988192, 39.975748]]}}, {"type": "Feature", "properties": {"LINEARID": "1104469067023", "FULLNAME": "I- 25", "RTTYP": "I", "MTFCC": "S1100"}, "geometry": {"type": "LineString", "coordinates": [[-104.988159, 39.968466], [-104.98817, 39.971636], [-104.988173, 39.971853], [-104.988173, 39.97201], [-104.988174, 39.972176]]}}, {"type": "Feature", "properties": {"LINEARID": "1104690746129", "FULLNAME": "I- 25", "RTTYP": "I", "MTFCC": "S1100"}, "geometry": {"type": "LineString", "coordinates": [[-104.988192, 39.975748], [-104.988192, 39.97577], [-104.988193, 39.975919], [-104.988192, 39.975999], [-104.988196, 39.977421], [-104.988204, 39.978323], [-104.988194, 39.979364], [-104.988199, 39.979697], [-104.988196, 39.980902], [-104.988195, 39.98124], [-104.9882, 39.981418], [-104.988202, 39.981522], [-104.988203, 39.981633], [-104.988203, 39.981737], [-104.988204, 39.981997], [-104.988204, 39.982377], [-104.988213, 39.982943], [-104.988207, 39.983783], [-104.988191, 39.984197], [-104.988185, 39.984243], [-104.988188, 39.984291], [-104.988144, 39.984768], [-104.988133, 39.984829], [-104.988122, 39.984969], [-104.988049, 39.985448], [-104.987835, 39.986619], [-104.987592, 39.987478], [-104.987571, 39.987544], [-104.9875, 39.987745], [-104.987329, 39.988185], [-104.987122, 39.98867], [-104.986831, 39.989273], [-104.984852, 39.992913], [-104.984714, 39.993167], [-104.98363, 39.995139], [-104.982714, 39.996891], [-104.982491, 39.997288], [-104.982289, 39.997647], [-104.982234, 39.997755], [-104.98195, 39.998244], [-104.981867, 39.998404], [-104.981776, 39.99858], [-104.981556, 39.999001], [-104.981379, 39.999378], [-104.98124, 39.999711], [-104.981167, 39.999935], [-104.981051, 40.000327], [-104.980958, 40.000845], [-104.980887, 40.001543], [-104.980859, 40.005533], [-104.980864, 40.005667], [-104.98091, 40.007607], [-104.980917, 40.007893], [-104.980941, 40.010539], [-104.980905, 40.014926], [-104.980905, 40.014975], [-104.980854, 40.02268], [-104.980853, 40.029322]]}}, {"type": "Feature", "properties": {"LINEARID": "1103763396543", "FULLNAME": "I- 76", "RTTYP": "I", "MTFCC": "S1100"}, "geometry": {"type": "LineString", "coordinates": [[-105.0532, 39.796244], [-105.052558, 39.796386], [-105.051728, 39.796527], [-105.051215, 39.796597], [-105.048805, 39.796888], [-105.048122, 39.796976], [-105.047926, 39.797004], [-105.047823, 39.79702], [-105.0477, 39.797041], [-105.047482, 39.797079], [-105.047121, 39.797148], [-105.046754, 39.797228], [-105.04616, 39.797379], [-105.045991, 39.797433], [-105.045679, 39.797533], [-105.045247, 39.797689], [-105.044635, 39.797944], [-105.043861, 39.798259], [-105.043363, 39.798449], [-105.042778, 39.798651], [-105.042247, 39.7988], [-105.04175, 39.79892], [-105.041498, 39.798974], [-105.040972, 39.799062], [-105.040554, 39.799118], [-105.039994, 39.799174], [-105.039588, 39.799195], [-105.03931, 39.799205], [-105.038317, 39.799229], [-105.037724, 39.799238], [-105.036944, 39.799249], [-105.036004, 39.799271], [-105.034717, 39.799284], [-105.033055, 39.799319], [-105.032578, 39.799339], [-105.031884, 39.79938], [-105.031747, 39.799391], [-105.031587, 39.799404], [-105.031413, 39.799418], [-105.031208, 39.799434], [-105.030927, 39.79946], [-105.030336, 39.799521], [-105.029853, 39.799582], [-105.028984, 39.799702], [-105.028117, 39.799847], [-105.027736, 39.79992], [-105.027375, 39.799989], [-105.026906, 39.800085], [-105.025994, 39.800298], [-105.025408, 39.800448], [-105.025194, 39.800505], [-105.024263, 39.800774], [-105.023742, 39.800941], [-105.02281, 39.801258], [-105.022156, 39.8015], [-105.021447, 39.801783], [-105.021034, 39.801958], [-105.020336, 39.802272], [-105.019761, 39.802542], [-105.019024, 39.802917], [-105.018796, 39.803038], [-105.018264, 39.803336], [-105.018213, 39.803364], [-105.018152, 39.803398], [-105.017956, 39.803508], [-105.017165, 39.803958], [-105.016789, 39.804184], [-105.016535, 39.804324], [-105.016424, 39.804392], [-105.014519, 39.805496], [-105.014338, 39.8056], [-105.014048, 39.805767], [-105.013905, 39.805849], [-105.013585, 39.806024], [-105.012905, 39.806374], [-105.012514, 39.80656], [-105.012122, 39.806748], [-105.011901, 39.806849], [-105.01123, 39.80715], [-105.010287, 39.807527], [-105.009842, 39.807696], [-105.009586, 39.807787], [-105.009086, 39.807962], [-105.008419, 39.808184], [-105.007862, 39.808352], [-105.007321, 39.808504], [-105.006561, 39.808705], [-105.006407, 39.808742], [-105.006296, 39.808767], [-105.006178, 39.808797], [-105.005085, 39.809043], [-105.003977, 39.809262], [-105.002757, 39.809492], [-105.001921, 39.809654], [-105.000651, 39.80991], [-104.999729, 39.810087], [-104.999046, 39.810263], [-104.997915, 39.810555], [-104.997535, 39.810672], [-104.997364, 39.810725], [-104.996829, 39.810877], [-104.996376, 39.811007], [-104.995709, 39.811225], [-104.995285, 39.811358], [-104.994572, 39.811601], [-104.993226, 39.8121], [-104.992329, 39.812474], [-104.991858, 39.812675], [-104.991556, 39.81281], [-104.990645, 39.81322], [-104.990121, 39.813469], [-104.989779, 39.813627], [-104.989507, 39.81376], [-104.988847, 39.814095], [-104.9881, 39.81449], [-104.987742, 39.814695], [-104.987476, 39.81483], [-104.987363, 39.814887], [-104.986976, 39.815114], [-104.985968, 39.815721], [-104.985322, 39.816098], [-104.98351, 39.817169], [-104.983267, 39.817313], [-104.983227, 39.817336], [-104.982914, 39.817521], [-104.98264, 39.817685], [-104.982403, 39.817826], [-104.981413, 39.818416], [-104.981111, 39.818605], [-104.9805, 39.818962], [-104.980199, 39.819132], [-104.979793, 39.819376], [-104.979349, 39.819649], [-104.979047, 39.819826], [-104.978691, 39.820018], [-104.978273, 39.820224], [-104.977998, 39.82035], [-104.977241, 39.820702], [-104.976643, 39.820959], [-104.976102, 39.821181], [-104.975528, 39.821398], [-104.975199, 39.821509], [-104.973822, 39.821929], [-104.973273, 39.82208], [-104.972645, 39.822253], [-104.972235, 39.822354], [-104.971809, 39.822443], [-104.971295, 39.822536], [-104.970373, 39.822688], [-104.969655, 39.822778], [-104.969342, 39.822811], [-104.969144, 39.822836], [-104.967792, 39.823027], [-104.965174, 39.823381], [-104.964871, 39.823424], [-104.96464, 39.823457], [-104.964355, 39.823506], [-104.964333, 39.82351], [-104.964287, 39.823518], [-104.963896, 39.823586], [-104.963796, 39.823601], [-104.963716, 39.823613], [-104.963474, 39.823649], [-104.96323, 39.8237], [-104.961967, 39.823886], [-104.961736, 39.82392], [-104.96041, 39.824117], [-104.959168, 39.824263], [-104.957867, 39.824458], [-104.955579, 39.824786], [-104.953248, 39.82512], [-104.951742, 39.825345], [-104.95116, 39.825442], [-104.950502, 39.825563], [-104.950115, 39.825656], [-104.949619, 39.8258], [-104.949133, 39.825956], [-104.948975, 39.826007], [-104.948814, 39.826066], [-104.948772, 39.826082], [-104.948485, 39.826182], [-104.948332, 39.826235], [-104.947727, 39.826469], [-104.947381, 39.826625], [-104.946812, 39.826904], [-104.946262, 39.827196], [-104.945686, 39.827541], [-104.945296, 39.827797], [-104.944936, 39.828053], [-104.944488, 39.82839], [-104.943941, 39.828836], [-104.943402, 39.829267], [-104.94275, 39.82981], [-104.942377, 39.830114], [-104.941966, 39.830459], [-104.941653, 39.830707], [-104.941467, 39.830859], [-104.94088, 39.83134], [-104.940198, 39.831891], [-104.939449, 39.832501], [-104.938699, 39.833113], [-104.938271, 39.833446], [-104.937855, 39.833808], [-104.937313, 39.834244], [-104.93711, 39.8344], [-104.935997, 39.835305], [-104.935787, 39.835476], [-104.934953, 39.83617], [-104.934234, 39.836757], [-104.932632, 39.838065], [-104.931713, 39.838807], [-104.931504, 39.838976], [-104.931338, 39.839113], [-104.930947, 39.839435], [-104.9301, 39.840168], [-104.929466, 39.840791], [-104.92932, 39.840939], [-104.92876, 39.841504], [-104.928271, 39.842009], [-104.926551, 39.843736], [-104.924942, 39.845361], [-104.92419, 39.846102], [-104.924029, 39.846256], [-104.923549, 39.846755], [-104.923404, 39.846898], [-104.922905, 39.847407], [-104.922638, 39.847668], [-104.922562, 39.847746], [-104.921816, 39.848506], [-104.920601, 39.849688], [-104.919989, 39.850311], [-104.917603, 39.852712], [-104.916675, 39.853637], [-104.914713, 39.855619], [-104.914458, 39.855875], [-104.914388, 39.855946], [-104.914105, 39.856231], [-104.914021, 39.856317], [-104.913732, 39.856612], [-104.913476, 39.856873], [-104.913164, 39.857173], [-104.912857, 39.857455], [-104.912793, 39.857527], [-104.912638, 39.8577], [-104.912481, 39.857878], [-104.912099, 39.858309], [-104.911664, 39.858864], [-104.911237, 39.85938], [-104.910845, 39.859843], [-104.910436, 39.860307], [-104.90955, 39.861347], [-104.908947, 39.862036], [-104.908216, 39.86293], [-104.907281, 39.864005], [-104.906835, 39.864555], [-104.906424, 39.865074], [-104.905413, 39.866248], [-104.905362, 39.866308], [-104.904958, 39.866756], [-104.904521, 39.867232], [-104.904294, 39.867492], [-104.901368, 39.870764], [-104.900115, 39.872168], [-104.899324, 39.873025], [-104.899057, 39.873304], [-104.898381, 39.87398], [-104.898085, 39.874273], [-104.897033, 39.875262], [-104.896823, 39.875464], [-104.896653, 39.875613], [-104.896444, 39.875804], [-104.896123, 39.876058], [-104.89571, 39.876399], [-104.895528, 39.876536], [-104.895305, 39.876686], [-104.895031, 39.876882], [-104.894331, 39.877341], [-104.894015, 39.877528], [-104.893703, 39.877707], [-104.893539, 39.877798], [-104.893122, 39.87803], [-104.892527, 39.878331], [-104.892078, 39.878545], [-104.891275, 39.878902], [-104.890933, 39.879043], [-104.89027, 39.879292], [-104.88975, 39.879477], [-104.888885, 39.879724], [-104.888371, 39.879871], [-104.887964, 39.879981], [-104.887413, 39.880108], [-104.887053, 39.880183], [-104.885791, 39.880416], [-104.884781, 39.880577], [-104.884153, 39.880646], [-104.883715, 39.880683], [-104.883247, 39.880715], [-104.88311, 39.880724], [-104.882285, 39.88078], [-104.882218, 39.880785], [-104.881406, 39.880839], [-104.880664, 39.880888], [-104.880279, 39.880925], [-104.879688, 39.880996], [-104.879055, 39.881083], [-104.878495, 39.881177], [-104.878058, 39.881259], [-104.877603, 39.88135], [-104.87716, 39.881448], [-104.876474, 39.881614], [-104.875828, 39.881791], [-104.875108, 39.882012], [-104.875024, 39.88204], [-104.874826, 39.882107], [-104.874654, 39.882165], [-104.873978, 39.882408], [-104.873618, 39.882547], [-104.873274, 39.882686], [-104.872871, 39.882859], [-104.872471, 39.883038], [-104.871774, 39.883373], [-104.871045, 39.883757], [-104.87023, 39.884204], [-104.869631, 39.884522], [-104.868364, 39.885212], [-104.865832, 39.886585], [-104.865377, 39.886832], [-104.865246, 39.886903], [-104.865098, 39.886983], [-104.862742, 39.88826], [-104.862248, 39.888524], [-104.861315, 39.889034], [-104.8609, 39.889258], [-104.857133, 39.891295], [-104.856136, 39.891838], [-104.855011, 39.89245], [-104.854076, 39.892959], [-104.852895, 39.893592], [-104.852571, 39.893766], [-104.848826, 39.895795], [-104.846842, 39.896869], [-104.846636, 39.896988], [-104.844062, 39.898372], [-104.842407, 39.899272], [-104.841768, 39.899616], [-104.841162, 39.899941], [-104.840686, 39.900199], [-104.839301, 39.900952], [-104.837752, 39.901779], [-104.837232, 39.902063], [-104.836897, 39.902245], [-104.835561, 39.902973], [-104.833405, 39.904114], [-104.831555, 39.905137], [-104.830177, 39.905878], [-104.830076, 39.905932], [-104.829264, 39.906367], [-104.828775, 39.906637], [-104.828188, 39.906952], [-104.827846, 39.907144], [-104.827247, 39.907473], [-104.826845, 39.907688], [-104.826315, 39.907977], [-104.826053, 39.90812], [-104.825655, 39.908328], [-104.825181, 39.90856], [-104.82472, 39.908805], [-104.824416, 39.908987], [-104.823912, 39.909257], [-104.823096, 39.909726], [-104.822451, 39.910115], [-104.822033, 39.910378], [-104.821722, 39.910587], [-104.820568, 39.911363], [-104.819727, 39.911928], [-104.81967, 39.911968], [-104.819562, 39.912044], [-104.819178, 39.912312], [-104.818732, 39.912617], [-104.818466, 39.912799], [-104.81787, 39.913219], [-104.816858, 39.913918], [-104.816486, 39.914175], [-104.816433, 39.91421], [-104.816286, 39.914313], [-104.816238, 39.914346], [-104.816119, 39.91443], [-104.815565, 39.914818], [-104.814837, 39.915329], [-104.814577, 39.915514], [-104.814449, 39.915606], [-104.813887, 39.916029], [-104.813799, 39.916097], [-104.812898, 39.916793], [-104.812032, 39.917516], [-104.811546, 39.917939], [-104.810396, 39.918926], [-104.809903, 39.919355], [-104.808749, 39.920343], [-104.806871, 39.92195], [-104.806568, 39.922215], [-104.806389, 39.922371], [-104.806065, 39.922645], [-104.805585, 39.923063], [-104.80456, 39.923933], [-104.804204, 39.924247], [-104.803624, 39.924744], [-104.803517, 39.924828], [-104.803415, 39.924917], [-104.802972, 39.9253], [-104.802636, 39.92559], [-104.80066, 39.927283], [-104.798559, 39.929103], [-104.797922, 39.929647], [-104.796893, 39.93051], [-104.795263, 39.931891], [-104.794332, 39.932652], [-104.793446, 39.933393], [-104.791292, 39.93523], [-104.791082, 39.935412], [-104.790283, 39.936107], [-104.790079, 39.936303], [-104.789659, 39.936708], [-104.789093, 39.937295], [-104.788626, 39.937811], [-104.787668, 39.938945], [-104.787201, 39.939553], [-104.786917, 39.939931], [-104.786177, 39.940943], [-104.785568, 39.941766], [-104.785202, 39.942246], [-104.784672, 39.942987], [-104.784399, 39.943343], [-104.784083, 39.943753], [-104.783615, 39.944416], [-104.78312, 39.945076], [-104.782782, 39.94549], [-104.782492, 39.945816], [-104.782255, 39.946074], [-104.782025, 39.94631], [-104.781708, 39.946604], [-104.781613, 39.946693], [-104.781236, 39.947046], [-104.78106, 39.947212], [-104.780756, 39.947504], [-104.780427, 39.94782], [-104.780317, 39.947925], [-104.780259, 39.94798], [-104.780144, 39.94809], [-104.779051, 39.94914], [-104.777535, 39.950575], [-104.7763, 39.951746], [-104.774409, 39.953492], [-104.772985, 39.954874], [-104.771928, 39.955864], [-104.771155, 39.956596], [-104.771046, 39.956702], [-104.770268, 39.957464], [-104.769786, 39.957912], [-104.769449, 39.958237], [-104.769108, 39.958552], [-104.768786, 39.958829], [-104.768459, 39.959092], [-104.768057, 39.9594], [-104.767554, 39.959761], [-104.767309, 39.959905], [-104.76705, 39.960071], [-104.7668, 39.960219], [-104.766539, 39.960359], [-104.766339, 39.960448], [-104.765879, 39.960675], [-104.7653, 39.960954], [-104.763493, 39.961764], [-104.763247, 39.961875], [-104.762554, 39.962217], [-104.762278, 39.962362], [-104.761955, 39.962551], [-104.761408, 39.962886], [-104.760595, 39.963467], [-104.759914, 39.964032], [-104.759262, 39.964643], [-104.757759, 39.966086], [-104.756484, 39.967295], [-104.755779, 39.967971], [-104.755038, 39.968671], [-104.754369, 39.969318], [-104.754151, 39.969522], [-104.751113, 39.972423], [-104.748825, 39.974608], [-104.746318, 39.976986], [-104.745291, 39.97797], [-104.744271, 39.978947], [-104.742687, 39.980464], [-104.740793, 39.982279], [-104.739063, 39.983914], [-104.736656, 39.986189], [-104.736077, 39.986664], [-104.735735, 39.986921], [-104.735578, 39.987042], [-104.734948, 39.987491], [-104.73396, 39.988166], [-104.733419, 39.988545], [-104.732779, 39.988985], [-104.731711, 39.98973], [-104.728397, 39.992013], [-104.724999, 39.994362], [-104.724272, 39.99487], [-104.724227, 39.994902], [-104.723588, 39.99534], [-104.723151, 39.995639], [-104.722869, 39.995832], [-104.722614, 39.995998], [-104.72253, 39.996053], [-104.72213, 39.996302], [-104.721615, 39.996609], [-104.721104, 39.996887], [-104.72078, 39.997057], [-104.719953, 39.997501], [-104.719125, 39.997916], [-104.718755, 39.998127], [-104.718321, 39.998352], [-104.717637, 39.998722], [-104.716849, 39.999141], [-104.716133, 39.999563], [-104.715442, 40.000003], [-104.714901, 40.000396], [-104.714754, 40.000511]]}}, {"type": "Feature", "properties": {"LINEARID": "1104322880313", "FULLNAME": "I- 76", "RTTYP": "I", "MTFCC": "S1100"}, "geometry": {"type": "LineString", "coordinates": [[-105.053193, 39.796434], [-105.052845, 39.796513], [-105.052172, 39.796646], [-105.051881, 39.796696], [-105.051446, 39.796759], [-105.048484, 39.797134], [-105.048249, 39.797165], [-105.048011, 39.797199], [-105.047879, 39.797217], [-105.047781, 39.797233], [-105.047588, 39.797264], [-105.047312, 39.797317], [-105.047171, 39.797351], [-105.04693, 39.797406], [-105.046694, 39.79746], [-105.046161, 39.797603], [-105.045777, 39.797725], [-105.045511, 39.79782], [-105.045019, 39.798013], [-105.043867, 39.798485], [-105.043461, 39.798643], [-105.043088, 39.798774], [-105.04271, 39.798889], [-105.04244, 39.798965], [-105.041877, 39.799105], [-105.041214, 39.799234], [-105.040929, 39.79928], [-105.040601, 39.799322], [-105.04006, 39.799373], [-105.039611, 39.799401], [-105.038905, 39.799423], [-105.037412, 39.799447], [-105.034716, 39.79949], [-105.033674, 39.799506], [-105.03285, 39.79953], [-105.032387, 39.799554], [-105.031718, 39.799599], [-105.031399, 39.799623], [-105.031273, 39.799633], [-105.03122, 39.799638], [-105.031013, 39.799659], [-105.030499, 39.799711], [-105.030037, 39.799764], [-105.029131, 39.799888], [-105.028582, 39.799973], [-105.027855, 39.800102], [-105.027727, 39.800127], [-105.027392, 39.800192], [-105.0265, 39.800387], [-105.026268, 39.800445], [-105.026062, 39.800492], [-105.025409, 39.800668], [-105.025207, 39.800724], [-105.024523, 39.800911], [-105.024001, 39.801073], [-105.023501, 39.801237], [-105.023077, 39.801382], [-105.022658, 39.801534], [-105.02213, 39.801733], [-105.0213, 39.802075], [-105.020889, 39.80225], [-105.020439, 39.802458], [-105.020026, 39.802654], [-105.019702, 39.802813], [-105.019278, 39.803032], [-105.018673, 39.803359], [-105.018615, 39.80339], [-105.018551, 39.803426], [-105.018352, 39.803539], [-105.017532, 39.804002], [-105.016759, 39.804449], [-105.016564, 39.804568], [-105.014836, 39.805578], [-105.014679, 39.805669], [-105.014456, 39.805798], [-105.013822, 39.806157], [-105.013285, 39.806428], [-105.012781, 39.806677], [-105.01227, 39.806919], [-105.01192, 39.80708], [-105.011226, 39.807391], [-105.010793, 39.807553], [-105.009768, 39.80795], [-105.009631, 39.808001], [-105.008564, 39.808355], [-105.008329, 39.80843], [-105.008211, 39.808462], [-105.007664, 39.808624], [-105.006753, 39.808872], [-105.006406, 39.808954], [-105.006176, 39.809008], [-105.005895, 39.809075], [-105.005505, 39.809161], [-105.005067, 39.809251], [-105.003871, 39.809481], [-105.003521, 39.809556], [-105.001824, 39.809878], [-105.001304, 39.80998], [-105.000237, 39.81024], [-105.000138, 39.810264], [-104.9982, 39.810736], [-104.997671, 39.810889], [-104.997394, 39.810971], [-104.997006, 39.811079], [-104.996828, 39.811133], [-104.996028, 39.811374], [-104.995208, 39.811636], [-104.994131, 39.812027], [-104.993255, 39.812352], [-104.992529, 39.812644], [-104.991937, 39.812903], [-104.990876, 39.813368], [-104.989936, 39.813786], [-104.988744, 39.814382], [-104.988313, 39.814617], [-104.987478, 39.815088], [-104.985699, 39.816137], [-104.985293, 39.816376], [-104.984104, 39.81709], [-104.98384, 39.817244], [-104.983527, 39.81742], [-104.983504, 39.817433], [-104.983293, 39.817556], [-104.983208, 39.817606], [-104.982906, 39.817789], [-104.982631, 39.817957], [-104.982394, 39.818101], [-104.981231, 39.818798], [-104.980366, 39.819305], [-104.979948, 39.819546], [-104.979691, 39.819687], [-104.97888, 39.820162], [-104.978341, 39.820458], [-104.977997, 39.820633], [-104.977608, 39.820832], [-104.976852, 39.821205], [-104.975667, 39.821662], [-104.97486, 39.821952], [-104.974586, 39.822044], [-104.974109, 39.822193], [-104.973814, 39.822278], [-104.973501, 39.82236], [-104.97301, 39.822479], [-104.972559, 39.822583], [-104.967292, 39.823338], [-104.965471, 39.823599], [-104.965372, 39.823603], [-104.965149, 39.823617], [-104.964675, 39.823708], [-104.964638, 39.823715], [-104.96457, 39.823724], [-104.964133, 39.823784], [-104.964026, 39.823801], [-104.963176, 39.823952], [-104.962101, 39.824113], [-104.961924, 39.824139], [-104.959991, 39.824408], [-104.959658, 39.824441], [-104.959171, 39.824503], [-104.958697, 39.824566], [-104.957023, 39.82481], [-104.956255, 39.824918], [-104.954186, 39.825224], [-104.952746, 39.825421], [-104.952036, 39.825526], [-104.951231, 39.82566], [-104.950954, 39.825714], [-104.950137, 39.825902], [-104.949854, 39.825975], [-104.949149, 39.826195], [-104.949118, 39.826206], [-104.94879, 39.826322], [-104.948502, 39.826423], [-104.94845, 39.826442], [-104.948097, 39.826575], [-104.947463, 39.826852], [-104.947199, 39.826985], [-104.94681, 39.827187], [-104.946384, 39.827422], [-104.945545, 39.827946], [-104.94515, 39.828224], [-104.944894, 39.828432], [-104.944395, 39.82882], [-104.944225, 39.828963], [-104.944034, 39.829115], [-104.943522, 39.829522], [-104.943112, 39.82984], [-104.942837, 39.830084], [-104.942063, 39.830708], [-104.941966, 39.830788], [-104.941874, 39.830862], [-104.941426, 39.831225], [-104.940622, 39.831877], [-104.939794, 39.832554], [-104.939529, 39.832771], [-104.93925, 39.832989], [-104.938276, 39.833779], [-104.937993, 39.834018], [-104.936361, 39.835337], [-104.936111, 39.835546], [-104.935762, 39.835837], [-104.935102, 39.836377], [-104.934772, 39.836641], [-104.934463, 39.836899], [-104.934225, 39.837092], [-104.934132, 39.837167], [-104.933668, 39.837554], [-104.933239, 39.837902], [-104.933022, 39.838067], [-104.932241, 39.838714], [-104.931684, 39.839168], [-104.9315, 39.839318], [-104.931318, 39.839468], [-104.930322, 39.840285], [-104.929709, 39.840854], [-104.929443, 39.841101], [-104.928693, 39.841841], [-104.927116, 39.843432], [-104.926458, 39.844104], [-104.924481, 39.846092], [-104.924208, 39.846358], [-104.923918, 39.846666], [-104.923816, 39.846776], [-104.922945, 39.847656], [-104.922649, 39.847949], [-104.922113, 39.848491], [-104.921033, 39.849583], [-104.920778, 39.849822], [-104.920544, 39.850059], [-104.920437, 39.850156], [-104.920107, 39.850488], [-104.91952, 39.851128], [-104.918083, 39.85258], [-104.916326, 39.85434], [-104.916075, 39.854583], [-104.915027, 39.85566], [-104.914813, 39.855871], [-104.914452, 39.856226], [-104.914324, 39.856352], [-104.91405, 39.856621], [-104.913257, 39.857382], [-104.91301, 39.857641], [-104.912849, 39.857811], [-104.912737, 39.857931], [-104.912687, 39.857988], [-104.912529, 39.858167], [-104.91233, 39.858402], [-104.911945, 39.858887], [-104.911274, 39.859704], [-104.911075, 39.859956], [-104.910964, 39.860069], [-104.910131, 39.861065], [-104.909047, 39.862336], [-104.908419, 39.863079], [-104.905723, 39.866144], [-104.904191, 39.867865], [-104.902447, 39.869883], [-104.902113, 39.870249], [-104.901656, 39.870762], [-104.901321, 39.871114], [-104.899565, 39.873061], [-104.899398, 39.87323], [-104.899033, 39.873582], [-104.8982, 39.874415], [-104.89803, 39.874585], [-104.897646, 39.875008], [-104.897385, 39.875308], [-104.89731, 39.875385], [-104.896959, 39.875704], [-104.896572, 39.876039], [-104.89606, 39.876446], [-104.895494, 39.876877], [-104.89418, 39.877817], [-104.893635, 39.878226], [-104.892651, 39.878905], [-104.892394, 39.879071], [-104.891887, 39.879372], [-104.891241, 39.879672], [-104.890933, 39.879819], [-104.890208, 39.880143], [-104.89, 39.88023], [-104.889802, 39.880297], [-104.889599, 39.880352], [-104.889323, 39.88041], [-104.888977, 39.880477], [-104.888728, 39.880516], [-104.888335, 39.880564], [-104.887295, 39.880644], [-104.885162, 39.880772], [-104.884797, 39.880794], [-104.884521, 39.88081], [-104.883412, 39.880879], [-104.883107, 39.880896], [-104.88297, 39.880904], [-104.882632, 39.880923], [-104.882148, 39.880956], [-104.88208, 39.88096], [-104.881269, 39.881014], [-104.880904, 39.881039], [-104.880517, 39.881075], [-104.880058, 39.881123], [-104.879646, 39.881172], [-104.879169, 39.881235], [-104.878663, 39.881317], [-104.877978, 39.881445], [-104.877272, 39.881595], [-104.876579, 39.881765], [-104.876037, 39.881909], [-104.875021, 39.882221], [-104.874971, 39.882236], [-104.874831, 39.882285], [-104.874358, 39.882451], [-104.873834, 39.88265], [-104.873335, 39.882852], [-104.872814, 39.883075], [-104.872297, 39.883312], [-104.871748, 39.883592], [-104.870764, 39.884113], [-104.868913, 39.885114], [-104.868722, 39.885212], [-104.86836, 39.885411], [-104.867935, 39.88565], [-104.866903, 39.886206], [-104.866161, 39.886613], [-104.865864, 39.886773], [-104.865586, 39.886923], [-104.865334, 39.887059], [-104.865149, 39.887159], [-104.865011, 39.887233], [-104.864893, 39.887297], [-104.862367, 39.888661], [-104.860895, 39.889459], [-104.85622, 39.891993], [-104.856118, 39.892048], [-104.85539, 39.892446], [-104.85517, 39.89257], [-104.853253, 39.893602], [-104.852439, 39.89404], [-104.848883, 39.895964], [-104.846634, 39.897186], [-104.844363, 39.898411], [-104.842517, 39.899412], [-104.842013, 39.899681], [-104.841931, 39.899725], [-104.841338, 39.900049], [-104.840763, 39.900355], [-104.840483, 39.900508], [-104.839024, 39.901303], [-104.837238, 39.902268], [-104.835282, 39.903326], [-104.833778, 39.904146], [-104.832286, 39.904926], [-104.830534, 39.905891], [-104.830297, 39.906022], [-104.829773, 39.906325], [-104.829139, 39.906682], [-104.828417, 39.907074], [-104.827848, 39.907365], [-104.827782, 39.907399], [-104.827496, 39.907545], [-104.825552, 39.908611], [-104.824767, 39.909027], [-104.824573, 39.909131], [-104.823261, 39.909833], [-104.822115, 39.910536], [-104.821503, 39.910928], [-104.820859, 39.911394], [-104.820693, 39.911507], [-104.819947, 39.912014], [-104.819467, 39.912359], [-104.819089, 39.912631], [-104.818736, 39.912873], [-104.817802, 39.913512], [-104.816869, 39.914166], [-104.816801, 39.914212], [-104.816669, 39.914306], [-104.816624, 39.914338], [-104.816499, 39.914426], [-104.816112, 39.914697], [-104.815613, 39.915041], [-104.815562, 39.915076], [-104.81478, 39.915628], [-104.814503, 39.915823], [-104.814035, 39.916176], [-104.813091, 39.916888], [-104.81197, 39.917837], [-104.80874, 39.920614], [-104.806829, 39.922257], [-104.806583, 39.922469], [-104.804397, 39.924364], [-104.803845, 39.924828], [-104.803638, 39.925001], [-104.803251, 39.925327], [-104.802921, 39.925604], [-104.801397, 39.92693], [-104.799386, 39.928656], [-104.797791, 39.930018], [-104.796811, 39.930826], [-104.795331, 39.932081], [-104.793773, 39.933395], [-104.791421, 39.935363], [-104.791171, 39.935577], [-104.7908, 39.935894], [-104.790436, 39.93623], [-104.790114, 39.936541], [-104.789944, 39.936705], [-104.789315, 39.937345], [-104.788865, 39.937827], [-104.78858, 39.93816], [-104.788247, 39.938582], [-104.787912, 39.938988], [-104.787638, 39.939341], [-104.787299, 39.939796], [-104.787008, 39.940202], [-104.786206, 39.941265], [-104.784672, 39.943343], [-104.783573, 39.944821], [-104.783333, 39.945131], [-104.783243, 39.945248], [-104.782932, 39.945617], [-104.782224, 39.946371], [-104.781966, 39.946639], [-104.781614, 39.94697], [-104.781533, 39.947048], [-104.781241, 39.947324], [-104.781027, 39.947554], [-104.780753, 39.947814], [-104.780692, 39.947871], [-104.780423, 39.948126], [-104.780312, 39.948231], [-104.780201, 39.948336], [-104.777833, 39.950576], [-104.774414, 39.95381], [-104.771315, 39.956706], [-104.771043, 39.956981], [-104.770375, 39.957639], [-104.769547, 39.958429], [-104.768769, 39.959083], [-104.768351, 39.959406], [-104.767697, 39.959871], [-104.767009, 39.960303], [-104.766691, 39.960474], [-104.766032, 39.960814], [-104.765269, 39.961161], [-104.764526, 39.96149], [-104.763428, 39.961985], [-104.762845, 39.962265], [-104.762587, 39.962397], [-104.762231, 39.962598], [-104.76172, 39.962902], [-104.760882, 39.963481], [-104.760389, 39.963867], [-104.760009, 39.964195], [-104.758882, 39.965263], [-104.758223, 39.965914], [-104.756756, 39.967326], [-104.755522, 39.9685], [-104.754276, 39.969689], [-104.75141, 39.972423], [-104.74842, 39.975275], [-104.745463, 39.978094], [-104.744447, 39.97906], [-104.742843, 39.980585], [-104.739208, 39.984039], [-104.736997, 39.986141], [-104.736226, 39.986778], [-104.736031, 39.986921], [-104.735351, 39.987429], [-104.73462, 39.987928], [-104.732371, 39.989487], [-104.72874, 39.991993], [-104.728288, 39.992309], [-104.724588, 39.994867], [-104.724531, 39.994906], [-104.724062, 39.995239], [-104.723363, 39.995712], [-104.722925, 39.996008], [-104.722644, 39.996199], [-104.722061, 39.996559], [-104.721782, 39.996722], [-104.72083, 39.997252], [-104.72021, 39.997564], [-104.718666, 39.99837], [-104.717423, 39.999028], [-104.716743, 39.99941], [-104.716126, 39.999782], [-104.71577, 40.000009], [-104.715408, 40.000259], [-104.715071, 40.000511]]}}, {"type": "Feature", "properties": {"LINEARID": "1108296281816", "FULLNAME": "US Hwy 36", "RTTYP": "U", "MTFCC": "S1100"}, "geometry": {"type": "LineString", "coordinates": [[-104.903485, 39.787288], [-104.903508, 39.787312], [-104.903627, 39.78745], [-104.90371, 39.787546], [-104.903758, 39.787598], [-104.903929, 39.787764], [-104.904185, 39.788], [-104.904454, 39.78822], [-104.904724, 39.788408], [-104.905153, 39.788679], [-104.906329, 39.789357], [-104.906725, 39.789581], [-104.907613, 39.790072], [-104.90805, 39.790302], [-104.908454, 39.790534], [-104.909055, 39.790898], [-104.909765, 39.791306], [-104.911137, 39.792082], [-104.911462, 39.792276], [-104.912303, 39.792746], [-104.912551, 39.792893], [-104.913329, 39.793325], [-104.913605, 39.793469], [-104.913914, 39.793621], [-104.91418, 39.793745], [-104.91441, 39.793845], [-104.914907, 39.794028], [-104.915373, 39.794185], [-104.915641, 39.794263], [-104.916027, 39.794377], [-104.916324, 39.794447], [-104.916563, 39.794495], [-104.916869, 39.794535], [-104.917362, 39.794604], [-104.917892, 39.794656], [-104.918139, 39.794671], [-104.918683, 39.79469], [-104.920873, 39.794703], [-104.921426, 39.794718], [-104.921886, 39.79474], [-104.922228, 39.794766], [-104.922299, 39.794771], [-104.922828, 39.794831], [-104.923223, 39.794883], [-104.923676, 39.794957], [-104.923719, 39.794965], [-104.924056, 39.795024], [-104.924533, 39.795128], [-104.925094, 39.795265], [-104.925816, 39.795479], [-104.926085, 39.795566], [-104.926388, 39.795673], [-104.926794, 39.795824], [-104.927183, 39.795984], [-104.927715, 39.796222], [-104.928214, 39.796469], [-104.928608, 39.796687], [-104.929148, 39.797007], [-104.929253, 39.797073], [-104.929859, 39.797503], [-104.930646, 39.798125], [-104.930787, 39.798241], [-104.930927, 39.798355], [-104.931244, 39.798589], [-104.932404, 39.799528], [-104.932992, 39.800028], [-104.933104, 39.800117], [-104.933228, 39.800215], [-104.933464, 39.800402], [-104.933638, 39.800533], [-104.933677, 39.800564], [-104.93387, 39.800717], [-104.934219, 39.800993], [-104.935394, 39.801946], [-104.935963, 39.802431], [-104.936653, 39.802969], [-104.937043, 39.803265], [-104.937274, 39.803423], [-104.937685, 39.803735], [-104.937739, 39.803777], [-104.937853, 39.803865], [-104.938608, 39.804439], [-104.93939, 39.805021], [-104.940357, 39.805754], [-104.940726, 39.806044], [-104.940855, 39.806146], [-104.941062, 39.806309], [-104.94123, 39.806427], [-104.941383, 39.806534], [-104.941595, 39.806684], [-104.941999, 39.806986], [-104.942446, 39.807334], [-104.943151, 39.807866], [-104.943772, 39.808353], [-104.944089, 39.808594], [-104.944703, 39.80904], [-104.945335, 39.809524], [-104.946614, 39.810483], [-104.946873, 39.810681], [-104.947408, 39.811077], [-104.948603, 39.811997], [-104.948827, 39.812167], [-104.948838, 39.812175], [-104.949035, 39.812324], [-104.949123, 39.81239], [-104.949207, 39.812454], [-104.949556, 39.812717], [-104.949895, 39.812973], [-104.951076, 39.813858], [-104.951187, 39.813941], [-104.951271, 39.813998], [-104.951389, 39.814079], [-104.951419, 39.814101], [-104.951546, 39.814197], [-104.951626, 39.814258], [-104.951705, 39.814321], [-104.952065, 39.814594], [-104.952525, 39.814917], [-104.953799, 39.815891], [-104.954478, 39.816424], [-104.955121, 39.816911], [-104.956033, 39.817563], [-104.956492, 39.817907], [-104.959211, 39.820036], [-104.959355, 39.820129], [-104.960544, 39.821034], [-104.963599, 39.823433], [-104.963796, 39.823601], [-104.963921, 39.823701], [-104.964026, 39.823801], [-104.964172, 39.823909], [-104.964362, 39.82405], [-104.965257, 39.824609], [-104.966375, 39.825264], [-104.966666, 39.825435], [-104.966955, 39.825597], [-104.967071, 39.825646], [-104.967191, 39.825704], [-104.967387, 39.825795], [-104.967866, 39.826001], [-104.968407, 39.826211], [-104.968951, 39.82642], [-104.969807, 39.826722], [-104.970356, 39.826898], [-104.970883, 39.827027], [-104.971463, 39.827181], [-104.972498, 39.827449], [-104.973282, 39.827602], [-104.974181, 39.827715], [-104.975195, 39.827787], [-104.976152, 39.827836], [-104.976996, 39.827859], [-104.977932, 39.82789], [-104.977999, 39.827893], [-104.978739, 39.827917], [-104.97909, 39.827933], [-104.979996, 39.827989], [-104.980905, 39.828056], [-104.981283, 39.828075], [-104.981509, 39.828087], [-104.981547, 39.828087], [-104.981615, 39.828087], [-104.98175, 39.828087], [-104.981956, 39.828089], [-104.982187, 39.828085], [-104.98241, 39.82808], [-104.982763, 39.828064], [-104.982917, 39.828057], [-104.983196, 39.828046], [-104.983246, 39.828044], [-104.983786, 39.828006], [-104.983921, 39.827992], [-104.984247, 39.827957], [-104.984963, 39.827867], [-104.985388, 39.827829], [-104.985775, 39.8278], [-104.986223, 39.827767], [-104.986649, 39.82774], [-104.987365, 39.827711], [-104.988693, 39.827688], [-104.991185, 39.827697], [-104.992126, 39.827705], [-104.992369, 39.827707], [-104.99374, 39.827725], [-104.994081, 39.827743], [-104.994613, 39.827787], [-104.995164, 39.827856], [-104.995727, 39.827954], [-104.996184, 39.828052], [-104.996422, 39.82811], [-104.996835, 39.82822], [-104.997237, 39.828334], [-104.997291, 39.82835], [-104.998224, 39.828622], [-104.998709, 39.828764], [-104.99956, 39.829018], [-105.000201, 39.829202], [-105.001654, 39.829633], [-105.002162, 39.829784], [-105.003302, 39.830108], [-105.004403, 39.830402], [-105.006034, 39.830837], [-105.006123, 39.83086], [-105.006221, 39.830888], [-105.007918, 39.831373], [-105.011452, 39.832392], [-105.011527, 39.832413], [-105.012533, 39.832702], [-105.015502, 39.833554], [-105.015872, 39.833658], [-105.016901, 39.833945], [-105.017192, 39.834027], [-105.019513, 39.834674], [-105.020445, 39.834951], [-105.021877, 39.83537], [-105.024782, 39.836195], [-105.025004, 39.836258], [-105.026117, 39.836575], [-105.027441, 39.836932], [-105.030788, 39.837875], [-105.031529, 39.838074], [-105.031679, 39.838111], [-105.031837, 39.838156], [-105.032229, 39.838269], [-105.032549, 39.83837], [-105.032916, 39.838505], [-105.033373, 39.838667], [-105.033805, 39.838835], [-105.034287, 39.839031], [-105.034551, 39.839137], [-105.035736, 39.839704], [-105.036728, 39.840248], [-105.037163, 39.840515], [-105.037373, 39.840644], [-105.038116, 39.841138], [-105.038808, 39.841644], [-105.039078, 39.841859], [-105.039358, 39.84208], [-105.039503, 39.842209], [-105.03972, 39.842402], [-105.040112, 39.84275], [-105.040612, 39.843221], [-105.041446, 39.844042], [-105.042648, 39.845219], [-105.042799, 39.845365], [-105.043485, 39.846031], [-105.044282, 39.84682], [-105.04483, 39.847356], [-105.04486, 39.847386], [-105.046003, 39.848506], [-105.04684, 39.849326], [-105.047526, 39.849993], [-105.047696, 39.850159], [-105.04852, 39.850969], [-105.04921, 39.851674], [-105.049826, 39.852339], [-105.050581, 39.853214], [-105.05182, 39.854771], [-105.052145, 39.855219], [-105.052188, 39.855281], [-105.052442, 39.855641], [-105.052785, 39.856164], [-105.052857, 39.856277], [-105.053055, 39.856615], [-105.053257, 39.856946]]}}, {"type": "Feature", "properties": {"LINEARID": "1108296281817", "FULLNAME": "US Hwy 36", "RTTYP": "U", "MTFCC": "S1100"}, "geometry": {"type": "LineString", "coordinates": [[-105.137579, 39.939688], [-105.137666, 39.939739], [-105.138007, 39.939951], [-105.140013, 39.941243], [-105.140589, 39.94162], [-105.140622, 39.941641], [-105.14096, 39.941858], [-105.141209, 39.942017], [-105.141517, 39.942218], [-105.142918, 39.94313], [-105.143583, 39.943552], [-105.143685, 39.943617], [-105.143805, 39.943697], [-105.144411, 39.94409], [-105.146598, 39.945508], [-105.146969, 39.945749], [-105.147911, 39.946364], [-105.148371, 39.94666], [-105.149377, 39.947309], [-105.150234, 39.94786], [-105.150586, 39.948086], [-105.151003, 39.948369], [-105.152027, 39.94908], [-105.152648, 39.949534], [-105.153826, 39.950439], [-105.153987, 39.950564], [-105.154324, 39.950825], [-105.155072, 39.951405], [-105.155512, 39.951741], [-105.155871, 39.952021], [-105.156671, 39.952634], [-105.156804, 39.952737], [-105.159129, 39.954529], [-105.159409, 39.954735], [-105.159615, 39.954885], [-105.160162, 39.955262], [-105.160297, 39.955353], [-105.160419, 39.955432], [-105.160462, 39.95546], [-105.160507, 39.955488], [-105.160574, 39.955532], [-105.160924, 39.955744], [-105.161271, 39.955944], [-105.161518, 39.95608], [-105.162091, 39.956385], [-105.162314, 39.956498], [-105.162673, 39.956672], [-105.162954, 39.956802], [-105.16326, 39.95694], [-105.163545, 39.957067], [-105.164044, 39.957272], [-105.165546, 39.957857], [-105.165705, 39.957919], [-105.166108, 39.958077], [-105.166281, 39.958145], [-105.166481, 39.958224], [-105.166999, 39.958421], [-105.168327, 39.958938], [-105.1685, 39.959005], [-105.169395, 39.95936], [-105.170032, 39.959604], [-105.176017, 39.961932], [-105.176905, 39.962271], [-105.178687, 39.96297], [-105.179248, 39.963186], [-105.17957, 39.96331], [-105.181375, 39.964014], [-105.182316, 39.964378], [-105.183653, 39.964898], [-105.184751, 39.965328], [-105.187896, 39.966551], [-105.188657, 39.966848], [-105.189283, 39.967089], [-105.190113, 39.967408], [-105.191142, 39.967813], [-105.191885, 39.968101], [-105.194592, 39.96915], [-105.198398, 39.970634], [-105.198912, 39.970831], [-105.199408, 39.971021], [-105.201458, 39.971821], [-105.202729, 39.972312], [-105.203442, 39.972591], [-105.204137, 39.972862], [-105.204837, 39.973133], [-105.207046, 39.973989], [-105.208703, 39.974671], [-105.209005, 39.974807], [-105.209355, 39.974964], [-105.20967, 39.975105], [-105.210165, 39.975328], [-105.212831, 39.976562], [-105.21317, 39.976718], [-105.213374, 39.976813], [-105.21353, 39.976886], [-105.214957, 39.977545], [-105.217579, 39.978763], [-105.217671, 39.978805], [-105.219857, 39.97981], [-105.220543, 39.980126], [-105.220844, 39.980264], [-105.221155, 39.980408], [-105.221639, 39.980631], [-105.223213, 39.981359], [-105.225819, 39.982564], [-105.225949, 39.982624], [-105.226329, 39.982801], [-105.226426, 39.982846], [-105.226536, 39.982897], [-105.227613, 39.983393], [-105.228379, 39.983746], [-105.229498, 39.984262], [-105.230493, 39.984726], [-105.231497, 39.985192], [-105.231722, 39.985296], [-105.231896, 39.985376], [-105.232174, 39.985504], [-105.232325, 39.985573], [-105.232641, 39.985718], [-105.233018, 39.985892], [-105.233246, 39.985996], [-105.233913, 39.986298], [-105.234397, 39.986524], [-105.234567, 39.986603], [-105.235203, 39.986901], [-105.23565, 39.987121], [-105.23668, 39.987621], [-105.237122, 39.987866], [-105.23777, 39.988224], [-105.240136, 39.989596], [-105.24242, 39.990923], [-105.245437, 39.992675], [-105.245842, 39.992908], [-105.248363, 39.994362], [-105.248878, 39.994661], [-105.251921, 39.99643], [-105.252481, 39.996754], [-105.253009, 39.997059], [-105.253499, 39.997344], [-105.254933, 39.998175], [-105.255906, 39.998734], [-105.256231, 39.998911], [-105.256541, 39.999103], [-105.256776, 39.999267], [-105.257109, 39.999531], [-105.257375, 39.999775], [-105.257552, 39.999967], [-105.257702, 40.000129], [-105.257735, 40.000179], [-105.257833, 40.000327], [-105.258098, 40.000726], [-105.258232, 40.000973], [-105.258349, 40.001238], [-105.258441, 40.001509], [-105.258507, 40.001784], [-105.258548, 40.002062], [-105.258564, 40.0024], [-105.258567, 40.002902]]}}, {"type": "Feature", "properties": {"LINEARID": "1108296281819", "FULLNAME": "US Hwy 36", "RTTYP": "U", "MTFCC": "S1100"}, "geometry": {"type": "LineString", "coordinates": [[-105.137579, 39.939688], [-105.137178, 39.939449], [-105.13685, 39.939261], [-105.136727, 39.939198], [-105.136217, 39.938929], [-105.135712, 39.938685], [-105.134276, 39.938033], [-105.134016, 39.937919], [-105.133537, 39.937699], [-105.132898, 39.937419], [-105.132317, 39.937155], [-105.132208, 39.937104], [-105.131931, 39.936975], [-105.131308, 39.936702], [-105.130695, 39.936423], [-105.129571, 39.935926], [-105.128918, 39.935623], [-105.128582, 39.935481], [-105.128381, 39.935385], [-105.127804, 39.935121], [-105.127382, 39.934933], [-105.127162, 39.934835], [-105.126708, 39.934622], [-105.125959, 39.934292], [-105.125187, 39.93394], [-105.124398, 39.933566], [-105.122803, 39.932876], [-105.122424, 39.9327], [-105.122138, 39.932566], [-105.121834, 39.932434], [-105.121528, 39.932287], [-105.121398, 39.932224], [-105.12101, 39.932022], [-105.120942, 39.931984], [-105.120619, 39.931806], [-105.120351, 39.931638], [-105.119688, 39.931243], [-105.119157, 39.930879], [-105.118942, 39.930715], [-105.118762, 39.930596], [-105.118325, 39.930269], [-105.117929, 39.929954], [-105.117615, 39.929716], [-105.117245, 39.92941], [-105.116539, 39.92887], [-105.116244, 39.928635], [-105.115898, 39.92836], [-105.115814, 39.928294], [-105.115557, 39.928104], [-105.115431, 39.928011], [-105.114207, 39.92706], [-105.111778, 39.925145], [-105.111145, 39.924675], [-105.110578, 39.924287], [-105.110147, 39.92401], [-105.109698, 39.923742], [-105.109169, 39.92344], [-105.10872, 39.923205], [-105.108119, 39.922907], [-105.107199, 39.922481], [-105.105985, 39.921923], [-105.105034, 39.921486], [-105.103868, 39.92095], [-105.103158, 39.920624], [-105.096575, 39.917598], [-105.096101, 39.917378], [-105.095911, 39.917278], [-105.095442, 39.917059], [-105.095162, 39.916924], [-105.094597, 39.916629], [-105.094072, 39.916342], [-105.093928, 39.916259], [-105.093732, 39.916147], [-105.093572, 39.916056], [-105.093156, 39.915801], [-105.092829, 39.915589], [-105.092508, 39.915372], [-105.091977, 39.914998], [-105.091674, 39.914771], [-105.091292, 39.914471], [-105.091172, 39.914368], [-105.090804, 39.914052], [-105.090282, 39.913583], [-105.090013, 39.913321], [-105.089906, 39.913217], [-105.089653, 39.912958], [-105.089143, 39.912396], [-105.089003, 39.912234], [-105.08855, 39.91167], [-105.088406, 39.911464], [-105.088277, 39.911281], [-105.08523, 39.906936], [-105.084, 39.905182], [-105.083439, 39.904378], [-105.083343, 39.90424], [-105.08243, 39.902944], [-105.081813, 39.902055], [-105.081573, 39.901714], [-105.081516, 39.901634], [-105.081095, 39.901036], [-105.08104, 39.900956], [-105.080489, 39.900158], [-105.08025, 39.899819]]}}, {"type": "Feature", "properties": {"LINEARID": "1108296281820", "FULLNAME": "US Hwy 36", "RTTYP": "U", "MTFCC": "S1100"}, "geometry": {"type": "LineString", "coordinates": [[-105.053257, 39.856946], [-105.053791, 39.857908], [-105.054381, 39.859025], [-105.054594, 39.859486], [-105.054764, 39.859811], [-105.055101, 39.860575], [-105.055328, 39.861058], [-105.055487, 39.861417], [-105.056042, 39.8626], [-105.056378, 39.863342], [-105.056488, 39.863602], [-105.05729, 39.865276], [-105.05791, 39.866667], [-105.057984, 39.866833], [-105.058672, 39.868286], [-105.059096, 39.869263], [-105.059424, 39.870004], [-105.059447, 39.870056], [-105.059522, 39.870206], [-105.05989, 39.870938], [-105.060311, 39.87166], [-105.06076, 39.872271], [-105.060939, 39.87253], [-105.061102, 39.872753], [-105.061254, 39.87296], [-105.061921, 39.873873], [-105.062721, 39.874941], [-105.0634, 39.87587], [-105.064305, 39.877087], [-105.064917, 39.877922], [-105.06544, 39.878665], [-105.066498, 39.880047], [-105.067122, 39.880926], [-105.068565, 39.882874], [-105.068699, 39.883067], [-105.068746, 39.883134], [-105.069109, 39.883632], [-105.070097, 39.884922], [-105.071395, 39.886678], [-105.071668, 39.887033], [-105.071814, 39.887249], [-105.072367, 39.888015], [-105.07344, 39.889457], [-105.073697, 39.889829], [-105.074126, 39.890452], [-105.074242, 39.890595], [-105.074934, 39.891492], [-105.07545, 39.892179], [-105.075541, 39.8923], [-105.075563, 39.89233], [-105.076153, 39.893132], [-105.07669, 39.893888], [-105.076965, 39.894338], [-105.077861, 39.895883], [-105.078304, 39.896684], [-105.078872, 39.897683], [-105.079249, 39.898327], [-105.079522, 39.898767], [-105.08025, 39.899819]]}}, {"type": "Feature", "properties": {"LINEARID": "1108296281844", "FULLNAME": "US Hwy 36", "RTTYP": "U", "MTFCC": "S1100"}, "geometry": {"type": "LineString", "coordinates": [[-104.903479, 39.786798], [-104.903522, 39.786859], [-104.903797, 39.787216], [-104.903909, 39.787343], [-104.904117, 39.787565], [-104.904378, 39.787806], [-104.90453, 39.787935], [-104.904631, 39.788016], [-104.905339, 39.788506], [-104.90978, 39.791027], [-104.910075, 39.791184], [-104.910498, 39.791441], [-104.910765, 39.791586], [-104.911131, 39.791795], [-104.912306, 39.792476], [-104.912883, 39.792795], [-104.913132, 39.792937], [-104.913338, 39.793055], [-104.913834, 39.793317], [-104.914105, 39.793451], [-104.914575, 39.793656], [-104.914799, 39.793744], [-104.915033, 39.793829], [-104.915477, 39.793975], [-104.915699, 39.79404], [-104.915982, 39.794115], [-104.916231, 39.794175], [-104.916512, 39.794232], [-104.916877, 39.794299], [-104.917278, 39.794362], [-104.917828, 39.794419], [-104.918167, 39.794443], [-104.918604, 39.794463], [-104.919049, 39.79447], [-104.920118, 39.794468], [-104.920865, 39.794477], [-104.921711, 39.794502], [-104.922451, 39.794559], [-104.922817, 39.794597], [-104.923112, 39.794635], [-104.923507, 39.794695], [-104.923878, 39.794757], [-104.924261, 39.794831], [-104.9247, 39.79493], [-104.925249, 39.795074], [-104.925737, 39.795207], [-104.926105, 39.795322], [-104.926529, 39.795473], [-104.927025, 39.795658], [-104.927498, 39.795854], [-104.927893, 39.796034], [-104.928261, 39.796218], [-104.928731, 39.796471], [-104.929002, 39.796631], [-104.929396, 39.796871], [-104.929801, 39.797136], [-104.930288, 39.797489], [-104.930872, 39.797956], [-104.930943, 39.798014], [-104.932171, 39.799006], [-104.933042, 39.799682], [-104.933295, 39.79989], [-104.933426, 39.799997], [-104.93372, 39.80024], [-104.933881, 39.800381], [-104.93439, 39.800803], [-104.936013, 39.802116], [-104.937689, 39.803462], [-104.937751, 39.803512], [-104.937891, 39.803626], [-104.938529, 39.804143], [-104.940852, 39.805895], [-104.940891, 39.805925], [-104.94101, 39.806014], [-104.94133, 39.806253], [-104.941517, 39.806393], [-104.942179, 39.806884], [-104.94269, 39.807284], [-104.943679, 39.808026], [-104.945443, 39.809374], [-104.946552, 39.810213], [-104.948975, 39.812033], [-104.949142, 39.812159], [-104.949232, 39.812228], [-104.949317, 39.812292], [-104.949885, 39.812723], [-104.951152, 39.813687], [-104.95128, 39.813784], [-104.951401, 39.813866], [-104.951484, 39.813922], [-104.951514, 39.813942], [-104.9516, 39.814], [-104.951642, 39.814032], [-104.951735, 39.814104], [-104.951797, 39.814155], [-104.952099, 39.814399], [-104.954343, 39.816098], [-104.955641, 39.817084], [-104.956567, 39.817775], [-104.958107, 39.818956], [-104.959214, 39.819791], [-104.960742, 39.820929], [-104.963977, 39.823267], [-104.964115, 39.823366], [-104.964287, 39.823518], [-104.964434, 39.823626], [-104.96457, 39.823724], [-104.964724, 39.823833], [-104.964908, 39.823963], [-104.965504, 39.824382], [-104.965984, 39.824684], [-104.96666, 39.825067], [-104.967049, 39.825285], [-104.967238, 39.825379], [-104.967343, 39.825431], [-104.967478, 39.825494], [-104.967938, 39.825691], [-104.968786, 39.82608], [-104.969491, 39.826361], [-104.970131, 39.826563], [-104.970884, 39.826758], [-104.971939, 39.827008], [-104.972795, 39.827183], [-104.973413, 39.827271], [-104.973684, 39.82731], [-104.97443, 39.827362], [-104.976399, 39.827407], [-104.977944, 39.827429], [-104.978683, 39.827429], [-104.980782, 39.82743], [-104.980817, 39.82743], [-104.980861, 39.82743], [-104.981237, 39.82743], [-104.981347, 39.82743], [-104.982285, 39.827414], [-104.982446, 39.827411], [-104.982807, 39.827415], [-104.983159, 39.827419], [-104.983233, 39.82742], [-104.983893, 39.827425], [-104.984123, 39.82744], [-104.984462, 39.827451], [-104.984519, 39.827454], [-104.985109, 39.827474], [-104.986667, 39.827482], [-104.987214, 39.82747], [-104.987363, 39.827465], [-104.987685, 39.827452], [-104.988807, 39.827456], [-104.989548, 39.827449], [-104.991452, 39.827452], [-104.992939, 39.827464], [-104.993652, 39.827478], [-104.994189, 39.827515], [-104.994807, 39.827576], [-104.995367, 39.827657], [-104.995559, 39.827689], [-104.995998, 39.827775], [-104.996185, 39.827815], [-104.996699, 39.827936], [-104.9968, 39.827961], [-104.997237, 39.828074], [-104.997289, 39.828088], [-104.997461, 39.828132], [-104.998231, 39.828354], [-104.998849, 39.828532], [-104.999288, 39.828658], [-105.000062, 39.828873], [-105.000203, 39.828915], [-105.00258, 39.829566], [-105.003807, 39.829923], [-105.004075, 39.830001], [-105.005629, 39.83046], [-105.006031, 39.830575], [-105.006224, 39.83063], [-105.006969, 39.830836], [-105.011346, 39.832101], [-105.012538, 39.832446], [-105.014104, 39.832893], [-105.015504, 39.833301], [-105.016033, 39.833453], [-105.016811, 39.833677], [-105.017971, 39.834021], [-105.019237, 39.834385], [-105.020324, 39.834706], [-105.021269, 39.834999], [-105.022074, 39.835232], [-105.023412, 39.835606], [-105.023645, 39.835668], [-105.024781, 39.836004], [-105.025003, 39.836063], [-105.026586, 39.836498], [-105.027554, 39.836779], [-105.03034, 39.837556], [-105.031358, 39.837851], [-105.031774, 39.837971], [-105.032218, 39.838117], [-105.032765, 39.838305], [-105.033725, 39.838644], [-105.034288, 39.838878], [-105.034474, 39.838955], [-105.035076, 39.839221], [-105.035737, 39.839552], [-105.036537, 39.840001], [-105.036919, 39.840224], [-105.037373, 39.840504], [-105.03783, 39.840786], [-105.038352, 39.841153], [-105.039046, 39.841676], [-105.039281, 39.841862], [-105.039625, 39.842139], [-105.039692, 39.842199], [-105.039888, 39.842377], [-105.04025, 39.842705], [-105.041016, 39.843432], [-105.041528, 39.843936], [-105.042738, 39.845123], [-105.04289, 39.845271], [-105.043529, 39.845892], [-105.043744, 39.846107], [-105.044571, 39.846915], [-105.04493, 39.847274], [-105.045306, 39.847649], [-105.04602, 39.848349], [-105.046251, 39.848582], [-105.046638, 39.84896], [-105.047803, 39.850098], [-105.048614, 39.850898], [-105.049346, 39.851644], [-105.050001, 39.852358], [-105.050764, 39.853239], [-105.051248, 39.853837], [-105.0518, 39.854554], [-105.052241, 39.855163], [-105.05234, 39.855305], [-105.052816, 39.855986], [-105.052867, 39.856068], [-105.053289, 39.856764]]}}, {"type": "Feature", "properties": {"LINEARID": "1108296281845", "FULLNAME": "US Hwy 36", "RTTYP": "U", "MTFCC": "S1100"}, "geometry": {"type": "LineString", "coordinates": [[-105.137592, 39.939543], [-105.137417, 39.939439], [-105.136927, 39.939158], [-105.136777, 39.939077], [-105.136384, 39.938871], [-105.135668, 39.938524], [-105.132286, 39.936997], [-105.131264, 39.936535], [-105.128799, 39.935432], [-105.127648, 39.934907], [-105.127421, 39.934807], [-105.127201, 39.93471], [-105.123013, 39.93282], [-105.1217, 39.932189], [-105.121571, 39.932126], [-105.121265, 39.931967], [-105.120795, 39.931712], [-105.120377, 39.931469], [-105.119389, 39.930866], [-105.118975, 39.930579], [-105.118463, 39.9302], [-105.117757, 39.929653], [-105.117243, 39.929241], [-105.116467, 39.928636], [-105.116443, 39.928618], [-105.116133, 39.928362], [-105.115868, 39.928145], [-105.115742, 39.928044], [-105.115272, 39.927668], [-105.114743, 39.927261], [-105.114043, 39.926702], [-105.112162, 39.925227], [-105.1116, 39.924798], [-105.11108, 39.924415], [-105.110692, 39.924158], [-105.110385, 39.923964], [-105.109643, 39.923516], [-105.1089, 39.923107], [-105.108403, 39.922858], [-105.107933, 39.922635], [-105.106022, 39.921759], [-105.105216, 39.921389], [-105.103171, 39.920451], [-105.100728, 39.919331], [-105.09997, 39.918983], [-105.099223, 39.91866], [-105.097199, 39.917726], [-105.096287, 39.917314], [-105.095506, 39.916951], [-105.09444, 39.916406], [-105.094088, 39.916206], [-105.093891, 39.916094], [-105.093579, 39.915916], [-105.092517, 39.915224], [-105.091905, 39.91477], [-105.091356, 39.914337], [-105.091232, 39.91424], [-105.090555, 39.913636], [-105.09028, 39.913375], [-105.089931, 39.913033], [-105.0896, 39.912687], [-105.089364, 39.912428], [-105.08928, 39.912328], [-105.088731, 39.911664], [-105.088593, 39.911468], [-105.088468, 39.91129], [-105.085417, 39.906945], [-105.084141, 39.905128], [-105.083627, 39.904391], [-105.081757, 39.901722], [-105.081697, 39.901637], [-105.080631, 39.90014], [-105.080424, 39.899819]]}}, {"type": "Feature", "properties": {"LINEARID": "1108296281846", "FULLNAME": "US Hwy 36", "RTTYP": "U", "MTFCC": "S1100"}, "geometry": {"type": "LineString", "coordinates": [[-105.053289, 39.856764], [-105.053321, 39.856812], [-105.053482, 39.857053], [-105.053951, 39.857859], [-105.053995, 39.857935], [-105.054409, 39.858741], [-105.054876, 39.859708], [-105.05635, 39.862904], [-105.056532, 39.863295], [-105.056668, 39.863591], [-105.057298, 39.864965], [-105.058537, 39.867664], [-105.059505, 39.869806], [-105.059601, 39.870028], [-105.059643, 39.870125], [-105.059702, 39.87023], [-105.0601, 39.870945], [-105.060308, 39.871321], [-105.060507, 39.87166], [-105.060717, 39.871967], [-105.060881, 39.872194], [-105.061011, 39.872381], [-105.061198, 39.872651], [-105.062427, 39.874325], [-105.064354, 39.876897], [-105.065113, 39.877939], [-105.065384, 39.878306], [-105.068861, 39.883009], [-105.068896, 39.883057], [-105.069054, 39.883262], [-105.069608, 39.884013], [-105.06986, 39.884311], [-105.070582, 39.885325], [-105.071802, 39.886979], [-105.072495, 39.887941], [-105.073868, 39.889798], [-105.074238, 39.890298], [-105.074264, 39.890333], [-105.07543, 39.891915], [-105.075597, 39.892139], [-105.075896, 39.892542], [-105.076131, 39.892862], [-105.076326, 39.893118], [-105.076658, 39.893585], [-105.077031, 39.894154], [-105.077204, 39.894434], [-105.078774, 39.897181], [-105.078992, 39.897546], [-105.079339, 39.898178], [-105.079629, 39.898656], [-105.08, 39.899198], [-105.080411, 39.899799], [-105.080424, 39.899819]]}}, {"type": "Feature", "properties": {"LINEARID": "1108311514146", "FULLNAME": "US Hwy 36", "RTTYP": "U", "MTFCC": "S1100"}, "geometry": {"type": "LineString", "coordinates": [[-105.258753, 40.003036], [-105.258776, 40.001548], [-105.258745, 40.001115], [-105.258709, 40.000955], [-105.258586, 40.000625], [-105.258539, 40.000515], [-105.258437, 40.000371], [-105.258394, 40.000309], [-105.258334, 40.000225], [-105.258227, 40.000075], [-105.258152, 40.000004], [-105.258027, 39.999895], [-105.257931, 39.999821], [-105.257758, 39.999687], [-105.257472, 39.999492], [-105.256624, 39.998999], [-105.25511, 39.998122], [-105.253179, 39.997002], [-105.252636, 39.996691], [-105.252148, 39.996411], [-105.251389, 39.995981], [-105.248901, 39.994546], [-105.24847, 39.994297], [-105.246025, 39.992867], [-105.242511, 39.990829], [-105.240204, 39.989491], [-105.238, 39.98821], [-105.237304, 39.987813], [-105.23702, 39.98765], [-105.236295, 39.987272], [-105.235732, 39.987007], [-105.234721, 39.986536], [-105.234551, 39.986458], [-105.23354, 39.985996], [-105.233188, 39.985834], [-105.233026, 39.985758], [-105.232937, 39.985717], [-105.23271, 39.985611], [-105.232591, 39.985556], [-105.232558, 39.985541], [-105.232431, 39.985482], [-105.232346, 39.985442], [-105.231978, 39.985272], [-105.231926, 39.985248], [-105.231791, 39.985185], [-105.231553, 39.985075], [-105.231144, 39.984885], [-105.230941, 39.98479], [-105.23024, 39.984465], [-105.229302, 39.984033], [-105.228725, 39.983765], [-105.227629, 39.983259], [-105.226883, 39.982914], [-105.225978, 39.982496], [-105.225893, 39.982457], [-105.223295, 39.98126], [-105.221707, 39.980528], [-105.221214, 39.9803], [-105.220645, 39.980037], [-105.219933, 39.979707], [-105.218737, 39.979153], [-105.217754, 39.978703], [-105.217557, 39.978613], [-105.215036, 39.977444], [-105.213476, 39.976721], [-105.212833, 39.976424], [-105.210265, 39.975236], [-105.209907, 39.975075], [-105.209425, 39.974856], [-105.20914, 39.974727], [-105.208568, 39.974468], [-105.207547, 39.974056], [-105.206511, 39.973647], [-105.204918, 39.973027], [-105.203473, 39.972466], [-105.199084, 39.970762], [-105.196589, 39.969792], [-105.195301, 39.969297], [-105.194078, 39.968815], [-105.192854, 39.968343], [-105.191931, 39.967984], [-105.189256, 39.966943], [-105.187211, 39.966144], [-105.186325, 39.965806], [-105.18502, 39.965298], [-105.184619, 39.965143], [-105.18374, 39.964799], [-105.182466, 39.964301], [-105.181471, 39.963916], [-105.179249, 39.963051], [-105.178468, 39.962747], [-105.177834, 39.962505], [-105.177082, 39.962206], [-105.17619, 39.961863], [-105.175146, 39.961455], [-105.172524, 39.960434], [-105.171758, 39.96014], [-105.171, 39.95984], [-105.170011, 39.959458], [-105.169446, 39.959236], [-105.168833, 39.959001], [-105.16657, 39.958118], [-105.166373, 39.958042], [-105.166166, 39.957961], [-105.166071, 39.957924], [-105.165735, 39.957794], [-105.165571, 39.95773], [-105.164921, 39.957481], [-105.164854, 39.957455], [-105.164408, 39.957282], [-105.164021, 39.957128], [-105.163521, 39.956918], [-105.163009, 39.956687], [-105.162329, 39.95636], [-105.162081, 39.956238], [-105.161898, 39.956139], [-105.161711, 39.956039], [-105.161377, 39.955847], [-105.160709, 39.955436], [-105.160665, 39.955407], [-105.160457, 39.955269], [-105.160314, 39.955174], [-105.159241, 39.954425], [-105.157912, 39.953422], [-105.156778, 39.95256], [-105.156417, 39.95227], [-105.155604, 39.951637], [-105.155288, 39.95139], [-105.154884, 39.951085], [-105.154547, 39.950825], [-105.154071, 39.950457], [-105.153101, 39.949712], [-105.152568, 39.949308], [-105.15205, 39.948933], [-105.15142, 39.948495], [-105.150998, 39.948211], [-105.150466, 39.947863], [-105.149963, 39.947534], [-105.147484, 39.945923], [-105.146998, 39.94561], [-105.14663, 39.945373], [-105.145962, 39.944942], [-105.14383, 39.943554], [-105.143364, 39.943252], [-105.142999, 39.943028], [-105.141644, 39.94215], [-105.141075, 39.941782], [-105.140904, 39.941671], [-105.140884, 39.941658], [-105.140725, 39.941555], [-105.140326, 39.941295], [-105.13965, 39.940866], [-105.138788, 39.940295], [-105.137951, 39.939764], [-105.137592, 39.939543]]}}, {"type": "Feature", "properties": {"LINEARID": "1104493025729", "FULLNAME": "I- 270", "RTTYP": "I", "MTFCC": "S1100"}, "geometry": {"type": "LineString", "coordinates": [[-104.977999, 39.827893], [-104.977932, 39.82789], [-104.976996, 39.827859], [-104.976152, 39.827836], [-104.975195, 39.827787], [-104.974181, 39.827715], [-104.973282, 39.827602], [-104.972498, 39.827449], [-104.971463, 39.827181], [-104.970883, 39.827027], [-104.970356, 39.826898], [-104.969807, 39.826722], [-104.968951, 39.82642], [-104.968407, 39.826211], [-104.967866, 39.826001], [-104.967387, 39.825795], [-104.967191, 39.825704], [-104.967071, 39.825646], [-104.966955, 39.825597], [-104.966666, 39.825435], [-104.966375, 39.825264], [-104.965257, 39.824609], [-104.964362, 39.82405], [-104.964172, 39.823909], [-104.964026, 39.823801], [-104.963921, 39.823701], [-104.963796, 39.823601], [-104.963599, 39.823433], [-104.960544, 39.821034], [-104.959355, 39.820129], [-104.959211, 39.820036], [-104.956492, 39.817907], [-104.956033, 39.817563], [-104.955121, 39.816911], [-104.954478, 39.816424], [-104.953799, 39.815891], [-104.952525, 39.814917], [-104.952065, 39.814594], [-104.951705, 39.814321], [-104.951626, 39.814258], [-104.951546, 39.814197], [-104.951419, 39.814101], [-104.951389, 39.814079], [-104.951271, 39.813998], [-104.951187, 39.813941], [-104.951076, 39.813858], [-104.949895, 39.812973], [-104.949556, 39.812717], [-104.949207, 39.812454], [-104.949123, 39.81239], [-104.949035, 39.812324], [-104.948838, 39.812175], [-104.948827, 39.812167], [-104.948603, 39.811997], [-104.947408, 39.811077], [-104.946873, 39.810681], [-104.946614, 39.810483], [-104.945335, 39.809524], [-104.944703, 39.80904], [-104.944089, 39.808594], [-104.943772, 39.808353], [-104.943151, 39.807866], [-104.942446, 39.807334], [-104.941999, 39.806986], [-104.941595, 39.806684], [-104.941383, 39.806534], [-104.94123, 39.806427], [-104.941062, 39.806309], [-104.940855, 39.806146], [-104.940726, 39.806044], [-104.940357, 39.805754], [-104.93939, 39.805021], [-104.938608, 39.804439], [-104.937853, 39.803865], [-104.937739, 39.803777], [-104.937685, 39.803735], [-104.937274, 39.803423], [-104.937043, 39.803265], [-104.936653, 39.802969], [-104.935963, 39.802431], [-104.935394, 39.801946], [-104.934219, 39.800993], [-104.93387, 39.800717], [-104.933677, 39.800564], [-104.933638, 39.800533], [-104.933464, 39.800402], [-104.933228, 39.800215], [-104.933104, 39.800117], [-104.932992, 39.800028], [-104.932404, 39.799528], [-104.931244, 39.798589], [-104.930927, 39.798355], [-104.930787, 39.798241], [-104.930646, 39.798125], [-104.929859, 39.797503], [-104.929253, 39.797073], [-104.929148, 39.797007], [-104.928608, 39.796687], [-104.928214, 39.796469], [-104.927715, 39.796222], [-104.927183, 39.795984], [-104.926794, 39.795824], [-104.926388, 39.795673], [-104.926085, 39.795566], [-104.925816, 39.795479], [-104.925094, 39.795265], [-104.924533, 39.795128], [-104.924056, 39.795024], [-104.923719, 39.794965], [-104.923676, 39.794957], [-104.923223, 39.794883], [-104.922828, 39.794831], [-104.922299, 39.794771], [-104.922228, 39.794766], [-104.921886, 39.79474], [-104.921426, 39.794718], [-104.920873, 39.794703], [-104.918683, 39.79469], [-104.918139, 39.794671], [-104.917892, 39.794656], [-104.917362, 39.794604], [-104.916869, 39.794535], [-104.916563, 39.794495], [-104.916324, 39.794447], [-104.916027, 39.794377], [-104.915641, 39.794263], [-104.915373, 39.794185], [-104.914907, 39.794028], [-104.91441, 39.793845], [-104.91418, 39.793745], [-104.913914, 39.793621], [-104.913605, 39.793469], [-104.913329, 39.793325], [-104.912551, 39.792893], [-104.912303, 39.792746], [-104.911462, 39.792276], [-104.911137, 39.792082], [-104.909765, 39.791306], [-104.909055, 39.790898], [-104.908454, 39.790534], [-104.90805, 39.790302], [-104.907613, 39.790072], [-104.906725, 39.789581], [-104.906329, 39.789357], [-104.905153, 39.788679], [-104.904724, 39.788408], [-104.904454, 39.78822], [-104.904185, 39.788], [-104.903929, 39.787764], [-104.903758, 39.787598], [-104.90371, 39.787546], [-104.903627, 39.78745], [-104.903508, 39.787312], [-104.903485, 39.787288]]}}, {"type": "Feature", "properties": {"LINEARID": "1104493025740", "FULLNAME": "I- 270", "RTTYP": "I", "MTFCC": "S1100"}, "geometry": {"type": "LineString", "coordinates": [[-104.978683, 39.827429], [-104.977944, 39.827429], [-104.976399, 39.827407], [-104.97443, 39.827362], [-104.973684, 39.82731], [-104.973413, 39.827271], [-104.972795, 39.827183], [-104.971939, 39.827008], [-104.970884, 39.826758], [-104.970131, 39.826563], [-104.969491, 39.826361], [-104.968786, 39.82608], [-104.967938, 39.825691], [-104.967478, 39.825494], [-104.967343, 39.825431], [-104.967238, 39.825379], [-104.967049, 39.825285], [-104.96666, 39.825067], [-104.965984, 39.824684], [-104.965504, 39.824382], [-104.964908, 39.823963], [-104.964724, 39.823833], [-104.96457, 39.823724], [-104.964434, 39.823626], [-104.964287, 39.823518], [-104.964115, 39.823366], [-104.963977, 39.823267], [-104.960742, 39.820929], [-104.959214, 39.819791], [-104.958107, 39.818956], [-104.956567, 39.817775], [-104.955641, 39.817084], [-104.954343, 39.816098], [-104.952099, 39.814399], [-104.951797, 39.814155], [-104.951735, 39.814104], [-104.951642, 39.814032], [-104.9516, 39.814], [-104.951514, 39.813942], [-104.951484, 39.813922], [-104.951401, 39.813866], [-104.95128, 39.813784], [-104.951152, 39.813687], [-104.949885, 39.812723], [-104.949317, 39.812292], [-104.949232, 39.812228], [-104.949142, 39.812159], [-104.948975, 39.812033], [-104.946552, 39.810213], [-104.945443, 39.809374], [-104.943679, 39.808026], [-104.94269, 39.807284], [-104.942179, 39.806884], [-104.941517, 39.806393], [-104.94133, 39.806253], [-104.94101, 39.806014], [-104.940891, 39.805925], [-104.940852, 39.805895], [-104.938529, 39.804143], [-104.937891, 39.803626], [-104.937751, 39.803512], [-104.937689, 39.803462], [-104.936013, 39.802116], [-104.93439, 39.800803], [-104.933881, 39.800381], [-104.93372, 39.80024], [-104.933426, 39.799997], [-104.933295, 39.79989], [-104.933042, 39.799682], [-104.932171, 39.799006], [-104.930943, 39.798014], [-104.930872, 39.797956], [-104.930288, 39.797489], [-104.929801, 39.797136], [-104.929396, 39.796871], [-104.929002, 39.796631], [-104.928731, 39.796471], [-104.928261, 39.796218], [-104.927893, 39.796034], [-104.927498, 39.795854], [-104.927025, 39.795658], [-104.926529, 39.795473], [-104.926105, 39.795322], [-104.925737, 39.795207], [-104.925249, 39.795074], [-104.9247, 39.79493], [-104.924261, 39.794831], [-104.923878, 39.794757], [-104.923507, 39.794695], [-104.923112, 39.794635], [-104.922817, 39.794597], [-104.922451, 39.794559], [-104.921711, 39.794502], [-104.920865, 39.794477], [-104.920118, 39.794468], [-104.919049, 39.79447], [-104.918604, 39.794463], [-104.918167, 39.794443], [-104.917828, 39.794419], [-104.917278, 39.794362], [-104.916877, 39.794299], [-104.916512, 39.794232], [-104.916231, 39.794175], [-104.915982, 39.794115], [-104.915699, 39.79404], [-104.915477, 39.793975], [-104.915033, 39.793829], [-104.914799, 39.793744], [-104.914575, 39.793656], [-104.914105, 39.793451], [-104.913834, 39.793317], [-104.913338, 39.793055], [-104.913132, 39.792937], [-104.912883, 39.792795], [-104.912306, 39.792476], [-104.911131, 39.791795], [-104.910765, 39.791586], [-104.910498, 39.791441], [-104.910075, 39.791184], [-104.90978, 39.791027], [-104.905339, 39.788506], [-104.904631, 39.788016], [-104.90453, 39.787935], [-104.904378, 39.787806], [-104.904117, 39.787565], [-104.903909, 39.787343], [-104.903797, 39.787216], [-104.903522, 39.786859], [-104.903479, 39.786798]]}}, {"type": "Feature", "properties": {"LINEARID": "1106039346342", "FULLNAME": "US Hwy 87", "RTTYP": "U", "MTFCC": "S1100"}, "geometry": {"type": "LineString", "coordinates": [[-104.988848, 39.791036], [-104.988835, 39.791086], [-104.988488, 39.792636], [-104.988388, 39.793057], [-104.988147, 39.79415], [-104.98802, 39.794624], [-104.9879, 39.795105], [-104.987848, 39.795333], [-104.987776, 39.795618], [-104.987658, 39.795982], [-104.987494, 39.796438], [-104.987232, 39.797137], [-104.986881, 39.797986], [-104.986738, 39.79828], [-104.986532, 39.798706], [-104.985367, 39.80094], [-104.984905, 39.801854], [-104.984729, 39.802204], [-104.984625, 39.802392], [-104.984481, 39.802673], [-104.984392, 39.802835], [-104.98431, 39.803006], [-104.984211, 39.803213], [-104.984103, 39.803452], [-104.983876, 39.804009], [-104.983771, 39.804293], [-104.983616, 39.80484], [-104.983559, 39.805074], [-104.98347, 39.805434], [-104.983453, 39.805504], [-104.983435, 39.805579], [-104.983372, 39.80585], [-104.983347, 39.806024], [-104.983327, 39.80625], [-104.983297, 39.807089], [-104.983291, 39.809101], [-104.983289, 39.809154], [-104.983262, 39.810157], [-104.983272, 39.811618], [-104.983266, 39.812763], [-104.983256, 39.814744], [-104.983246, 39.816718], [-104.983244, 39.8171], [-104.983227, 39.817336], [-104.983218, 39.817475], [-104.983208, 39.817606], [-104.983173, 39.818102], [-104.983173, 39.818198], [-104.983173, 39.818304], [-104.983177, 39.820785], [-104.983178, 39.82091], [-104.983178, 39.821027], [-104.983173, 39.822725], [-104.98317, 39.82362], [-104.98317, 39.823698], [-104.983169, 39.823762], [-104.983164, 39.824447], [-104.983145, 39.825021], [-104.983134, 39.825902], [-104.983135, 39.826639], [-104.983135, 39.827023], [-104.983159, 39.827419], [-104.983168, 39.827587], [-104.983176, 39.827716], [-104.983181, 39.827791], [-104.983186, 39.827933], [-104.983196, 39.828046], [-104.983234, 39.828681], [-104.98326, 39.829107], [-104.983285, 39.829453], [-104.983315, 39.829985], [-104.983333, 39.830289], [-104.983367, 39.830885], [-104.983411, 39.831637], [-104.983444, 39.832321], [-104.983463, 39.83264], [-104.983525, 39.833685], [-104.983575, 39.83443], [-104.98358, 39.8345], [-104.983684, 39.836261], [-104.983776, 39.837716], [-104.983813, 39.8383], [-104.98382, 39.838522], [-104.983861, 39.839119], [-104.983916, 39.840033], [-104.983951, 39.84052], [-104.984031, 39.841153], [-104.98412, 39.841681], [-104.984129, 39.841736], [-104.984137, 39.841773], [-104.984261, 39.842371], [-104.984371, 39.84286], [-104.984585, 39.843871], [-104.984718, 39.844382], [-104.984781, 39.844673], [-104.984797, 39.844746], [-104.984831, 39.844901], [-104.984913, 39.845354], [-104.984918, 39.845379], [-104.984942, 39.845513], [-104.98501, 39.845854], [-104.985012, 39.845865], [-104.985683, 39.848953], [-104.98571, 39.849077], [-104.98585, 39.849747], [-104.985947, 39.850167], [-104.986052, 39.850683], [-104.986128, 39.851023], [-104.98626, 39.851561], [-104.98632, 39.851831], [-104.986393, 39.852157], [-104.986485, 39.852567], [-104.986513, 39.852697], [-104.986526, 39.852751], [-104.986733, 39.85375], [-104.986808, 39.854079], [-104.986895, 39.854467], [-104.986926, 39.854678], [-104.987023, 39.855168], [-104.987234, 39.856233], [-104.98725, 39.856309], [-104.987287, 39.856493], [-104.987391, 39.856954], [-104.987501, 39.857517], [-104.987581, 39.857955], [-104.987653, 39.858585], [-104.987692, 39.859515], [-104.987702, 39.860277], [-104.987705, 39.860499], [-104.987685, 39.861245], [-104.987684, 39.861709], [-104.987691, 39.862283], [-104.987683, 39.863921], [-104.987687, 39.864453], [-104.98768, 39.867996], [-104.987678, 39.868067], [-104.987679, 39.868138], [-104.987697, 39.871811], [-104.987691, 39.872709], [-104.987679, 39.874504], [-104.987676, 39.874881], [-104.987675, 39.874899], [-104.987675, 39.875227], [-104.987669, 39.878276], [-104.987666, 39.879494], [-104.987669, 39.880444], [-104.98767, 39.880581], [-104.98767, 39.880665], [-104.987651, 39.885177], [-104.98765, 39.885341], [-104.987654, 39.886635], [-104.987671, 39.888241], [-104.987672, 39.888309], [-104.987666, 39.889082], [-104.987669, 39.889921], [-104.987672, 39.890803], [-104.987673, 39.891315], [-104.987679, 39.893281], [-104.987699, 39.897037], [-104.987718, 39.897612], [-104.987728, 39.897755], [-104.987737, 39.897883], [-104.987794, 39.898389], [-104.987847, 39.898738], [-104.987897, 39.899013], [-104.987998, 39.899494], [-104.988051, 39.899718], [-104.988114, 39.899986], [-104.988135, 39.900064], [-104.988208, 39.900326], [-104.988368, 39.900812], [-104.988449, 39.901042], [-104.98851, 39.901213], [-104.988679, 39.901632], [-104.988769, 39.901855], [-104.989041, 39.902448], [-104.989433, 39.903274], [-104.989456, 39.903321], [-104.989597, 39.903619], [-104.989751, 39.903942], [-104.989888, 39.904256], [-104.990151, 39.904889], [-104.990439, 39.905642], [-104.990549, 39.906015], [-104.99067, 39.906511], [-104.99076, 39.906959], [-104.990793, 39.907177], [-104.990897, 39.907855], [-104.990942, 39.908333], [-104.990957, 39.908727], [-104.990971, 39.909311], [-104.99097, 39.909373], [-104.990963, 39.90964], [-104.990948, 39.909956], [-104.990903, 39.910508], [-104.990889, 39.910682], [-104.990764, 39.911216], [-104.990668, 39.911673], [-104.990549, 39.912116], [-104.990407, 39.912604], [-104.990259, 39.913066], [-104.990035, 39.913681], [-104.989928, 39.913915], [-104.98987, 39.914064], [-104.989681, 39.914488], [-104.989205, 39.915552], [-104.988922, 39.916188], [-104.988747, 39.916596], [-104.988605, 39.916961], [-104.988468, 39.917383], [-104.988264, 39.918004], [-104.988081, 39.918642], [-104.987921, 39.919377], [-104.987854, 39.919875], [-104.987833, 39.92009], [-104.987776, 39.920671], [-104.987761, 39.921226], [-104.987788, 39.924491], [-104.9878, 39.925893], [-104.987809, 39.928003], [-104.987807, 39.928543], [-104.987825, 39.929262], [-104.987881, 39.934234], [-104.987905, 39.936326], [-104.987914, 39.937325], [-104.987927, 39.938797], [-104.987931, 39.939212], [-104.987934, 39.939539], [-104.987945, 39.940729], [-104.987967, 39.94243], [-104.987976, 39.943074], [-104.988007, 39.945447], [-104.988013, 39.94625], [-104.98802, 39.947156], [-104.988062, 39.952303], [-104.988079, 39.953803], [-104.988084, 39.95421], [-104.988094, 39.956027], [-104.988107, 39.957571], [-104.988092, 39.957595], [-104.988104, 39.961872], [-104.988107, 39.962462], [-104.988119, 39.964423], [-104.988133, 39.966964], [-104.988158, 39.968129], [-104.988159, 39.968466]]}}, {"type": "Feature", "properties": {"LINEARID": "1106039346311", "FULLNAME": "US Hwy 87", "RTTYP": "U", "MTFCC": "S1100"}, "geometry": {"type": "LineString", "coordinates": [[-104.988421, 39.791036], [-104.988409, 39.791086], [-104.988127, 39.792315], [-104.987813, 39.793582], [-104.987613, 39.794484], [-104.987456, 39.795129], [-104.987236, 39.79587], [-104.987093, 39.796316], [-104.986875, 39.796924], [-104.986251, 39.798211], [-104.98622, 39.798278], [-104.985702, 39.799375], [-104.985061, 39.800654], [-104.984559, 39.801636], [-104.984433, 39.801862], [-104.98409, 39.802472], [-104.983855, 39.802918], [-104.983791, 39.80304], [-104.98354, 39.803571], [-104.983448, 39.803784], [-104.983344, 39.804047], [-104.983245, 39.804337], [-104.983147, 39.804661], [-104.983081, 39.804895], [-104.983036, 39.805054], [-104.983029, 39.805088], [-104.982974, 39.80535], [-104.982951, 39.805498], [-104.982932, 39.805629], [-104.98291, 39.805776], [-104.982837, 39.806775], [-104.982795, 39.809155], [-104.982755, 39.811388], [-104.982739, 39.811939], [-104.98274, 39.811956], [-104.982771, 39.812518], [-104.982767, 39.812763], [-104.982736, 39.814795], [-104.982662, 39.817012], [-104.98264, 39.817685], [-104.982631, 39.817957], [-104.982614, 39.818464], [-104.98261, 39.818578], [-104.98252, 39.82109], [-104.982516, 39.821189], [-104.982513, 39.821282], [-104.982481, 39.822173], [-104.982457, 39.82247], [-104.982369, 39.8229], [-104.982134, 39.823614], [-104.982084, 39.823757], [-104.981938, 39.824175], [-104.981542, 39.825366], [-104.981467, 39.825619], [-104.981406, 39.825869], [-104.981301, 39.826404], [-104.981249, 39.826858], [-104.981234, 39.827156], [-104.981237, 39.82743], [-104.981238, 39.827617], [-104.981253, 39.827805], [-104.98126, 39.827882], [-104.981262, 39.827907], [-104.981283, 39.828075], [-104.981299, 39.828209], [-104.981315, 39.828298], [-104.981379, 39.828649], [-104.981431, 39.828872], [-104.981456, 39.828958], [-104.981549, 39.82927], [-104.98181, 39.830005], [-104.981842, 39.830079], [-104.982135, 39.830733], [-104.982166, 39.830807], [-104.982198, 39.830881], [-104.982252, 39.831008], [-104.982616, 39.83184], [-104.98272, 39.832101], [-104.982903, 39.832632], [-104.983027, 39.833062], [-104.983153, 39.833619], [-104.983253, 39.834126], [-104.983277, 39.834342], [-104.983294, 39.834499], [-104.983342, 39.835049], [-104.983394, 39.835568], [-104.98343, 39.83604], [-104.983552, 39.838299], [-104.983668, 39.840104], [-104.983701, 39.840542], [-104.983766, 39.841094], [-104.98387, 39.841708], [-104.983875, 39.841735], [-104.983881, 39.841764], [-104.983962, 39.842175], [-104.984086, 39.842748], [-104.984191, 39.843263], [-104.984433, 39.844367], [-104.984599, 39.845083], [-104.984669, 39.845379], [-104.984707, 39.845536], [-104.985119, 39.847435], [-104.985169, 39.847696], [-104.985444, 39.848951], [-104.985471, 39.849073], [-104.985678, 39.850047], [-104.985869, 39.850889], [-104.98596, 39.851327], [-104.986094, 39.852038], [-104.986113, 39.852135], [-104.986117, 39.85216], [-104.986191, 39.852519], [-104.986203, 39.852572], [-104.986233, 39.852705], [-104.986243, 39.852752], [-104.98633, 39.853159], [-104.986425, 39.853595], [-104.986485, 39.853812], [-104.986624, 39.85439], [-104.986763, 39.855066], [-104.986992, 39.856171], [-104.987002, 39.856234], [-104.987015, 39.856311], [-104.987036, 39.856445], [-104.987094, 39.856689], [-104.987143, 39.857009], [-104.987236, 39.85745], [-104.9873, 39.857799], [-104.987348, 39.858134], [-104.987403, 39.858673], [-104.987432, 39.859314], [-104.987436, 39.859747], [-104.987434, 39.860609], [-104.987451, 39.861452], [-104.987445, 39.861886], [-104.987454, 39.862679], [-104.98745, 39.865061], [-104.987453, 39.865719], [-104.987445, 39.866306], [-104.987454, 39.866749], [-104.987439, 39.867135], [-104.987448, 39.86756], [-104.98745, 39.868031], [-104.98745, 39.868097], [-104.987447, 39.868168], [-104.987447, 39.871299], [-104.987442, 39.872718], [-104.987438, 39.873989], [-104.987438, 39.874326], [-104.987437, 39.874898], [-104.987436, 39.87828], [-104.987436, 39.879493], [-104.987411, 39.880734], [-104.987415, 39.880992], [-104.987419, 39.881172], [-104.987422, 39.881307], [-104.987448, 39.882219], [-104.98744, 39.883144], [-104.987435, 39.883808], [-104.987422, 39.885174], [-104.987422, 39.885338], [-104.987424, 39.886926], [-104.987428, 39.888252], [-104.987428, 39.888364], [-104.987431, 39.889915], [-104.987437, 39.890776], [-104.98744, 39.891302], [-104.987454, 39.893307], [-104.987476, 39.897297], [-104.987486, 39.897614], [-104.987506, 39.897887], [-104.987511, 39.897931], [-104.987585, 39.89855], [-104.987639, 39.898931], [-104.987745, 39.899462], [-104.987805, 39.899701], [-104.987938, 39.900206], [-104.988086, 39.900686], [-104.988219, 39.901091], [-104.988409, 39.901583], [-104.988479, 39.901755], [-104.988635, 39.902136], [-104.988723, 39.902322], [-104.988909, 39.902692], [-104.989151, 39.903195], [-104.989215, 39.903333], [-104.989633, 39.904235], [-104.989726, 39.904468], [-104.989865, 39.904859], [-104.989985, 39.905216], [-104.990138, 39.905728], [-104.990243, 39.90616], [-104.990514, 39.907663], [-104.990546, 39.907912], [-104.990583, 39.908352], [-104.99059, 39.908744], [-104.990605, 39.909116], [-104.990601, 39.909174], [-104.990585, 39.909428], [-104.990572, 39.90975], [-104.990529, 39.910276], [-104.990491, 39.91061], [-104.99047, 39.910798], [-104.990421, 39.911294], [-104.990382, 39.911543], [-104.990338, 39.911766], [-104.990194, 39.912393], [-104.990013, 39.913014], [-104.989864, 39.91347], [-104.989682, 39.913917], [-104.989613, 39.914065], [-104.989428, 39.914482], [-104.988571, 39.916414], [-104.988422, 39.916806], [-104.988249, 39.917301], [-104.988118, 39.917702], [-104.987942, 39.918343], [-104.987861, 39.918761], [-104.987762, 39.919331], [-104.987675, 39.919989], [-104.987615, 39.92067], [-104.987603, 39.920912], [-104.987596, 39.921319], [-104.987631, 39.925976], [-104.98765, 39.927569], [-104.987642, 39.928542], [-104.987665, 39.929813], [-104.987686, 39.931235], [-104.987717, 39.934175], [-104.987715, 39.934343], [-104.987724, 39.935366], [-104.987751, 39.93734], [-104.987755, 39.937622], [-104.987759, 39.938277], [-104.987767, 39.939444], [-104.987777, 39.940818], [-104.987794, 39.942599], [-104.987799, 39.943073], [-104.98781, 39.944132], [-104.987819, 39.94482], [-104.987846, 39.946056], [-104.987849, 39.946435], [-104.987853, 39.946886], [-104.987863, 39.948122], [-104.98785, 39.949952], [-104.987872, 39.952279], [-104.987875, 39.952473], [-104.987904, 39.954188], [-104.987906, 39.954333], [-104.987935, 39.956117], [-104.987937, 39.957571], [-104.987961, 39.960401], [-104.987952, 39.961848], [-104.987966, 39.964423], [-104.98798, 39.966854], [-104.987998, 39.968128], [-104.98801, 39.971631], [-104.988011, 39.971789], [-104.98801, 39.971843], [-104.988001, 39.972241], [-104.988001, 39.972388], [-104.988002, 39.972633], [-104.988022, 39.975729], [-104.988023, 39.975752]]}}, {"type": "Feature", "properties": {"LINEARID": "1104486751036", "FULLNAME": "US Hwy 87", "RTTYP": "U", "MTFCC": "S1100"}, "geometry": {"type": "LineString", "coordinates": [[-104.988023, 39.975752], [-104.988024, 39.975848], [-104.988022, 39.976001], [-104.988022, 39.976115], [-104.988032, 39.977417], [-104.98803, 39.97833], [-104.988034, 39.978518], [-104.98803, 39.978703], [-104.988035, 39.97936], [-104.988033, 39.980078], [-104.988039, 39.980936], [-104.98804, 39.981039], [-104.988041, 39.981243], [-104.988042, 39.98149], [-104.988042, 39.981601], [-104.988042, 39.981705], [-104.988042, 39.981832], [-104.988042, 39.982528], [-104.98804, 39.982772], [-104.988049, 39.983331], [-104.988042, 39.98349], [-104.988046, 39.983648], [-104.988039, 39.98389], [-104.988041, 39.983969], [-104.988027, 39.984199], [-104.987961, 39.984943], [-104.987943, 39.985063], [-104.987747, 39.985944]]}}, {"type": "Feature", "properties": {"LINEARID": "1104469067419", "FULLNAME": "US Hwy 87", "RTTYP": "U", "MTFCC": "S1100"}, "geometry": {"type": "LineString", "coordinates": [[-104.988174, 39.972176], [-104.98819, 39.975329], [-104.988192, 39.975748]]}}, {"type": "Feature", "properties": {"LINEARID": "1104469067421", "FULLNAME": "US Hwy 87", "RTTYP": "U", "MTFCC": "S1100"}, "geometry": {"type": "LineString", "coordinates": [[-104.988159, 39.968466], [-104.98817, 39.971636], [-104.988173, 39.971853], [-104.988173, 39.97201], [-104.988174, 39.972176]]}}, {"type": "Feature", "properties": {"LINEARID": "1104690746028", "FULLNAME": "US Hwy 87", "RTTYP": "U", "MTFCC": "S1100"}, "geometry": {"type": "LineString", "coordinates": [[-104.988192, 39.975748], [-104.988192, 39.97577], [-104.988193, 39.975919], [-104.988192, 39.975999], [-104.988196, 39.977421], [-104.988204, 39.978323], [-104.988194, 39.979364], [-104.988199, 39.979697], [-104.988196, 39.980902], [-104.988195, 39.98124], [-104.9882, 39.981418], [-104.988202, 39.981522], [-104.988203, 39.981633], [-104.988203, 39.981737], [-104.988204, 39.981997], [-104.988204, 39.982377], [-104.988213, 39.982943], [-104.988207, 39.983783], [-104.988191, 39.984197], [-104.988185, 39.984243], [-104.988188, 39.984291], [-104.988144, 39.984768], [-104.988133, 39.984829], [-104.988122, 39.984969], [-104.988049, 39.985448], [-104.987835, 39.986619], [-104.987592, 39.987478], [-104.987571, 39.987544], [-104.9875, 39.987745], [-104.987329, 39.988185], [-104.987122, 39.98867], [-104.986831, 39.989273], [-104.984852, 39.992913], [-104.984714, 39.993167], [-104.98363, 39.995139], [-104.982714, 39.996891], [-104.982491, 39.997288], [-104.982289, 39.997647], [-104.982234, 39.997755], [-104.98195, 39.998244], [-104.981867, 39.998404], [-104.981776, 39.99858], [-104.981556, 39.999001], [-104.981379, 39.999378], [-104.98124, 39.999711], [-104.981167, 39.999935], [-104.981051, 40.000327], [-104.980958, 40.000845], [-104.980887, 40.001543], [-104.980859, 40.005533], [-104.980864, 40.005667], [-104.98091, 40.007607], [-104.980917, 40.007893], [-104.980941, 40.010539], [-104.980905, 40.014926], [-104.980905, 40.014975], [-104.980854, 40.02268], [-104.980853, 40.029322]]}}, {"type": "Feature", "properties": {"LINEARID": "11013551007794", "FULLNAME": "State Hwy 470", "RTTYP": "S", "MTFCC": "S1100"}, "geometry": {"type": "LineString", "coordinates": [[-104.746713, 39.845297], [-104.746711, 39.845366], [-104.746684, 39.848888], [-104.746659, 39.850749], [-104.746651, 39.853338], [-104.746673, 39.853795], [-104.746718, 39.854188], [-104.746772, 39.854563], [-104.746858, 39.854946], [-104.746973, 39.855356], [-104.747096, 39.855749], [-104.747374, 39.856432], [-104.74741, 39.856505], [-104.747952, 39.857593], [-104.748142, 39.857951], [-104.748455, 39.858507], [-104.748671, 39.858919], [-104.74916, 39.859892], [-104.750388, 39.862284], [-104.751549, 39.864585], [-104.752492, 39.866368], [-104.752829, 39.866972], [-104.753147, 39.867489], [-104.75393, 39.868602], [-104.755479, 39.870678], [-104.756278, 39.871727], [-104.757169, 39.872921], [-104.757853, 39.873826], [-104.758352, 39.874502], [-104.758821, 39.875153], [-104.759214, 39.87568], [-104.759509, 39.876103], [-104.759988, 39.876856], [-104.760282, 39.877374], [-104.760498, 39.877815], [-104.76071, 39.87829], [-104.760934, 39.878822], [-104.761092, 39.879239], [-104.761203, 39.879553], [-104.761349, 39.880066], [-104.761471, 39.880495], [-104.7616, 39.881031], [-104.761702, 39.881677], [-104.761754, 39.882131], [-104.761789, 39.882562], [-104.761799, 39.884319], [-104.761792, 39.885484], [-104.761792, 39.88552], [-104.761777, 39.886102], [-104.761719, 39.890362], [-104.761702, 39.892022], [-104.761703, 39.893597], [-104.761672, 39.896365], [-104.761669, 39.896538], [-104.761669, 39.896559], [-104.761664, 39.896901], [-104.761675, 39.897248], [-104.761703, 39.89767], [-104.761747, 39.898021], [-104.761848, 39.898557], [-104.761941, 39.898915], [-104.761956, 39.898962], [-104.762075, 39.899332], [-104.762188, 39.899649], [-104.762345, 39.9], [-104.762377, 39.900072], [-104.762423, 39.900175], [-104.762549, 39.90043], [-104.762643, 39.900599], [-104.762946, 39.901095], [-104.763074, 39.901284], [-104.763229, 39.901498], [-104.763436, 39.901772], [-104.763674, 39.902054], [-104.763996, 39.902404], [-104.764275, 39.902675], [-104.764653, 39.903025], [-104.764941, 39.903263], [-104.765252, 39.90351], [-104.765561, 39.903732], [-104.765993, 39.904013], [-104.766608, 39.904375], [-104.767005, 39.904584], [-104.767285, 39.904721], [-104.767654, 39.904888], [-104.767975, 39.905027], [-104.768658, 39.905283], [-104.769854, 39.905659], [-104.770257, 39.905781], [-104.771331, 39.906119], [-104.773513, 39.906806], [-104.774019, 39.90697], [-104.774377, 39.907104], [-104.775041, 39.90738], [-104.775409, 39.907554], [-104.775931, 39.907837], [-104.776523, 39.9082], [-104.776836, 39.908416], [-104.777126, 39.908643], [-104.777474, 39.908939], [-104.777903, 39.909353], [-104.778127, 39.909573], [-104.778349, 39.909821], [-104.778695, 39.910275], [-104.779178, 39.910888], [-104.7802, 39.912184], [-104.781398, 39.913689], [-104.781913, 39.914326], [-104.782158, 39.914612], [-104.782536, 39.915016], [-104.782788, 39.915277], [-104.783146, 39.915624], [-104.783805, 39.916219], [-104.784272, 39.916604], [-104.784609, 39.916863], [-104.785015, 39.917167], [-104.785755, 39.917707], [-104.785918, 39.917809], [-104.78598, 39.917848], [-104.786046, 39.91789], [-104.786233, 39.918007], [-104.787361, 39.91864], [-104.787795, 39.918873], [-104.788221, 39.919075], [-104.78885, 39.91936], [-104.789683, 39.919722], [-104.789926, 39.919814], [-104.790025, 39.919852], [-104.790146, 39.919898], [-104.792955, 39.920968], [-104.793202, 39.92106], [-104.794879, 39.921692], [-104.800541, 39.923827], [-104.800827, 39.923935], [-104.802529, 39.924582], [-104.802866, 39.924709], [-104.803215, 39.924841], [-104.803415, 39.924917], [-104.803638, 39.925001], [-104.803854, 39.925083], [-104.804115, 39.925182], [-104.808041, 39.926667], [-104.808729, 39.926924], [-104.808833, 39.926963], [-104.808978, 39.927012], [-104.809338, 39.927135], [-104.809835, 39.927296], [-104.810985, 39.927626], [-104.811099, 39.927653], [-104.81134, 39.927709], [-104.811662, 39.927785], [-104.812259, 39.92791], [-104.812759, 39.928001], [-104.813254, 39.928086], [-104.814322, 39.928239], [-104.814824, 39.928296], [-104.81537, 39.92834], [-104.816149, 39.928391], [-104.817313, 39.928427], [-104.818365, 39.928434], [-104.827866, 39.928483], [-104.828083, 39.928485], [-104.828852, 39.928489], [-104.830787, 39.928508], [-104.831284, 39.928525], [-104.83259, 39.928625], [-104.832658, 39.92863], [-104.833488, 39.928722], [-104.833703, 39.928753], [-104.834217, 39.928828], [-104.834582, 39.928891], [-104.835358, 39.929035], [-104.835935, 39.929162], [-104.836454, 39.929289], [-104.837283, 39.929511], [-104.837795, 39.929673], [-104.839026, 39.930098], [-104.839683, 39.930356], [-104.840439, 39.930688], [-104.841114, 39.931009], [-104.841592, 39.93125], [-104.84193, 39.931436], [-104.842508, 39.931771], [-104.842961, 39.932052], [-104.843554, 39.932436], [-104.844196, 39.932884], [-104.844374, 39.933008], [-104.844567, 39.933161], [-104.84469, 39.933258], [-104.844839, 39.933376], [-104.845066, 39.933564], [-104.84522, 39.933692], [-104.845698, 39.934113], [-104.845775, 39.934181], [-104.845845, 39.934253], [-104.845963, 39.934371], [-104.846071, 39.934479], [-104.846577, 39.935049], [-104.84701, 39.935557], [-104.847476, 39.936067], [-104.847685, 39.936329], [-104.850688, 39.939995], [-104.851002, 39.940365], [-104.85109, 39.940475], [-104.851154, 39.940553], [-104.851837, 39.941407], [-104.851886, 39.941454], [-104.851945, 39.941522], [-104.852061, 39.941669], [-104.852167, 39.941803], [-104.853086, 39.942873], [-104.85344, 39.943302], [-104.85345, 39.943314], [-104.853492, 39.943365], [-104.853627, 39.943529], [-104.853887, 39.943827], [-104.854288, 39.944309], [-104.854916, 39.944855], [-104.855558, 39.945337], [-104.856859, 39.946126], [-104.85812, 39.946909], [-104.858258, 39.946997], [-104.858531, 39.947168], [-104.858555, 39.947183], [-104.858625, 39.947226], [-104.858693, 39.947268], [-104.858821, 39.947369], [-104.859018, 39.947523], [-104.859203, 39.947633], [-104.859368, 39.947731], [-104.859577, 39.947856], [-104.860486, 39.948396], [-104.860799, 39.948576], [-104.860854, 39.94861], [-104.86091, 39.948643], [-104.86098, 39.948685], [-104.863141, 39.949989], [-104.865226, 39.951229], [-104.865732, 39.951483], [-104.865936, 39.951585], [-104.866373, 39.951781], [-104.866804, 39.951962], [-104.867543, 39.952205], [-104.868388, 39.952442], [-104.869224, 39.952644], [-104.869709, 39.952742], [-104.871217, 39.953047], [-104.874007, 39.953648], [-104.874747, 39.953798], [-104.876182, 39.954089], [-104.877043, 39.954263], [-104.878185, 39.954502], [-104.880769, 39.955045], [-104.881454, 39.955214], [-104.882266, 39.955436], [-104.883018, 39.955655], [-104.883917, 39.95596], [-104.884032, 39.956001], [-104.884326, 39.956106], [-104.884776, 39.956267], [-104.887073, 39.957111], [-104.888087, 39.957484], [-104.892033, 39.958951], [-104.892481, 39.959103], [-104.893461, 39.959411], [-104.894045, 39.959577], [-104.895108, 39.959851], [-104.89565, 39.959969], [-104.896365, 39.960119], [-104.896988, 39.960233], [-104.898444, 39.960486], [-104.902278, 39.961122], [-104.902511, 39.961177], [-104.903135, 39.96128], [-104.903211, 39.961292], [-104.903343, 39.961312], [-104.90421, 39.96146], [-104.908923, 39.962271], [-104.909831, 39.962459], [-104.910263, 39.962557], [-104.910998, 39.962751], [-104.911574, 39.962918], [-104.912499, 39.963228], [-104.912872, 39.963357], [-104.913408, 39.963566], [-104.914172, 39.963887], [-104.914973, 39.964249], [-104.915853, 39.964666], [-104.917461, 39.965421], [-104.917725, 39.965553], [-104.918081, 39.965716], [-104.918478, 39.96588], [-104.918806, 39.966016], [-104.919043, 39.96616], [-104.919192, 39.966233], [-104.922011, 39.967544], [-104.927825, 39.970293], [-104.929371, 39.971024], [-104.931244, 39.971909], [-104.932536, 39.972492], [-104.932771, 39.972606], [-104.933779, 39.973094], [-104.936821, 39.974485], [-104.937275, 39.974694], [-104.938729, 39.975308], [-104.940261, 39.9759], [-104.941839, 39.976278], [-104.943132, 39.976483], [-104.94492, 39.976691], [-104.945225, 39.976702], [-104.945485, 39.97671], [-104.945659, 39.976738], [-104.945856, 39.976788], [-104.946171, 39.97682], [-104.946394, 39.976824], [-104.946536, 39.976828], [-104.946643, 39.976828], [-104.946888, 39.976828], [-104.947939, 39.976777], [-104.948263, 39.976756], [-104.9492, 39.976645], [-104.950204, 39.976527], [-104.951047, 39.976431], [-104.952521, 39.976264], [-104.953819, 39.976124], [-104.954528, 39.976047], [-104.957622, 39.975992], [-104.959422, 39.976183], [-104.961662, 39.976553], [-104.962108, 39.976642], [-104.962521, 39.976724], [-104.964538, 39.977104], [-104.964954, 39.977182], [-104.967508, 39.977684], [-104.973575, 39.978876], [-104.978017, 39.979712], [-104.978221, 39.979751], [-104.978454, 39.979795], [-104.978642, 39.979819], [-104.978853, 39.979861], [-104.979046, 39.9799], [-104.97938, 39.979967], [-104.980402, 39.980173], [-104.982004, 39.980495], [-104.986783, 39.981456], [-104.987291, 39.981556], [-104.98741, 39.98158], [-104.987763, 39.98165]]}}, {"type": "Feature", "properties": {"LINEARID": "11013551042785", "FULLNAME": "State Hwy 470", "RTTYP": "S", "MTFCC": "S1100"}, "geometry": {"type": "LineString", "coordinates": [[-104.747001, 39.845299], [-104.747002, 39.845371], [-104.747003, 39.845627], [-104.746987, 39.847088], [-104.746954, 39.848898], [-104.746931, 39.84957], [-104.746924, 39.850751], [-104.746927, 39.853073], [-104.746937, 39.853411], [-104.746967, 39.853719], [-104.74701, 39.854058], [-104.747072, 39.854433], [-104.74725, 39.855235], [-104.747379, 39.85562], [-104.747523, 39.855983], [-104.747716, 39.85643], [-104.747749, 39.856503], [-104.747829, 39.856677], [-104.748227, 39.857483], [-104.748402, 39.857859], [-104.750369, 39.861627], [-104.751604, 39.864065], [-104.751891, 39.864567], [-104.752371, 39.865517], [-104.752699, 39.866135], [-104.75312, 39.866899], [-104.753456, 39.867435], [-104.753569, 39.867644], [-104.753762, 39.867939], [-104.753958, 39.868225], [-104.754302, 39.868702], [-104.754549, 39.869025], [-104.755787, 39.870679], [-104.759543, 39.875687], [-104.759749, 39.875982], [-104.759945, 39.876285], [-104.760192, 39.876685], [-104.760489, 39.8772], [-104.760845, 39.877907], [-104.761012, 39.878292], [-104.761248, 39.878802], [-104.761501, 39.879493], [-104.761566, 39.879702], [-104.761688, 39.880154], [-104.761802, 39.880627], [-104.761872, 39.880951], [-104.761927, 39.881306], [-104.761986, 39.881752], [-104.762032, 39.882185], [-104.762059, 39.882631], [-104.762076, 39.883065], [-104.762062, 39.884655], [-104.762056, 39.885438], [-104.762055, 39.885481], [-104.762055, 39.885522], [-104.761988, 39.891889], [-104.76198, 39.892023], [-104.761945, 39.895663], [-104.761934, 39.896385], [-104.761929, 39.89687], [-104.761941, 39.897187], [-104.761989, 39.897846], [-104.762078, 39.898398], [-104.76222, 39.898947], [-104.762324, 39.899278], [-104.76246, 39.899634], [-104.762565, 39.899877], [-104.76263, 39.900002], [-104.762665, 39.900075], [-104.762764, 39.900277], [-104.762893, 39.900523], [-104.763007, 39.900724], [-104.763256, 39.901116], [-104.763537, 39.901501], [-104.763912, 39.901954], [-104.764338, 39.902419], [-104.764596, 39.902659], [-104.765018, 39.903034], [-104.765285, 39.903243], [-104.765817, 39.903635], [-104.76626, 39.903912], [-104.766587, 39.90411], [-104.767064, 39.904367], [-104.767429, 39.904549], [-104.767809, 39.904724], [-104.767977, 39.904795], [-104.768286, 39.904917], [-104.769069, 39.905196], [-104.770073, 39.905511], [-104.771004, 39.905787], [-104.771335, 39.905891], [-104.773608, 39.906601], [-104.774636, 39.90696], [-104.775125, 39.907165], [-104.775727, 39.907461], [-104.776096, 39.907664], [-104.776313, 39.907795], [-104.776648, 39.908007], [-104.776947, 39.908219], [-104.777366, 39.908535], [-104.777616, 39.908749], [-104.77808, 39.909161], [-104.778298, 39.909397], [-104.778637, 39.909786], [-104.779076, 39.910348], [-104.779517, 39.910897], [-104.779999, 39.911498], [-104.780415, 39.912034], [-104.781125, 39.912921], [-104.781971, 39.913991], [-104.782255, 39.914326], [-104.782438, 39.914535], [-104.782707, 39.914824], [-104.783238, 39.915363], [-104.783441, 39.915549], [-104.783669, 39.91577], [-104.78402, 39.916073], [-104.784391, 39.916379], [-104.78499, 39.916851], [-104.785672, 39.91732], [-104.786335, 39.917751], [-104.786386, 39.917784], [-104.786444, 39.917822], [-104.786654, 39.917958], [-104.78724, 39.918294], [-104.78773, 39.918563], [-104.788215, 39.918816], [-104.788963, 39.919164], [-104.789926, 39.919558], [-104.78994, 39.919563], [-104.790031, 39.919601], [-104.790149, 39.919649], [-104.790281, 39.919703], [-104.790969, 39.919962], [-104.792908, 39.920693], [-104.793067, 39.920757], [-104.793593, 39.920953], [-104.795535, 39.921677], [-104.7961, 39.921888], [-104.800118, 39.923412], [-104.802735, 39.924405], [-104.803069, 39.924532], [-104.803404, 39.92466], [-104.803417, 39.924665], [-104.803624, 39.924744], [-104.803845, 39.924828], [-104.804057, 39.924908], [-104.804355, 39.925021], [-104.805095, 39.9253], [-104.80761, 39.926254], [-104.808732, 39.926667], [-104.80898, 39.926759], [-104.809135, 39.926816], [-104.809761, 39.927028], [-104.810289, 39.927195], [-104.810551, 39.927272], [-104.810835, 39.927355], [-104.811091, 39.927419], [-104.811312, 39.927474], [-104.811345, 39.927481], [-104.811887, 39.927601], [-104.812608, 39.927745], [-104.813047, 39.927825], [-104.813586, 39.927916], [-104.814146, 39.927995], [-104.814793, 39.928071], [-104.815428, 39.928126], [-104.816046, 39.928166], [-104.81728, 39.928201], [-104.818364, 39.928203], [-104.822113, 39.928233], [-104.827866, 39.928266], [-104.828075, 39.928268], [-104.830948, 39.928292], [-104.831363, 39.928308], [-104.831757, 39.92833], [-104.832236, 39.928367], [-104.832591, 39.928402], [-104.832824, 39.928425], [-104.83349, 39.928506], [-104.833596, 39.928521], [-104.834093, 39.92859], [-104.834536, 39.92866], [-104.835722, 39.928882], [-104.836777, 39.929138], [-104.837285, 39.929285], [-104.837888, 39.929466], [-104.838638, 39.929727], [-104.839128, 39.929912], [-104.83949, 39.930052], [-104.84001, 39.930264], [-104.840441, 39.930456], [-104.841632, 39.93103], [-104.842175, 39.931318], [-104.842836, 39.931714], [-104.843625, 39.932204], [-104.844708, 39.932953], [-104.844806, 39.933023], [-104.845022, 39.933198], [-104.845196, 39.933333], [-104.845611, 39.933694], [-104.845824, 39.933889], [-104.845901, 39.933957], [-104.845976, 39.934021], [-104.846094, 39.934138], [-104.846171, 39.934215], [-104.846401, 39.934453], [-104.847069, 39.935209], [-104.847797, 39.936066], [-104.848311, 39.936695], [-104.849728, 39.938382], [-104.851078, 39.940027], [-104.851416, 39.940427], [-104.85188, 39.940986], [-104.852092, 39.941257], [-104.852313, 39.941506], [-104.852508, 39.941737], [-104.852706, 39.941971], [-104.853627, 39.943064], [-104.853809, 39.943302], [-104.853817, 39.943313], [-104.853863, 39.943369], [-104.854154, 39.943726], [-104.854403, 39.944002], [-104.854607, 39.944209], [-104.854873, 39.944452], [-104.855052, 39.944605], [-104.855291, 39.944801], [-104.855592, 39.945007], [-104.855894, 39.945199], [-104.856135, 39.945359], [-104.856399, 39.945527], [-104.856849, 39.945796], [-104.856911, 39.945832], [-104.857469, 39.946159], [-104.857943, 39.946451], [-104.858857, 39.947013], [-104.858903, 39.947041], [-104.85899, 39.947094], [-104.859012, 39.947108], [-104.859073, 39.947146], [-104.859178, 39.94721], [-104.859338, 39.947309], [-104.859352, 39.947318], [-104.859584, 39.947456], [-104.859641, 39.94749], [-104.859895, 39.947642], [-104.860771, 39.948224], [-104.861478, 39.948666], [-104.863005, 39.949621], [-104.865602, 39.951141], [-104.865851, 39.951267], [-104.866481, 39.951553], [-104.866824, 39.951704], [-104.867182, 39.951846], [-104.86753, 39.951973], [-104.868156, 39.952179], [-104.868518, 39.952279], [-104.868924, 39.952376], [-104.869654, 39.952533], [-104.870353, 39.952683], [-104.871079, 39.952834], [-104.872197, 39.953036], [-104.87383, 39.953347], [-104.875276, 39.953655], [-104.876498, 39.95391], [-104.87828, 39.954266], [-104.879585, 39.954545], [-104.880239, 39.954674], [-104.880831, 39.954801], [-104.881419, 39.954949], [-104.882505, 39.955243], [-104.882523, 39.955249], [-104.883282, 39.955481], [-104.883822, 39.955664], [-104.884049, 39.955747], [-104.88433, 39.95585], [-104.886749, 39.956738], [-104.887068, 39.956854], [-104.888795, 39.957484], [-104.892262, 39.958748], [-104.8933, 39.959096], [-104.893772, 39.959239], [-104.894381, 39.959413], [-104.894854, 39.959538], [-104.895445, 39.959679], [-104.896075, 39.959822], [-104.896637, 39.959938], [-104.897277, 39.96006], [-104.898328, 39.960248], [-104.898547, 39.960284], [-104.90233, 39.960917], [-104.902486, 39.960949], [-104.902551, 39.96096], [-104.902641, 39.960976], [-104.902823, 39.961006], [-104.903222, 39.961074], [-104.903349, 39.961095], [-104.903562, 39.96113], [-104.904922, 39.961354], [-104.905967, 39.961536], [-104.908086, 39.961895], [-104.908991, 39.962053], [-104.909963, 39.962267], [-104.910132, 39.962304], [-104.911113, 39.962553], [-104.911988, 39.962819], [-104.912496, 39.962989], [-104.912797, 39.963089], [-104.913439, 39.963332], [-104.91397, 39.963554], [-104.914543, 39.963803], [-104.915574, 39.964272], [-104.917374, 39.965117], [-104.918956, 39.96586], [-104.91955, 39.966139], [-104.921527, 39.967067], [-104.922011, 39.967294], [-104.922189, 39.967378], [-104.923826, 39.968158], [-104.925142, 39.968779], [-104.926701, 39.969502], [-104.927346, 39.969778], [-104.928016, 39.970093], [-104.928834, 39.970478], [-104.93113, 39.97154], [-104.931893, 39.971912], [-104.932713, 39.972312], [-104.933389, 39.972642], [-104.93439, 39.973114], [-104.935287, 39.97352], [-104.936973, 39.974294], [-104.937382, 39.974482], [-104.938337, 39.974898], [-104.938912, 39.975162], [-104.939691, 39.975456], [-104.94026, 39.975642], [-104.941868, 39.976058], [-104.943451, 39.976312], [-104.944435, 39.976432], [-104.944756, 39.976467], [-104.945326, 39.976474], [-104.94561, 39.976533], [-104.945906, 39.976595], [-104.945995, 39.976597], [-104.946487, 39.976611], [-104.94656, 39.976608], [-104.9467, 39.976602], [-104.946817, 39.976598], [-104.947799, 39.97656], [-104.948175, 39.9765], [-104.948778, 39.976452], [-104.949562, 39.976392], [-104.950585, 39.976267], [-104.951811, 39.97612], [-104.952508, 39.976037], [-104.954146, 39.975879], [-104.954528, 39.975858], [-104.958069, 39.975803], [-104.959422, 39.975952], [-104.961777, 39.976346], [-104.962217, 39.97643], [-104.965136, 39.976988], [-104.96776, 39.977519], [-104.970578, 39.978089], [-104.973658, 39.978712], [-104.978011, 39.979534], [-104.978218, 39.979574], [-104.978625, 39.979651], [-104.978846, 39.979693], [-104.97906, 39.979733], [-104.980259, 39.979958], [-104.980706, 39.980042], [-104.987408, 39.981358], [-104.987551, 39.98139], [-104.987655, 39.981413], [-104.987762, 39.981434]]}}, {"type": "Feature", "properties": {"LINEARID": "1108296282314", "FULLNAME": "State Hwy 470", "RTTYP": "S", "MTFCC": "S1100"}, "geometry": {"type": "LineString", "coordinates": [[-105.099962, 39.958283], [-105.100505, 39.95826], [-105.101156, 39.958233], [-105.102227, 39.958181], [-105.102584, 39.958157], [-105.10279, 39.95814], [-105.102941, 39.958128], [-105.103298, 39.958094], [-105.103653, 39.958055], [-105.104361, 39.957963], [-105.104713, 39.95791], [-105.105064, 39.957852], [-105.105414, 39.957789], [-105.10574, 39.957726], [-105.105762, 39.957722], [-105.106453, 39.957574], [-105.106796, 39.957493], [-105.107477, 39.957317], [-105.107798, 39.957227], [-105.108297, 39.957079], [-105.109075, 39.956836], [-105.109178, 39.956804]]}}, {"type": "Feature", "properties": {"LINEARID": "1108296282315", "FULLNAME": "State Hwy 470", "RTTYP": "S", "MTFCC": "S1100"}, "geometry": {"type": "LineString", "coordinates": [[-105.115274, 39.954834], [-105.115469, 39.954755], [-105.11589, 39.954578], [-105.116308, 39.954394], [-105.116721, 39.954206], [-105.11713, 39.954011], [-105.117534, 39.953812], [-105.117934, 39.953606], [-105.118329, 39.953396], [-105.11872, 39.95318], [-105.119106, 39.952959], [-105.119543, 39.952699], [-105.120851, 39.951905], [-105.121024, 39.951804], [-105.121207, 39.951697], [-105.123, 39.950652], [-105.123655, 39.950241], [-105.124273, 39.949895], [-105.124329, 39.949861], [-105.125053, 39.949384], [-105.125526, 39.94907]]}}, {"type": "Feature", "properties": {"LINEARID": "1108296282316", "FULLNAME": "State Hwy 470", "RTTYP": "S", "MTFCC": "S1100"}, "geometry": {"type": "LineString", "coordinates": [[-104.987763, 39.98165], [-104.987778, 39.981653], [-104.987879, 39.981673], [-104.988042, 39.981705], [-104.988126, 39.981722], [-104.988203, 39.981737], [-104.988654, 39.981827], [-104.988928, 39.981883], [-104.989318, 39.981958], [-104.993153, 39.982727], [-104.997206, 39.983492], [-104.998663, 39.983767], [-104.999341, 39.983895], [-105.001161, 39.984277], [-105.001974, 39.984448], [-105.003666, 39.984666], [-105.00642, 39.984865], [-105.006616, 39.984871], [-105.006663, 39.984873], [-105.006792, 39.984877], [-105.007416, 39.984898], [-105.008722, 39.984811], [-105.0092, 39.984796], [-105.009677, 39.984774], [-105.010141, 39.984747], [-105.015241, 39.984412], [-105.015851, 39.984372], [-105.016226, 39.984347], [-105.018381, 39.984205], [-105.018414, 39.984203], [-105.021586, 39.983994], [-105.022298, 39.983942], [-105.02301, 39.983881], [-105.02372, 39.98381], [-105.024428, 39.98373], [-105.025134, 39.98364], [-105.025249, 39.983624], [-105.025834, 39.983529], [-105.02598, 39.983518], [-105.02654, 39.983432], [-105.027401, 39.983285], [-105.028096, 39.983156], [-105.028788, 39.983017], [-105.029464, 39.982871], [-105.032152, 39.982275], [-105.034765, 39.981693], [-105.035444, 39.981542], [-105.036327, 39.981346], [-105.038028, 39.980968], [-105.049371, 39.978448], [-105.050398, 39.978208], [-105.050625, 39.978148], [-105.051221, 39.977975], [-105.051739, 39.977804], [-105.052151, 39.977654], [-105.052798, 39.977391], [-105.05314, 39.977252], [-105.058537, 39.974977], [-105.062201, 39.973342], [-105.064612, 39.972327], [-105.065149, 39.972092], [-105.065855, 39.971754], [-105.066494, 39.971429], [-105.067243, 39.971037], [-105.068184, 39.970429], [-105.069062, 39.969794], [-105.069777, 39.969226], [-105.069912, 39.96912], [-105.070783, 39.968371], [-105.071335, 39.96787], [-105.071894, 39.967341], [-105.074492, 39.964891], [-105.07517, 39.964282], [-105.076166, 39.963429], [-105.077098, 39.962825], [-105.077619, 39.962452], [-105.078853, 39.961685], [-105.079295, 39.961436], [-105.079888, 39.961103], [-105.081013, 39.9606], [-105.081762, 39.960311], [-105.082228, 39.960132], [-105.082467, 39.960058], [-105.083674, 39.959685], [-105.083837, 39.959635], [-105.085142, 39.959291], [-105.085492, 39.959221], [-105.086506, 39.959022], [-105.086929, 39.958947], [-105.087475, 39.958902], [-105.087748, 39.95888], [-105.088036, 39.958856]]}}, {"type": "Feature", "properties": {"LINEARID": "1108296282318", "FULLNAME": "State Hwy 470", "RTTYP": "S", "MTFCC": "S1100"}, "geometry": {"type": "LineString", "coordinates": [[-105.088036, 39.958856], [-105.090233, 39.958723], [-105.090362, 39.958716], [-105.091904, 39.958645], [-105.09581, 39.958454], [-105.097231, 39.958395], [-105.099832, 39.958288], [-105.099962, 39.958283]]}}, {"type": "Feature", "properties": {"LINEARID": "1108296282319", "FULLNAME": "State Hwy 470", "RTTYP": "S", "MTFCC": "S1100"}, "geometry": {"type": "LineString", "coordinates": [[-105.109521, 39.956698], [-105.109385, 39.95674], [-105.109316, 39.956761], [-105.109178, 39.956804]]}}, {"type": "Feature", "properties": {"LINEARID": "1108296282346", "FULLNAME": "State Hwy 470", "RTTYP": "S", "MTFCC": "S1100"}, "geometry": {"type": "LineString", "coordinates": [[-105.109528, 39.956457], [-105.112919, 39.955389], [-105.113356, 39.955248], [-105.113789, 39.955102], [-105.114219, 39.954949], [-105.114645, 39.954792], [-105.115068, 39.954627], [-105.115486, 39.954457], [-105.115901, 39.954283], [-105.116312, 39.954102], [-105.116718, 39.953916], [-105.117122, 39.953725], [-105.117519, 39.953528], [-105.117913, 39.953326], [-105.118302, 39.953118], [-105.118686, 39.952905], [-105.11912, 39.952654], [-105.120642, 39.951759], [-105.120769, 39.951687], [-105.121126, 39.951484], [-105.123892, 39.949907], [-105.124304, 39.949666], [-105.124591, 39.949488], [-105.12487, 39.949302], [-105.125364, 39.948948]]}}, {"type": "Feature", "properties": {"LINEARID": "1108296282347", "FULLNAME": "State Hwy 470", "RTTYP": "S", "MTFCC": "S1100"}, "geometry": {"type": "LineString", "coordinates": [[-105.099961, 39.958133], [-105.100502, 39.95811], [-105.100869, 39.958095], [-105.101933, 39.958044], [-105.102286, 39.95802], [-105.102638, 39.957991], [-105.102791, 39.957975], [-105.103341, 39.957919], [-105.103691, 39.957876], [-105.104224, 39.957801], [-105.104734, 39.957719], [-105.105422, 39.957591], [-105.105765, 39.95752], [-105.106444, 39.957364], [-105.106781, 39.95728], [-105.107432, 39.957102], [-105.10798, 39.956939], [-105.109071, 39.956599], [-105.109178, 39.956566]]}}, {"type": "Feature", "properties": {"LINEARID": "1108296282349", "FULLNAME": "State Hwy 470", "RTTYP": "S", "MTFCC": "S1100"}, "geometry": {"type": "LineString", "coordinates": [[-105.088037, 39.958685], [-105.087748, 39.958707], [-105.087522, 39.958732], [-105.087469, 39.958738], [-105.086762, 39.958836], [-105.086061, 39.958952], [-105.085712, 39.959018], [-105.085477, 39.959067], [-105.085019, 39.959162], [-105.084333, 39.959325], [-105.083993, 39.959414], [-105.083439, 39.95957], [-105.082986, 39.959706], [-105.082326, 39.959924], [-105.082, 39.960039], [-105.081726, 39.96014], [-105.081355, 39.960283], [-105.080723, 39.960543], [-105.080411, 39.96068], [-105.080102, 39.960821], [-105.080008, 39.960866], [-105.079494, 39.961115], [-105.079196, 39.961268], [-105.079014, 39.961366], [-105.078901, 39.961426], [-105.078609, 39.961587], [-105.078361, 39.961728], [-105.078037, 39.96192], [-105.07748, 39.962269], [-105.077208, 39.962449], [-105.076676, 39.96282], [-105.076416, 39.963011], [-105.076161, 39.963205], [-105.075664, 39.963603], [-105.075185, 39.964015], [-105.074568, 39.964583], [-105.073348, 39.965606], [-105.0719, 39.966986], [-105.071209, 39.967644], [-105.071016, 39.967858], [-105.070667, 39.968179], [-105.069977, 39.968805], [-105.069632, 39.969099], [-105.069142, 39.969492], [-105.068634, 39.969873], [-105.068373, 39.970058], [-105.068109, 39.970239], [-105.067705, 39.970449], [-105.066717, 39.971033], [-105.066008, 39.971402], [-105.065657, 39.971585], [-105.065416, 39.971711], [-105.065075, 39.971865], [-105.064608, 39.972076], [-105.062614, 39.972943], [-105.06097, 39.973613], [-105.059446, 39.974279], [-105.058521, 39.974703], [-105.052798, 39.977114], [-105.05274, 39.977139], [-105.052123, 39.977396], [-105.0518, 39.977523], [-105.051357, 39.977684], [-105.050924, 39.977828], [-105.050486, 39.97796], [-105.050041, 39.97808], [-105.049816, 39.978136], [-105.04946, 39.97822], [-105.037651, 39.980845], [-105.036167, 39.981175], [-105.035349, 39.981356], [-105.034746, 39.981489], [-105.030126, 39.982517], [-105.029119, 39.982741], [-105.028448, 39.982885], [-105.02776, 39.983023], [-105.027068, 39.983152], [-105.026213, 39.983298], [-105.025515, 39.983406], [-105.025311, 39.983435], [-105.024816, 39.983505], [-105.024114, 39.983594], [-105.023411, 39.983674], [-105.022705, 39.983745], [-105.021998, 39.983805], [-105.02129, 39.983857], [-105.018457, 39.984043], [-105.018422, 39.984045], [-105.016223, 39.984189], [-105.015851, 39.984214], [-105.015237, 39.984254], [-105.009845, 39.984609], [-105.009386, 39.984636], [-105.008913, 39.984658], [-105.00844, 39.984673], [-105.007967, 39.984682], [-105.007494, 39.984685], [-105.00702, 39.984681], [-105.006739, 39.984675], [-105.006617, 39.984672], [-105.006547, 39.984671], [-105.006074, 39.984654], [-105.005602, 39.984632], [-105.00513, 39.984602], [-105.004659, 39.984567], [-105.004189, 39.984525], [-105.00372, 39.984477], [-105.003251, 39.984423], [-105.002785, 39.984362], [-105.002319, 39.984295], [-105.001856, 39.984222], [-105.001293, 39.984124], [-105.000834, 39.984037], [-104.999491, 39.983769], [-104.998765, 39.983625], [-104.998674, 39.983607], [-104.997205, 39.983314], [-104.989259, 39.981732], [-104.988332, 39.981548], [-104.988202, 39.981522], [-104.988125, 39.981506], [-104.988042, 39.98149], [-104.987778, 39.981437], [-104.987762, 39.981434]]}}, {"type": "Feature", "properties": {"LINEARID": "1108296282351", "FULLNAME": "State Hwy 470", "RTTYP": "S", "MTFCC": "S1100"}, "geometry": {"type": "LineString", "coordinates": [[-105.088037, 39.958685], [-105.090238, 39.958564], [-105.090365, 39.958558], [-105.091918, 39.95849], [-105.095484, 39.958317], [-105.09724, 39.958245], [-105.099488, 39.958152], [-105.099835, 39.958138], [-105.099961, 39.958133]]}}, {"type": "Feature", "properties": {"LINEARID": "1108296282352", "FULLNAME": "State Hwy 470", "RTTYP": "S", "MTFCC": "S1100"}, "geometry": {"type": "LineString", "coordinates": [[-105.109178, 39.956566], [-105.109315, 39.956523], [-105.109372, 39.956506], [-105.109528, 39.956457]]}}, {"type": "Feature", "properties": {"LINEARID": "1104468779770", "FULLNAME": "State Hwy 470", "RTTYP": "S", "MTFCC": "S1100"}, "geometry": {"type": "LineString", "coordinates": [[-105.109521, 39.956698], [-105.113297, 39.955522], [-105.113637, 39.955413]]}}, {"type": "Feature", "properties": {"LINEARID": "1104288622609", "FULLNAME": "State Hwy 470", "RTTYP": "S", "MTFCC": "S1100"}, "geometry": {"type": "LineString", "coordinates": [[-105.113637, 39.955413], [-105.114761, 39.955025], [-105.115274, 39.954834]]}}, {"type": "Feature", "properties": {"LINEARID": "1104288622626", "FULLNAME": "State Hwy 470", "RTTYP": "S", "MTFCC": "S1100"}, "geometry": {"type": "LineString", "coordinates": [[-105.113637, 39.955413], [-105.115224, 39.954836], [-105.115274, 39.954834]]}}, {"type": "Feature", "properties": {"LINEARID": "1108296280973", "FULLNAME": "Northwest Pkwy", "RTTYP": "M", "MTFCC": "S1100"}, "geometry": {"type": "LineString", "coordinates": [[-105.109528, 39.956457], [-105.112919, 39.955389], [-105.113356, 39.955248], [-105.113789, 39.955102], [-105.114219, 39.954949], [-105.114645, 39.954792], [-105.115068, 39.954627], [-105.115486, 39.954457], [-105.115901, 39.954283], [-105.116312, 39.954102], [-105.116718, 39.953916], [-105.117122, 39.953725], [-105.117519, 39.953528], [-105.117913, 39.953326], [-105.118302, 39.953118], [-105.118686, 39.952905], [-105.11912, 39.952654], [-105.120642, 39.951759], [-105.120769, 39.951687], [-105.121126, 39.951484], [-105.123892, 39.949907], [-105.124304, 39.949666], [-105.124591, 39.949488], [-105.12487, 39.949302], [-105.125364, 39.948948]]}}, {"type": "Feature", "properties": {"LINEARID": "1108296280975", "FULLNAME": "Northwest Pkwy", "RTTYP": "M", "MTFCC": "S1100"}, "geometry": {"type": "LineString", "coordinates": [[-105.099961, 39.958133], [-105.100502, 39.95811], [-105.100869, 39.958095], [-105.101933, 39.958044], [-105.102286, 39.95802], [-105.102638, 39.957991], [-105.102791, 39.957975], [-105.103341, 39.957919], [-105.103691, 39.957876], [-105.104224, 39.957801], [-105.104734, 39.957719], [-105.105422, 39.957591], [-105.105765, 39.95752], [-105.106444, 39.957364], [-105.106781, 39.95728], [-105.107432, 39.957102], [-105.10798, 39.956939], [-105.109071, 39.956599], [-105.109178, 39.956566]]}}, {"type": "Feature", "properties": {"LINEARID": "1108296280976", "FULLNAME": "Northwest Pkwy", "RTTYP": "M", "MTFCC": "S1100"}, "geometry": {"type": "LineString", "coordinates": [[-105.088037, 39.958685], [-105.090238, 39.958564], [-105.090365, 39.958558], [-105.091918, 39.95849], [-105.095484, 39.958317], [-105.09724, 39.958245], [-105.099488, 39.958152], [-105.099835, 39.958138], [-105.099961, 39.958133]]}}, {"type": "Feature", "properties": {"LINEARID": "1108296280977", "FULLNAME": "Northwest Pkwy", "RTTYP": "M", "MTFCC": "S1100"}, "geometry": {"type": "LineString", "coordinates": [[-105.109178, 39.956566], [-105.109315, 39.956523], [-105.109372, 39.956506], [-105.109528, 39.956457]]}}, {"type": "Feature", "properties": {"LINEARID": "1108296280985", "FULLNAME": "Northwest Pkwy", "RTTYP": "M", "MTFCC": "S1100"}, "geometry": {"type": "LineString", "coordinates": [[-105.099962, 39.958283], [-105.100505, 39.95826], [-105.101156, 39.958233], [-105.102227, 39.958181], [-105.102584, 39.958157], [-105.10279, 39.95814], [-105.102941, 39.958128], [-105.103298, 39.958094], [-105.103653, 39.958055], [-105.104361, 39.957963], [-105.104713, 39.95791], [-105.105064, 39.957852], [-105.105414, 39.957789], [-105.10574, 39.957726], [-105.105762, 39.957722], [-105.106453, 39.957574], [-105.106796, 39.957493], [-105.107477, 39.957317], [-105.107798, 39.957227], [-105.108297, 39.957079], [-105.109075, 39.956836], [-105.109178, 39.956804]]}}, {"type": "Feature", "properties": {"LINEARID": "1108296280986", "FULLNAME": "Northwest Pkwy", "RTTYP": "M", "MTFCC": "S1100"}, "geometry": {"type": "LineString", "coordinates": [[-105.109521, 39.956698], [-105.113297, 39.955522], [-105.113637, 39.955413], [-105.114761, 39.955025], [-105.115274, 39.954834], [-105.115469, 39.954755], [-105.11589, 39.954578], [-105.116308, 39.954394], [-105.116721, 39.954206], [-105.11713, 39.954011], [-105.117534, 39.953812], [-105.117934, 39.953606], [-105.118329, 39.953396], [-105.11872, 39.95318], [-105.119106, 39.952959], [-105.119543, 39.952699], [-105.120851, 39.951905], [-105.121024, 39.951804], [-105.121207, 39.951697], [-105.123, 39.950652], [-105.123655, 39.950241], [-105.124273, 39.949895], [-105.124329, 39.949861], [-105.125053, 39.949384], [-105.125526, 39.94907]]}}, {"type": "Feature", "properties": {"LINEARID": "1108296280987", "FULLNAME": "Northwest Pkwy", "RTTYP": "M", "MTFCC": "S1100"}, "geometry": {"type": "LineString", "coordinates": [[-105.088036, 39.958856], [-105.090233, 39.958723], [-105.090362, 39.958716], [-105.091904, 39.958645], [-105.09581, 39.958454], [-105.097231, 39.958395], [-105.099832, 39.958288], [-105.099962, 39.958283]]}}, {"type": "Feature", "properties": {"LINEARID": "1108296280988", "FULLNAME": "Northwest Pkwy", "RTTYP": "M", "MTFCC": "S1100"}, "geometry": {"type": "LineString", "coordinates": [[-105.109521, 39.956698], [-105.109385, 39.95674], [-105.109316, 39.956761], [-105.109178, 39.956804]]}}, {"type": "Feature", "properties": {"LINEARID": "1104469016144", "FULLNAME": "Northwest Pkwy", "RTTYP": "M", "MTFCC": "S1100"}, "geometry": {"type": "LineString", "coordinates": [[-105.087748, 39.958707], [-105.088037, 39.958685]]}}, {"type": "Feature", "properties": {"LINEARID": "1104469016146", "FULLNAME": "Northwest Pkwy", "RTTYP": "M", "MTFCC": "S1100"}, "geometry": {"type": "LineString", "coordinates": [[-105.087748, 39.95888], [-105.088036, 39.958856]]}}, {"type": "Feature", "properties": {"LINEARID": "1108296281192", "FULLNAME": "Denver Boulder Tpke", "RTTYP": "M", "MTFCC": "S1100"}, "geometry": {"type": "LineString", "coordinates": [[-105.137592, 39.939543], [-105.137417, 39.939439], [-105.136927, 39.939158], [-105.136777, 39.939077], [-105.136384, 39.938871], [-105.135668, 39.938524], [-105.132286, 39.936997], [-105.131264, 39.936535], [-105.128799, 39.935432], [-105.127648, 39.934907], [-105.127421, 39.934807], [-105.127201, 39.93471], [-105.123013, 39.93282], [-105.1217, 39.932189], [-105.121571, 39.932126], [-105.121265, 39.931967], [-105.120795, 39.931712], [-105.120377, 39.931469], [-105.119389, 39.930866], [-105.118975, 39.930579], [-105.118463, 39.9302], [-105.117757, 39.929653], [-105.117243, 39.929241], [-105.116467, 39.928636], [-105.116443, 39.928618], [-105.116133, 39.928362], [-105.115868, 39.928145], [-105.115742, 39.928044], [-105.115272, 39.927668], [-105.114743, 39.927261], [-105.114043, 39.926702], [-105.112162, 39.925227], [-105.1116, 39.924798], [-105.11108, 39.924415], [-105.110692, 39.924158], [-105.110385, 39.923964], [-105.109643, 39.923516], [-105.1089, 39.923107], [-105.108403, 39.922858], [-105.107933, 39.922635], [-105.106022, 39.921759], [-105.105216, 39.921389], [-105.103171, 39.920451], [-105.100728, 39.919331], [-105.09997, 39.918983], [-105.099223, 39.91866], [-105.097199, 39.917726], [-105.096287, 39.917314], [-105.095506, 39.916951], [-105.09444, 39.916406], [-105.094088, 39.916206], [-105.093891, 39.916094], [-105.093579, 39.915916], [-105.092517, 39.915224], [-105.091905, 39.91477], [-105.091356, 39.914337], [-105.091232, 39.91424], [-105.090555, 39.913636], [-105.09028, 39.913375], [-105.089931, 39.913033], [-105.0896, 39.912687], [-105.089364, 39.912428], [-105.08928, 39.912328], [-105.088731, 39.911664], [-105.088593, 39.911468], [-105.088468, 39.91129], [-105.085417, 39.906945], [-105.084141, 39.905128], [-105.083627, 39.904391], [-105.081757, 39.901722], [-105.081697, 39.901637], [-105.080631, 39.90014], [-105.080424, 39.899819]]}}, {"type": "Feature", "properties": {"LINEARID": "1108296281195", "FULLNAME": "Denver Boulder Tpke", "RTTYP": "M", "MTFCC": "S1100"}, "geometry": {"type": "LineString", "coordinates": [[-104.987363, 39.827465], [-104.987685, 39.827452], [-104.988807, 39.827456], [-104.989548, 39.827449], [-104.991452, 39.827452], [-104.992939, 39.827464], [-104.993652, 39.827478], [-104.994189, 39.827515], [-104.994807, 39.827576], [-104.995367, 39.827657], [-104.995559, 39.827689], [-104.995998, 39.827775], [-104.996185, 39.827815], [-104.996699, 39.827936], [-104.9968, 39.827961], [-104.997237, 39.828074], [-104.997289, 39.828088], [-104.997461, 39.828132], [-104.998231, 39.828354], [-104.998849, 39.828532], [-104.999288, 39.828658], [-105.000062, 39.828873], [-105.000203, 39.828915], [-105.00258, 39.829566], [-105.003807, 39.829923], [-105.004075, 39.830001], [-105.005629, 39.83046], [-105.006031, 39.830575], [-105.006224, 39.83063], [-105.006969, 39.830836], [-105.011346, 39.832101], [-105.012538, 39.832446], [-105.014104, 39.832893], [-105.015504, 39.833301], [-105.016033, 39.833453], [-105.016811, 39.833677], [-105.017971, 39.834021], [-105.019237, 39.834385], [-105.020324, 39.834706], [-105.021269, 39.834999], [-105.022074, 39.835232], [-105.023412, 39.835606], [-105.023645, 39.835668], [-105.024781, 39.836004], [-105.025003, 39.836063], [-105.026586, 39.836498], [-105.027554, 39.836779], [-105.03034, 39.837556], [-105.031358, 39.837851], [-105.031774, 39.837971], [-105.032218, 39.838117], [-105.032765, 39.838305], [-105.033725, 39.838644], [-105.034288, 39.838878], [-105.034474, 39.838955], [-105.035076, 39.839221], [-105.035737, 39.839552], [-105.036537, 39.840001], [-105.036919, 39.840224], [-105.037373, 39.840504], [-105.03783, 39.840786], [-105.038352, 39.841153], [-105.039046, 39.841676], [-105.039281, 39.841862], [-105.039625, 39.842139], [-105.039692, 39.842199], [-105.039888, 39.842377], [-105.04025, 39.842705], [-105.041016, 39.843432], [-105.041528, 39.843936], [-105.042738, 39.845123], [-105.04289, 39.845271], [-105.043529, 39.845892], [-105.043744, 39.846107], [-105.044571, 39.846915], [-105.04493, 39.847274], [-105.045306, 39.847649], [-105.04602, 39.848349], [-105.046251, 39.848582], [-105.046638, 39.84896], [-105.047803, 39.850098], [-105.048614, 39.850898], [-105.049346, 39.851644], [-105.050001, 39.852358], [-105.050764, 39.853239], [-105.051248, 39.853837], [-105.0518, 39.854554], [-105.052241, 39.855163], [-105.05234, 39.855305], [-105.052816, 39.855986], [-105.052867, 39.856068], [-105.053289, 39.856764]]}}, {"type": "Feature", "properties": {"LINEARID": "1108296281197", "FULLNAME": "Denver Boulder Tpke", "RTTYP": "M", "MTFCC": "S1100"}, "geometry": {"type": "LineString", "coordinates": [[-105.053289, 39.856764], [-105.053321, 39.856812], [-105.053482, 39.857053], [-105.053951, 39.857859], [-105.053995, 39.857935], [-105.054409, 39.858741], [-105.054876, 39.859708], [-105.05635, 39.862904], [-105.056532, 39.863295], [-105.056668, 39.863591], [-105.057298, 39.864965], [-105.058537, 39.867664], [-105.059505, 39.869806], [-105.059601, 39.870028], [-105.059643, 39.870125], [-105.059702, 39.87023], [-105.0601, 39.870945], [-105.060308, 39.871321], [-105.060507, 39.87166], [-105.060717, 39.871967], [-105.060881, 39.872194], [-105.061011, 39.872381], [-105.061198, 39.872651], [-105.062427, 39.874325], [-105.064354, 39.876897], [-105.065113, 39.877939], [-105.065384, 39.878306], [-105.068861, 39.883009], [-105.068896, 39.883057], [-105.069054, 39.883262], [-105.069608, 39.884013], [-105.06986, 39.884311], [-105.070582, 39.885325], [-105.071802, 39.886979], [-105.072495, 39.887941], [-105.073868, 39.889798], [-105.074238, 39.890298], [-105.074264, 39.890333], [-105.07543, 39.891915], [-105.075597, 39.892139], [-105.075896, 39.892542], [-105.076131, 39.892862], [-105.076326, 39.893118], [-105.076658, 39.893585], [-105.077031, 39.894154], [-105.077204, 39.894434], [-105.078774, 39.897181], [-105.078992, 39.897546], [-105.079339, 39.898178], [-105.079629, 39.898656], [-105.08, 39.899198], [-105.080411, 39.899799], [-105.080424, 39.899819]]}}, {"type": "Feature", "properties": {"LINEARID": "1108296281443", "FULLNAME": "Denver Boulder Tpke", "RTTYP": "M", "MTFCC": "S1100"}, "geometry": {"type": "LineString", "coordinates": [[-104.987365, 39.827711], [-104.988693, 39.827688], [-104.991185, 39.827697], [-104.992126, 39.827705], [-104.992369, 39.827707], [-104.99374, 39.827725], [-104.994081, 39.827743], [-104.994613, 39.827787], [-104.995164, 39.827856], [-104.995727, 39.827954], [-104.996184, 39.828052], [-104.996422, 39.82811], [-104.996835, 39.82822], [-104.997237, 39.828334], [-104.997291, 39.82835], [-104.998224, 39.828622], [-104.998709, 39.828764], [-104.99956, 39.829018], [-105.000201, 39.829202], [-105.001654, 39.829633], [-105.002162, 39.829784], [-105.003302, 39.830108], [-105.004403, 39.830402], [-105.006034, 39.830837], [-105.006123, 39.83086], [-105.006221, 39.830888], [-105.007918, 39.831373], [-105.011452, 39.832392], [-105.011527, 39.832413], [-105.012533, 39.832702], [-105.015502, 39.833554], [-105.015872, 39.833658], [-105.016901, 39.833945], [-105.017192, 39.834027], [-105.019513, 39.834674], [-105.020445, 39.834951], [-105.021877, 39.83537], [-105.024782, 39.836195], [-105.025004, 39.836258], [-105.026117, 39.836575], [-105.027441, 39.836932], [-105.030788, 39.837875], [-105.031529, 39.838074], [-105.031679, 39.838111], [-105.031837, 39.838156], [-105.032229, 39.838269], [-105.032549, 39.83837], [-105.032916, 39.838505], [-105.033373, 39.838667], [-105.033805, 39.838835], [-105.034287, 39.839031], [-105.034551, 39.839137], [-105.035736, 39.839704], [-105.036728, 39.840248], [-105.037163, 39.840515], [-105.037373, 39.840644], [-105.038116, 39.841138], [-105.038808, 39.841644], [-105.039078, 39.841859], [-105.039358, 39.84208], [-105.039503, 39.842209], [-105.03972, 39.842402], [-105.040112, 39.84275], [-105.040612, 39.843221], [-105.041446, 39.844042], [-105.042648, 39.845219], [-105.042799, 39.845365], [-105.043485, 39.846031], [-105.044282, 39.84682], [-105.04483, 39.847356], [-105.04486, 39.847386], [-105.046003, 39.848506], [-105.04684, 39.849326], [-105.047526, 39.849993], [-105.047696, 39.850159], [-105.04852, 39.850969], [-105.04921, 39.851674], [-105.049826, 39.852339], [-105.050581, 39.853214], [-105.05182, 39.854771], [-105.052145, 39.855219], [-105.052188, 39.855281], [-105.052442, 39.855641], [-105.052785, 39.856164], [-105.052857, 39.856277], [-105.053055, 39.856615], [-105.053257, 39.856946]]}}, {"type": "Feature", "properties": {"LINEARID": "1108296281015", "FULLNAME": "Denver Boulder Tpke", "RTTYP": "M", "MTFCC": "S1100"}, "geometry": {"type": "LineString", "coordinates": [[-105.137579, 39.939688], [-105.137666, 39.939739], [-105.138007, 39.939951], [-105.140013, 39.941243], [-105.140589, 39.94162], [-105.140622, 39.941641], [-105.14096, 39.941858], [-105.141209, 39.942017], [-105.141517, 39.942218], [-105.142918, 39.94313], [-105.143583, 39.943552], [-105.143685, 39.943617], [-105.143805, 39.943697], [-105.144411, 39.94409], [-105.146598, 39.945508], [-105.146969, 39.945749], [-105.147911, 39.946364], [-105.148371, 39.94666], [-105.149377, 39.947309], [-105.150234, 39.94786], [-105.150586, 39.948086], [-105.151003, 39.948369], [-105.152027, 39.94908], [-105.152648, 39.949534], [-105.153826, 39.950439], [-105.153987, 39.950564], [-105.154324, 39.950825], [-105.155072, 39.951405], [-105.155512, 39.951741], [-105.155871, 39.952021], [-105.156671, 39.952634], [-105.156804, 39.952737], [-105.159129, 39.954529], [-105.159409, 39.954735], [-105.159615, 39.954885], [-105.160162, 39.955262], [-105.160297, 39.955353], [-105.160419, 39.955432], [-105.160462, 39.95546], [-105.160507, 39.955488], [-105.160574, 39.955532], [-105.160924, 39.955744], [-105.161271, 39.955944], [-105.161518, 39.95608], [-105.162091, 39.956385], [-105.162314, 39.956498], [-105.162673, 39.956672], [-105.162954, 39.956802], [-105.16326, 39.95694], [-105.163545, 39.957067], [-105.164044, 39.957272], [-105.165546, 39.957857], [-105.165705, 39.957919], [-105.166108, 39.958077], [-105.166281, 39.958145], [-105.166481, 39.958224], [-105.166999, 39.958421], [-105.168327, 39.958938], [-105.1685, 39.959005], [-105.169395, 39.95936], [-105.170032, 39.959604], [-105.176017, 39.961932], [-105.176905, 39.962271], [-105.178687, 39.96297], [-105.179248, 39.963186], [-105.17957, 39.96331], [-105.181375, 39.964014], [-105.182316, 39.964378], [-105.183653, 39.964898], [-105.184751, 39.965328], [-105.187896, 39.966551], [-105.188657, 39.966848], [-105.189283, 39.967089], [-105.190113, 39.967408], [-105.191142, 39.967813], [-105.191885, 39.968101], [-105.194592, 39.96915], [-105.198398, 39.970634], [-105.198912, 39.970831], [-105.199408, 39.971021], [-105.201458, 39.971821], [-105.202729, 39.972312], [-105.203442, 39.972591], [-105.204137, 39.972862], [-105.204837, 39.973133], [-105.207046, 39.973989], [-105.208703, 39.974671], [-105.209005, 39.974807], [-105.209355, 39.974964], [-105.20967, 39.975105], [-105.210165, 39.975328], [-105.212831, 39.976562], [-105.21317, 39.976718], [-105.213374, 39.976813], [-105.21353, 39.976886], [-105.214957, 39.977545], [-105.217579, 39.978763], [-105.217671, 39.978805], [-105.219857, 39.97981], [-105.220543, 39.980126], [-105.220844, 39.980264], [-105.221155, 39.980408], [-105.221639, 39.980631], [-105.223213, 39.981359], [-105.225819, 39.982564], [-105.225949, 39.982624], [-105.226329, 39.982801], [-105.226426, 39.982846], [-105.226536, 39.982897], [-105.227613, 39.983393], [-105.228379, 39.983746], [-105.229498, 39.984262], [-105.230493, 39.984726], [-105.231497, 39.985192], [-105.231722, 39.985296], [-105.231896, 39.985376], [-105.232174, 39.985504], [-105.232325, 39.985573], [-105.232641, 39.985718], [-105.233018, 39.985892], [-105.233246, 39.985996], [-105.233913, 39.986298], [-105.234397, 39.986524], [-105.234567, 39.986603], [-105.235203, 39.986901], [-105.23565, 39.987121], [-105.23668, 39.987621], [-105.237122, 39.987866], [-105.23777, 39.988224], [-105.240136, 39.989596], [-105.24242, 39.990923], [-105.245437, 39.992675], [-105.245842, 39.992908], [-105.248363, 39.994362], [-105.248878, 39.994661], [-105.251921, 39.99643], [-105.252481, 39.996754], [-105.253009, 39.997059], [-105.253499, 39.997344], [-105.254933, 39.998175], [-105.255906, 39.998734], [-105.256231, 39.998911], [-105.256541, 39.999103], [-105.256776, 39.999267], [-105.257109, 39.999531], [-105.257375, 39.999775], [-105.257552, 39.999967], [-105.257702, 40.000129], [-105.257735, 40.000179], [-105.257833, 40.000327]]}}, {"type": "Feature", "properties": {"LINEARID": "1108296281017", "FULLNAME": "Denver Boulder Tpke", "RTTYP": "M", "MTFCC": "S1100"}, "geometry": {"type": "LineString", "coordinates": [[-105.137579, 39.939688], [-105.137178, 39.939449], [-105.13685, 39.939261], [-105.136727, 39.939198], [-105.136217, 39.938929], [-105.135712, 39.938685], [-105.134276, 39.938033], [-105.134016, 39.937919], [-105.133537, 39.937699], [-105.132898, 39.937419], [-105.132317, 39.937155], [-105.132208, 39.937104], [-105.131931, 39.936975], [-105.131308, 39.936702], [-105.130695, 39.936423], [-105.129571, 39.935926], [-105.128918, 39.935623], [-105.128582, 39.935481], [-105.128381, 39.935385], [-105.127804, 39.935121], [-105.127382, 39.934933], [-105.127162, 39.934835], [-105.126708, 39.934622], [-105.125959, 39.934292], [-105.125187, 39.93394], [-105.124398, 39.933566], [-105.122803, 39.932876], [-105.122424, 39.9327], [-105.122138, 39.932566], [-105.121834, 39.932434], [-105.121528, 39.932287], [-105.121398, 39.932224], [-105.12101, 39.932022], [-105.120942, 39.931984], [-105.120619, 39.931806], [-105.120351, 39.931638], [-105.119688, 39.931243], [-105.119157, 39.930879], [-105.118942, 39.930715], [-105.118762, 39.930596], [-105.118325, 39.930269], [-105.117929, 39.929954], [-105.117615, 39.929716], [-105.117245, 39.92941], [-105.116539, 39.92887], [-105.116244, 39.928635], [-105.115898, 39.92836], [-105.115814, 39.928294], [-105.115557, 39.928104], [-105.115431, 39.928011], [-105.114207, 39.92706], [-105.111778, 39.925145], [-105.111145, 39.924675], [-105.110578, 39.924287], [-105.110147, 39.92401], [-105.109698, 39.923742], [-105.109169, 39.92344], [-105.10872, 39.923205], [-105.108119, 39.922907], [-105.107199, 39.922481], [-105.105985, 39.921923], [-105.105034, 39.921486], [-105.103868, 39.92095], [-105.103158, 39.920624], [-105.096575, 39.917598], [-105.096101, 39.917378], [-105.095911, 39.917278], [-105.095442, 39.917059], [-105.095162, 39.916924], [-105.094597, 39.916629], [-105.094072, 39.916342], [-105.093928, 39.916259], [-105.093732, 39.916147], [-105.093572, 39.916056], [-105.093156, 39.915801], [-105.092829, 39.915589], [-105.092508, 39.915372], [-105.091977, 39.914998], [-105.091674, 39.914771], [-105.091292, 39.914471], [-105.091172, 39.914368], [-105.090804, 39.914052], [-105.090282, 39.913583], [-105.090013, 39.913321], [-105.089906, 39.913217], [-105.089653, 39.912958], [-105.089143, 39.912396], [-105.089003, 39.912234], [-105.08855, 39.91167], [-105.088406, 39.911464], [-105.088277, 39.911281], [-105.08523, 39.906936], [-105.084, 39.905182], [-105.083439, 39.904378], [-105.083343, 39.90424], [-105.08243, 39.902944], [-105.081813, 39.902055], [-105.081573, 39.901714], [-105.081516, 39.901634], [-105.081095, 39.901036], [-105.08104, 39.900956], [-105.080489, 39.900158], [-105.08025, 39.899819]]}}, {"type": "Feature", "properties": {"LINEARID": "1108296281018", "FULLNAME": "Denver Boulder Tpke", "RTTYP": "M", "MTFCC": "S1100"}, "geometry": {"type": "LineString", "coordinates": [[-105.053257, 39.856946], [-105.053791, 39.857908], [-105.054381, 39.859025], [-105.054594, 39.859486], [-105.054764, 39.859811], [-105.055101, 39.860575], [-105.055328, 39.861058], [-105.055487, 39.861417], [-105.056042, 39.8626], [-105.056378, 39.863342], [-105.056488, 39.863602], [-105.05729, 39.865276], [-105.05791, 39.866667], [-105.057984, 39.866833], [-105.058672, 39.868286], [-105.059096, 39.869263], [-105.059424, 39.870004], [-105.059447, 39.870056], [-105.059522, 39.870206], [-105.05989, 39.870938], [-105.060311, 39.87166], [-105.06076, 39.872271], [-105.060939, 39.87253], [-105.061102, 39.872753], [-105.061254, 39.87296], [-105.061921, 39.873873], [-105.062721, 39.874941], [-105.0634, 39.87587], [-105.064305, 39.877087], [-105.064917, 39.877922], [-105.06544, 39.878665], [-105.066498, 39.880047], [-105.067122, 39.880926], [-105.068565, 39.882874], [-105.068699, 39.883067], [-105.068746, 39.883134], [-105.069109, 39.883632], [-105.070097, 39.884922], [-105.071395, 39.886678], [-105.071668, 39.887033], [-105.071814, 39.887249], [-105.072367, 39.888015], [-105.07344, 39.889457], [-105.073697, 39.889829], [-105.074126, 39.890452], [-105.074242, 39.890595], [-105.074934, 39.891492], [-105.07545, 39.892179], [-105.075541, 39.8923], [-105.075563, 39.89233], [-105.076153, 39.893132], [-105.07669, 39.893888], [-105.076965, 39.894338], [-105.077861, 39.895883], [-105.078304, 39.896684], [-105.078872, 39.897683], [-105.079249, 39.898327], [-105.079522, 39.898767], [-105.08025, 39.899819]]}}, {"type": "Feature", "properties": {"LINEARID": "1108311513745", "FULLNAME": "Denver Boulder Tpke", "RTTYP": "M", "MTFCC": "S1100"}, "geometry": {"type": "LineString", "coordinates": [[-105.258437, 40.000371], [-105.258394, 40.000309], [-105.258334, 40.000225], [-105.258227, 40.000075], [-105.258152, 40.000004], [-105.258027, 39.999895], [-105.257931, 39.999821], [-105.257758, 39.999687], [-105.257472, 39.999492], [-105.256624, 39.998999], [-105.25511, 39.998122], [-105.253179, 39.997002], [-105.252636, 39.996691], [-105.252148, 39.996411], [-105.251389, 39.995981], [-105.248901, 39.994546], [-105.24847, 39.994297], [-105.246025, 39.992867], [-105.242511, 39.990829], [-105.240204, 39.989491], [-105.238, 39.98821], [-105.237304, 39.987813], [-105.23702, 39.98765], [-105.236295, 39.987272], [-105.235732, 39.987007], [-105.234721, 39.986536], [-105.234551, 39.986458], [-105.23354, 39.985996], [-105.233188, 39.985834], [-105.233026, 39.985758], [-105.232937, 39.985717], [-105.23271, 39.985611], [-105.232591, 39.985556], [-105.232558, 39.985541], [-105.232431, 39.985482], [-105.232346, 39.985442], [-105.231978, 39.985272], [-105.231926, 39.985248], [-105.231791, 39.985185], [-105.231553, 39.985075], [-105.231144, 39.984885], [-105.230941, 39.98479], [-105.23024, 39.984465], [-105.229302, 39.984033], [-105.228725, 39.983765], [-105.227629, 39.983259], [-105.226883, 39.982914], [-105.225978, 39.982496], [-105.225893, 39.982457], [-105.223295, 39.98126], [-105.221707, 39.980528], [-105.221214, 39.9803], [-105.220645, 39.980037], [-105.219933, 39.979707], [-105.218737, 39.979153], [-105.217754, 39.978703], [-105.217557, 39.978613], [-105.215036, 39.977444], [-105.213476, 39.976721], [-105.212833, 39.976424], [-105.210265, 39.975236], [-105.209907, 39.975075], [-105.209425, 39.974856], [-105.20914, 39.974727], [-105.208568, 39.974468], [-105.207547, 39.974056], [-105.206511, 39.973647], [-105.204918, 39.973027], [-105.203473, 39.972466], [-105.199084, 39.970762], [-105.196589, 39.969792], [-105.195301, 39.969297], [-105.194078, 39.968815], [-105.192854, 39.968343], [-105.191931, 39.967984], [-105.189256, 39.966943], [-105.187211, 39.966144], [-105.186325, 39.965806], [-105.18502, 39.965298], [-105.184619, 39.965143], [-105.18374, 39.964799], [-105.182466, 39.964301], [-105.181471, 39.963916], [-105.179249, 39.963051], [-105.178468, 39.962747], [-105.177834, 39.962505], [-105.177082, 39.962206], [-105.17619, 39.961863], [-105.175146, 39.961455], [-105.172524, 39.960434], [-105.171758, 39.96014], [-105.171, 39.95984], [-105.170011, 39.959458], [-105.169446, 39.959236], [-105.168833, 39.959001], [-105.16657, 39.958118], [-105.166373, 39.958042], [-105.166166, 39.957961], [-105.166071, 39.957924], [-105.165735, 39.957794], [-105.165571, 39.95773], [-105.164921, 39.957481], [-105.164854, 39.957455], [-105.164408, 39.957282], [-105.164021, 39.957128], [-105.163521, 39.956918], [-105.163009, 39.956687], [-105.162329, 39.95636], [-105.162081, 39.956238], [-105.161898, 39.956139], [-105.161711, 39.956039], [-105.161377, 39.955847], [-105.160709, 39.955436], [-105.160665, 39.955407], [-105.160457, 39.955269], [-105.160314, 39.955174], [-105.159241, 39.954425], [-105.157912, 39.953422], [-105.156778, 39.95256], [-105.156417, 39.95227], [-105.155604, 39.951637], [-105.155288, 39.95139], [-105.154884, 39.951085], [-105.154547, 39.950825], [-105.154071, 39.950457], [-105.153101, 39.949712], [-105.152568, 39.949308], [-105.15205, 39.948933], [-105.15142, 39.948495], [-105.150998, 39.948211], [-105.150466, 39.947863], [-105.149963, 39.947534], [-105.147484, 39.945923], [-105.146998, 39.94561], [-105.14663, 39.945373], [-105.145962, 39.944942], [-105.14383, 39.943554], [-105.143364, 39.943252], [-105.142999, 39.943028], [-105.141644, 39.94215], [-105.141075, 39.941782], [-105.140904, 39.941671], [-105.140884, 39.941658], [-105.140725, 39.941555], [-105.140326, 39.941295], [-105.13965, 39.940866], [-105.138788, 39.940295], [-105.137951, 39.939764], [-105.137592, 39.939543]]}}, {"type": "Feature", "properties": {"LINEARID": "1104271365671", "FULLNAME": "I- 25 (Express Lanes)", "RTTYP": "I", "MTFCC": "S1100"}, "geometry": {"type": "LineString", "coordinates": [[-104.988612, 39.791035], [-104.988594, 39.791086], [-104.988313, 39.792351], [-104.988019, 39.793584], [-104.98777, 39.794613], [-104.987466, 39.795783], [-104.987435, 39.795922], [-104.987314, 39.796305], [-104.987035, 39.797045], [-104.986764, 39.797633], [-104.986549, 39.798119], [-104.98647, 39.798279], [-104.985938, 39.799329], [-104.985542, 39.800098], [-104.984852, 39.801433], [-104.984638, 39.801858], [-104.984366, 39.802372], [-104.984101, 39.802887], [-104.984074, 39.80296], [-104.98371, 39.803763], [-104.98345, 39.804544], [-104.98328, 39.805081], [-104.983235, 39.805358], [-104.983185, 39.8055], [-104.983152, 39.805597], [-104.983065, 39.806308], [-104.983054, 39.806987], [-104.983031, 39.807744], [-104.983061, 39.809155], [-104.983031, 39.810402], [-104.98302, 39.811567], [-104.983009, 39.812585], [-104.982998, 39.812763], [-104.982986, 39.81504], [-104.982918, 39.816555], [-104.982914, 39.816885], [-104.982918, 39.817415], [-104.982914, 39.817521], [-104.982906, 39.817789], [-104.982891, 39.818331], [-104.982889, 39.818441], [-104.98285, 39.820028], [-104.982835, 39.820943], [-104.982834, 39.821055], [-104.982833, 39.821159], [-104.982828, 39.822165], [-104.982822, 39.823621], [-104.982821, 39.82376], [-104.982808, 39.826935], [-104.982807, 39.827415]]}}]}