{"type": "FeatureCollection", "features": [{"type": "Feature", "properties": {"LINEARID": "1105321197143", "FULLNAME": "E 120th Ave", "RTTYP": "M", "MTFCC": "S1400"}, "geometry": {"type": "LineString", "coordinates": [[-104.988949, 39.914097], [-104.988, 39.914128], [-104.987599, 39.914156], [-104.987409, 39.914158], [-104.987339, 39.914159], [-104.987268, 39.914159], [-104.98717, 39.914161], [-104.987089, 39.914162], [-104.986556, 39.914149], [-104.986189, 39.914138], [-104.985148, 39.914141], [-104.982857, 39.914169], [-104.982526, 39.914173], [-104.981394, 39.914161], [-104.978563, 39.914163], [-104.977946, 39.914156], [-104.977885, 39.914154], [-104.977777, 39.914152], [-104.977675, 39.91415], [-104.976277, 39.914087], [-104.975882, 39.914081], [-104.975238, 39.914079], [-104.974438, 39.91407], [-104.972204, 39.914069], [-104.970353, 39.914063], [-104.968453, 39.91405], [-104.968434, 39.91405], [-104.967938, 39.914047], [-104.966991, 39.91404], [-104.966766, 39.914039], [-104.963769, 39.91403], [-104.962175, 39.91402], [-104.961756, 39.91401], [-104.961153, 39.913993], [-104.960242, 39.913963], [-104.959156, 39.913952], [-104.958604, 39.913945], [-104.958331, 39.913943], [-104.958158, 39.913941], [-104.957945, 39.913939], [-104.956638, 39.913926], [-104.953298, 39.91391], [-104.951655, 39.913905], [-104.949741, 39.913897], [-104.949666, 39.913896], [-104.949193, 39.913895], [-104.945628, 39.913902], [-104.944454, 39.913902], [-104.942743, 39.913912], [-104.940319, 39.913948], [-104.940256, 39.913949], [-104.940188, 39.913949], [-104.937634, 39.913948], [-104.93691, 39.913949], [-104.93657, 39.91395], [-104.933704, 39.913974], [-104.932755, 39.913975], [-104.930117, 39.913981], [-104.927849, 39.914], [-104.926893, 39.913999], [-104.92518, 39.91401], [-104.923836, 39.91402], [-104.923336, 39.914024], [-104.921904, 39.914034], [-104.920415, 39.914038], [-104.919267, 39.914049], [-104.918249, 39.91406], [-104.91815, 39.914062], [-104.917943, 39.914063], [-104.917731, 39.914066], [-104.917068, 39.914071], [-104.916186, 39.914079], [-104.915319, 39.914087], [-104.915266, 39.914087], [-104.914625, 39.914093], [-104.913916, 39.914099], [-104.913876, 39.914099], [-104.912516, 39.914111], [-104.910267, 39.914131], [-104.908024, 39.914149], [-104.907776, 39.914151], [-104.903186, 39.914271], [-104.903052, 39.914284]]}}, {"type": "Feature", "properties": {"LINEARID": "1104273508014", "FULLNAME": "E 120th Ave", "RTTYP": "M", "MTFCC": "S1200"}, "geometry": {"type": "LineString", "coordinates": [[-104.98987, 39.914064], [-104.989751, 39.914063], [-104.989613, 39.914065], [-104.989341, 39.91407], [-104.989239, 39.914074], [-104.989137, 39.914079], [-104.988949, 39.914097]]}}, {"type": "Feature", "properties": {"LINEARID": "1106039343081", "FULLNAME": "E 88th Ave", "RTTYP": "M", "MTFCC": "S1400"}, "geometry": {"type": "LineString", "coordinates": [[-104.98725, 39.856309], [-104.987015, 39.856311], [-104.98688, 39.856312], [-104.986183, 39.856316], [-104.985209, 39.856333], [-104.983878, 39.856332], [-104.983745, 39.856333], [-104.982224, 39.856342], [-104.98194, 39.85634], [-104.980958, 39.856335], [-104.979314, 39.856328], [-104.977982, 39.856332], [-104.977906, 39.856333], [-104.977825, 39.856333], [-104.977026, 39.85632], [-104.975475, 39.856312], [-104.974372, 39.856293], [-104.973211, 39.856284], [-104.972254, 39.856281], [-104.971287, 39.856271], [-104.970922, 39.85627], [-104.970327, 39.856269], [-104.969365, 39.856266], [-104.968611, 39.856256], [-104.968362, 39.856254], [-104.967934, 39.856242], [-104.967354, 39.856235], [-104.967276, 39.856234], [-104.967215, 39.856234], [-104.966217, 39.856223], [-104.965154, 39.856217], [-104.964111, 39.856209], [-104.963764, 39.85621], [-104.963664, 39.85621], [-104.96361, 39.856211], [-104.963562, 39.856211], [-104.962907, 39.856234], [-104.962716, 39.856234], [-104.960676, 39.856199], [-104.960144, 39.856194], [-104.959091, 39.856188], [-104.958438, 39.856176], [-104.955635, 39.856162], [-104.954489, 39.856159], [-104.954139, 39.856159], [-104.953753, 39.856156], [-104.952946, 39.85615], [-104.950074, 39.856112], [-104.949811, 39.856109], [-104.949473, 39.856105], [-104.949055, 39.856101], [-104.948056, 39.856091], [-104.946649, 39.856067], [-104.944664, 39.856046], [-104.94279, 39.856027], [-104.942378, 39.856019], [-104.941729, 39.856006], [-104.941376, 39.856004], [-104.940825, 39.856002], [-104.940259, 39.855951]]}}, {"type": "Feature", "properties": {"LINEARID": "1104273508605", "FULLNAME": "E 120th Ave", "RTTYP": "M", "MTFCC": "S1200"}, "geometry": {"type": "LineString", "coordinates": [[-104.989033, 39.913932], [-104.989221, 39.913923], [-104.989682, 39.913917], [-104.989812, 39.913915], [-104.989928, 39.913915]]}}, {"type": "Feature", "properties": {"LINEARID": "110706493717", "FULLNAME": "E 104th Pl", "RTTYP": "M", "MTFCC": "S1400"}, "geometry": {"type": "LineString", "coordinates": [[-104.985873, 39.885981], [-104.985783, 39.885919], [-104.985704, 39.885883], [-104.985599, 39.885861], [-104.985518, 39.885852], [-104.985071, 39.885848], [-104.984156, 39.885849], [-104.983221, 39.885845], [-104.982224, 39.885852], [-104.981272, 39.885851], [-104.980385, 39.885846], [-104.979502, 39.885839], [-104.978736, 39.88584], [-104.978647, 39.885856], [-104.978595, 39.885875], [-104.978517, 39.88592]]}}, {"type": "Feature", "properties": {"LINEARID": "1104492478029", "FULLNAME": "E 104th Ave", "RTTYP": "M", "MTFCC": "S1400"}, "geometry": {"type": "LineString", "coordinates": [[-104.98755, 39.885175], [-104.987422, 39.885174], [-104.986836, 39.885177], [-104.986371, 39.88518], [-104.986292, 39.885181], [-104.985942, 39.885184], [-104.985434, 39.885182], [-104.985394, 39.885181], [-104.984771, 39.885179], [-104.984048, 39.885164], [-104.983672, 39.885148], [-104.98312, 39.885125], [-104.98226, 39.885102], [-104.982213, 39.885102], [-104.982115, 39.885101], [-104.981256, 39.885086], [-104.980087, 39.885066], [-104.977785, 39.885048], [-104.977627, 39.885049], [-104.973357, 39.885028], [-104.972848, 39.885025], [-104.972609, 39.885024], [-104.970512, 39.885014], [-104.970094, 39.885009], [-104.969637, 39.885005], [-104.968264, 39.885008], [-104.966659, 39.884999], [-104.96555, 39.884993], [-104.965446, 39.884992], [-104.96259, 39.884978], [-104.962456, 39.884978], [-104.962097, 39.884974], [-104.961325, 39.884965], [-104.959749, 39.884959], [-104.959543, 39.884953], [-104.959125, 39.884929], [-104.958924, 39.884908], [-104.958175, 39.88484], [-104.957694, 39.884819], [-104.956116, 39.884784], [-104.954989, 39.88479], [-104.95462, 39.884804], [-104.954258, 39.884824], [-104.953783, 39.88486], [-104.95345, 39.884881], [-104.952939, 39.884884], [-104.949555, 39.884852], [-104.946248, 39.884818], [-104.944579, 39.884791], [-104.94262, 39.884771], [-104.941379, 39.884778], [-104.940601, 39.884788], [-104.940329, 39.884787]]}}, {"type": "Feature", "properties": {"LINEARID": "1105319783178", "FULLNAME": "E 120th Ave", "RTTYP": "M", "MTFCC": "S1400"}, "geometry": {"type": "LineString", "coordinates": [[-104.989033, 39.913932], [-104.98878, 39.91395], [-104.988078, 39.913973], [-104.98791, 39.913972], [-104.987768, 39.913973], [-104.98764, 39.913977], [-104.987432, 39.913984], [-104.986559, 39.913994], [-104.985625, 39.913988], [-104.985149, 39.913993], [-104.983675, 39.914017], [-104.982948, 39.914022], [-104.981395, 39.914014], [-104.980286, 39.914008], [-104.977945, 39.914009], [-104.977884, 39.914009], [-104.977786, 39.914006], [-104.977599, 39.913999], [-104.976529, 39.91394], [-104.975837, 39.913921], [-104.97501, 39.91392], [-104.974445, 39.913912], [-104.972204, 39.913907], [-104.970355, 39.913925], [-104.967939, 39.91392], [-104.966762, 39.913918], [-104.96377, 39.913912], [-104.962504, 39.913907], [-104.961911, 39.913901], [-104.960245, 39.913849], [-104.960131, 39.913846], [-104.959612, 39.91383], [-104.959155, 39.913823], [-104.959071, 39.913821], [-104.958334, 39.91381], [-104.958168, 39.913807], [-104.957946, 39.913804], [-104.957425, 39.913794], [-104.956239, 39.913786], [-104.953299, 39.91378], [-104.953245, 39.91378], [-104.951659, 39.913774], [-104.945628, 39.913758], [-104.942147, 39.913781], [-104.940319, 39.913818], [-104.940257, 39.913819], [-104.94019, 39.913819], [-104.937635, 39.913837], [-104.9369, 39.91384], [-104.936845, 39.91384], [-104.935731, 39.913858], [-104.933703, 39.913869], [-104.932756, 39.913874], [-104.930462, 39.913876], [-104.927847, 39.913891], [-104.925179, 39.913907], [-104.924092, 39.913915], [-104.924032, 39.913915], [-104.923346, 39.91392], [-104.921905, 39.913931]]}}, {"type": "Feature", "properties": {"LINEARID": "1104275736342", "FULLNAME": "E 104th Ave", "RTTYP": "M", "MTFCC": "S1400"}, "geometry": {"type": "LineString", "coordinates": [[-104.987549, 39.88534], [-104.987422, 39.885338], [-104.986824, 39.885338], [-104.986292, 39.885331], [-104.985633, 39.885323], [-104.985365, 39.885321], [-104.983479, 39.885299], [-104.982214, 39.885269], [-104.980842, 39.885244], [-104.979954, 39.885245], [-104.977891, 39.88524], [-104.977785, 39.88524], [-104.977626, 39.885239], [-104.973346, 39.885218], [-104.972848, 39.885215], [-104.972611, 39.885214], [-104.97123, 39.885207], [-104.970506, 39.885208], [-104.96719, 39.885193], [-104.964168, 39.88519], [-104.962588, 39.885176], [-104.962521, 39.885176], [-104.962452, 39.885176], [-104.962059, 39.885175], [-104.961323, 39.885172], [-104.95985, 39.885167], [-104.95927, 39.885147], [-104.95892, 39.885117], [-104.958125, 39.885042], [-104.957924, 39.885032], [-104.957866, 39.885031], [-104.957755, 39.885028], [-104.957671, 39.885025], [-104.957405, 39.885019], [-104.955444, 39.885001], [-104.954954, 39.884997], [-104.954855, 39.884999], [-104.954651, 39.885006], [-104.954234, 39.885038], [-104.953806, 39.885072], [-104.953653, 39.885081], [-104.953503, 39.885089], [-104.952999, 39.885096], [-104.951582, 39.885085], [-104.951348, 39.885084], [-104.949553, 39.885065], [-104.946588, 39.885033], [-104.946122, 39.885027], [-104.94596, 39.885025], [-104.945923, 39.885025], [-104.944806, 39.88501], [-104.94458, 39.885008], [-104.944431, 39.885007], [-104.943008, 39.884998], [-104.940325, 39.884983]]}}, {"type": "Feature", "properties": {"LINEARID": "110706491786", "FULLNAME": "E 88th Ave", "RTTYP": "M", "MTFCC": "S1400"}, "geometry": {"type": "LineString", "coordinates": [[-104.987127, 39.856234], [-104.987002, 39.856234], [-104.986864, 39.856235], [-104.983878, 39.856229], [-104.9838, 39.85623], [-104.983745, 39.85623], [-104.982973, 39.856234], [-104.982653, 39.856232], [-104.982222, 39.85623], [-104.981515, 39.856231], [-104.980667, 39.856233], [-104.979312, 39.856228], [-104.978188, 39.85623], [-104.97798, 39.856227], [-104.977906, 39.856227], [-104.977825, 39.856225], [-104.975372, 39.856212], [-104.974367, 39.856197], [-104.973214, 39.856184], [-104.972251, 39.856186], [-104.971288, 39.856175], [-104.970921, 39.856174], [-104.970328, 39.856174], [-104.969367, 39.856172], [-104.968365, 39.856151], [-104.967355, 39.856139], [-104.967217, 39.856137], [-104.966213, 39.856126], [-104.965155, 39.856111], [-104.964111, 39.85611], [-104.963754, 39.856108], [-104.963653, 39.856109], [-104.963598, 39.856108], [-104.96355, 39.856108], [-104.963255, 39.856116], [-104.962899, 39.856131], [-104.961853, 39.856116], [-104.961416, 39.856113], [-104.960378, 39.856094], [-104.960144, 39.856094], [-104.959079, 39.856089], [-104.956045, 39.856072], [-104.95564, 39.856063], [-104.954519, 39.856062], [-104.954156, 39.856061], [-104.953738, 39.856059], [-104.952958, 39.856054], [-104.952245, 39.85604], [-104.951746, 39.856036], [-104.950631, 39.856019], [-104.950073, 39.856015], [-104.949802, 39.856012], [-104.949656, 39.85601], [-104.94909, 39.856003], [-104.948078, 39.855991], [-104.946169, 39.855962], [-104.944667, 39.855946], [-104.940831, 39.855905], [-104.940259, 39.855951]]}}, {"type": "Feature", "properties": {"LINEARID": "110706493789", "FULLNAME": "W 104th Pl", "RTTYP": "M", "MTFCC": "S1400"}, "geometry": {"type": "LineString", "coordinates": [[-105.030419, 39.887098], [-105.030388, 39.886988], [-105.030355, 39.886715], [-105.030356, 39.886683], [-105.030375, 39.886594], [-105.030419, 39.88651], [-105.030453, 39.88647]]}}, {"type": "Feature", "properties": {"LINEARID": "1104275601101", "FULLNAME": "W 104th Ave", "RTTYP": "M", "MTFCC": "S1400"}, "geometry": {"type": "LineString", "coordinates": [[-104.987549, 39.88534], [-104.98765, 39.885341], [-104.98802, 39.885347], [-104.98838, 39.885359], [-104.988592, 39.885362], [-104.989096, 39.885348], [-104.989428, 39.885327], [-104.989657, 39.885307], [-104.989779, 39.885302], [-104.990235, 39.885281], [-104.990247, 39.88528], [-104.990465, 39.885275], [-104.99066, 39.885275], [-104.99117, 39.885274], [-104.993224, 39.885282], [-104.99325, 39.885282], [-104.996601, 39.885271], [-104.996733, 39.885272], [-104.997771, 39.88527], [-104.998279, 39.885269], [-104.999949, 39.885263], [-105.003301, 39.885267], [-105.004399, 39.88526], [-105.005574, 39.885258], [-105.005976, 39.88526], [-105.006045, 39.88526], [-105.006394, 39.885274], [-105.006592, 39.885278], [-105.007441, 39.885283], [-105.008999, 39.885272], [-105.012128, 39.885265], [-105.014628, 39.885247], [-105.015517, 39.885247], [-105.015638, 39.885247], [-105.015744, 39.885247], [-105.017038, 39.885249], [-105.019661, 39.885251], [-105.022044, 39.885247], [-105.023485, 39.885238], [-105.024187, 39.885224], [-105.02502, 39.885214], [-105.025171, 39.885212], [-105.028342, 39.885187], [-105.030364, 39.885169], [-105.032191, 39.885167], [-105.034437, 39.885167], [-105.034528, 39.885167], [-105.035002, 39.885167], [-105.035349, 39.885181], [-105.035435, 39.885181], [-105.037011, 39.885248], [-105.041313, 39.885271], [-105.042, 39.885273], [-105.042219, 39.885277], [-105.042594, 39.885285], [-105.043385, 39.885299], [-105.043823, 39.885306], [-105.045674, 39.88531], [-105.047516, 39.885318], [-105.048564, 39.885328], [-105.053091, 39.885356]]}}, {"type": "Feature", "properties": {"LINEARID": "1108475815988", "FULLNAME": "W 88th Ct", "RTTYP": "M", "MTFCC": "S1400"}, "geometry": {"type": "LineString", "coordinates": [[-105.034384, 39.857641], [-105.035106, 39.857654], [-105.035113, 39.85785], [-105.03513, 39.857881], [-105.035171, 39.857912], [-105.03525, 39.857922], [-105.035953, 39.857915], [-105.035991, 39.857908], [-105.036026, 39.857894]]}}, {"type": "Feature", "properties": {"LINEARID": "110706491818", "FULLNAME": "W 88th Ave", "RTTYP": "M", "MTFCC": "S1400"}, "geometry": {"type": "LineString", "coordinates": [[-105.049576, 39.859518], [-105.049662, 39.859611]]}}, {"type": "Feature", "properties": {"LINEARID": "110706491815", "FULLNAME": "W 88th Ave", "RTTYP": "M", "MTFCC": "S1400"}, "geometry": {"type": "LineString", "coordinates": [[-104.987127, 39.856234], [-104.987234, 39.856233], [-104.987392, 39.856232], [-104.987724, 39.856231], [-104.988289, 39.856221], [-104.989128, 39.856217], [-104.989428, 39.856215], [-104.990042, 39.856218], [-104.992513, 39.856228], [-104.992846, 39.856229], [-104.993801, 39.856259], [-104.994042, 39.856257], [-104.996122, 39.856241], [-104.996529, 39.856243], [-104.996662, 39.856244], [-104.997756, 39.856229], [-104.998074, 39.856223], [-104.998433, 39.856213], [-104.99881, 39.856212], [-105.00097, 39.856217], [-105.002191, 39.856207], [-105.002667, 39.856204], [-105.003643, 39.856198], [-105.003897, 39.856197], [-105.005036, 39.856183], [-105.005951, 39.856174], [-105.006078, 39.856175]]}}, {"type": "Feature", "properties": {"LINEARID": "1102219804866", "FULLNAME": "W 120th Ave", "RTTYP": "M", "MTFCC": "S1200"}, "geometry": {"type": "LineString", "coordinates": [[-104.98987, 39.914064], [-104.990478, 39.914057], [-104.990812, 39.914055], [-104.991752, 39.91405], [-104.992184, 39.914048], [-104.992614, 39.914049], [-104.993202, 39.914046], [-104.99374, 39.914044], [-104.994692, 39.91404], [-104.995716, 39.914047], [-104.996727, 39.914053], [-104.996898, 39.914052], [-105.001434, 39.914065], [-105.003718, 39.914066], [-105.006111, 39.914068], [-105.007202, 39.914075], [-105.009879, 39.914081], [-105.010813, 39.914089], [-105.011929, 39.914089], [-105.014653, 39.914101], [-105.015521, 39.914105], [-105.018648, 39.914116], [-105.020226, 39.914126], [-105.023225, 39.914171], [-105.023519, 39.914175], [-105.024216, 39.914193], [-105.024981, 39.91423], [-105.026173, 39.914265], [-105.027056, 39.914263], [-105.027521, 39.914256], [-105.028305, 39.914243], [-105.029529, 39.914209], [-105.034347, 39.914181]]}}, {"type": "Feature", "properties": {"LINEARID": "110706493790", "FULLNAME": "W 104th Pl", "RTTYP": "M", "MTFCC": "S1400"}, "geometry": {"type": "LineString", "coordinates": [[-105.020642, 39.886434], [-105.021266, 39.886366]]}}, {"type": "Feature", "properties": {"LINEARID": "11012813122375", "FULLNAME": "W 88th Pl", "RTTYP": "M", "MTFCC": "S1400"}, "geometry": {"type": "LineString", "coordinates": [[-105.050818, 39.858101], [-105.051354, 39.858104], [-105.051495, 39.858125], [-105.052026, 39.858125], [-105.052217, 39.858145], [-105.052375, 39.858171], [-105.052559, 39.858237], [-105.052737, 39.858322], [-105.052862, 39.858408], [-105.052993, 39.858533], [-105.053112, 39.858671], [-105.053184, 39.858836], [-105.05323, 39.859013], [-105.053263, 39.859948]]}}, {"type": "Feature", "properties": {"LINEARID": "110706491833", "FULLNAME": "W 88th Way", "RTTYP": "M", "MTFCC": "S1400"}, "geometry": {"type": "LineString", "coordinates": [[-105.034362, 39.855484], [-105.035486, 39.855493], [-105.035481, 39.856283]]}}, {"type": "Feature", "properties": {"LINEARID": "110706493784", "FULLNAME": "W 104th Pl", "RTTYP": "M", "MTFCC": "S1400"}, "geometry": {"type": "LineString", "coordinates": [[-105.030453, 39.88647], [-105.030516, 39.886435], [-105.030601, 39.886408], [-105.03067, 39.886396], [-105.030903, 39.886394], [-105.032102, 39.8864]]}}, {"type": "Feature", "properties": {"LINEARID": "110706491827", "FULLNAME": "W 88th Pl", "RTTYP": "M", "MTFCC": "S1400"}, "geometry": {"type": "LineString", "coordinates": [[-105.047935, 39.858091], [-105.04825, 39.858093], [-105.048905, 39.858098], [-105.049574, 39.858104], [-105.049869, 39.858106], [-105.050373, 39.858111]]}}, {"type": "Feature", "properties": {"LINEARID": "110706493774", "FULLNAME": "W 104th Ct", "RTTYP": "M", "MTFCC": "S1400"}, "geometry": {"type": "LineString", "coordinates": [[-105.01928, 39.886026], [-105.018838, 39.886024], [-105.01876, 39.886021], [-105.018699, 39.886011], [-105.018648, 39.885995], [-105.01861, 39.885978], [-105.018564, 39.885951], [-105.018527, 39.885923], [-105.018497, 39.885893], [-105.018468, 39.885849], [-105.01843, 39.885762]]}}, {"type": "Feature", "properties": {"LINEARID": "110706493769", "FULLNAME": "W 104th Cir", "RTTYP": "M", "MTFCC": "S1400"}, "geometry": {"type": "LineString", "coordinates": [[-105.016032, 39.885802], [-105.016103, 39.885761], [-105.016155, 39.885739], [-105.016214, 39.88572], [-105.016284, 39.885704], [-105.016376, 39.885692], [-105.016455, 39.885692], [-105.016535, 39.885701], [-105.016693, 39.885741], [-105.016996, 39.885796]]}}, {"type": "Feature", "properties": {"LINEARID": "1107119975097", "FULLNAME": "W 88th Pl", "RTTYP": "M", "MTFCC": "S1400"}, "geometry": {"type": "LineString", "coordinates": [[-105.053263, 39.859948], [-105.053245, 39.860018], [-105.053284, 39.860436]]}}, {"type": "Feature", "properties": {"LINEARID": "110706490706", "FULLNAME": "W 72nd Pl", "RTTYP": "M", "MTFCC": "S1400"}, "geometry": {"type": "LineString", "coordinates": [[-105.037871, 39.827282], [-105.038992, 39.82789], [-105.040555, 39.828741]]}}, {"type": "Feature", "properties": {"LINEARID": "110706493770", "FULLNAME": "W 104th Cir", "RTTYP": "M", "MTFCC": "S1400"}, "geometry": {"type": "LineString", "coordinates": [[-105.016577, 39.88659], [-105.016317, 39.886538], [-105.016189, 39.886505], [-105.01613, 39.886483], [-105.016026, 39.886423], [-105.015974, 39.886382], [-105.015934, 39.886336], [-105.015911, 39.886301], [-105.015883, 39.886239], [-105.015867, 39.886189], [-105.015861, 39.886135], [-105.015862, 39.886081], [-105.015873, 39.88603], [-105.015916, 39.88593], [-105.015948, 39.885882], [-105.015985, 39.885838], [-105.016032, 39.885802]]}}, {"type": "Feature", "properties": {"LINEARID": "110706491819", "FULLNAME": "W 88th Ave", "RTTYP": "M", "MTFCC": "S1400"}, "geometry": {"type": "LineString", "coordinates": [[-104.98725, 39.856309], [-104.987402, 39.856308], [-104.98791, 39.856309], [-104.989203, 39.85631], [-104.989842, 39.856311], [-104.99004, 39.856313], [-104.990755, 39.856319], [-104.9914, 39.856317], [-104.991993, 39.856321], [-104.992575, 39.856317], [-104.99272, 39.856321], [-104.993061, 39.85633], [-104.993278, 39.856336], [-104.993571, 39.856346], [-104.99374, 39.856351], [-104.994042, 39.856354], [-104.995699, 39.856341], [-104.996528, 39.856343], [-104.996662, 39.856341], [-104.997566, 39.856327], [-104.998241, 39.856318], [-104.998812, 39.856313], [-105.000972, 39.856312], [-105.002192, 39.856302], [-105.002667, 39.8563], [-105.00365, 39.856298], [-105.004072, 39.856292], [-105.005036, 39.856279], [-105.005951, 39.856275], [-105.006076, 39.856275]]}}, {"type": "Feature", "properties": {"LINEARID": "110706493778", "FULLNAME": "W 104th Dr", "RTTYP": "M", "MTFCC": "S1400"}, "geometry": {"type": "LineString", "coordinates": [[-105.0371, 39.885655], [-105.037391, 39.885506], [-105.037442, 39.885487], [-105.037483, 39.885478], [-105.037538, 39.885472], [-105.038023, 39.885474], [-105.038147, 39.88548], [-105.03826, 39.885492], [-105.038447, 39.885513], [-105.038566, 39.885515], [-105.038663, 39.885511], [-105.038925, 39.885487], [-105.039183, 39.885483], [-105.040436, 39.885491], [-105.040641, 39.8855], [-105.040707, 39.885508], [-105.040765, 39.88552], [-105.04092, 39.885578], [-105.040983, 39.885597], [-105.041022, 39.885602], [-105.041075, 39.885603], [-105.041132, 39.885599], [-105.041179, 39.885586], [-105.041216, 39.885566], [-105.041248, 39.885541], [-105.041279, 39.885509], [-105.041298, 39.885472], [-105.041312, 39.885389], [-105.041313, 39.885271]]}}, {"type": "Feature", "properties": {"LINEARID": "110706493787", "FULLNAME": "W 104th Pl", "RTTYP": "M", "MTFCC": "S1400"}, "geometry": {"type": "LineString", "coordinates": [[-105.001389, 39.885929], [-105.001439, 39.885899], [-105.001498, 39.885874], [-105.00156, 39.885859], [-105.001651, 39.885846], [-105.001872, 39.88584], [-105.002279, 39.885838], [-105.003305, 39.885832], [-105.00436, 39.885831], [-105.005047, 39.885825], [-105.005099, 39.885829], [-105.005199, 39.885853], [-105.005273, 39.885883], [-105.005296, 39.885898]]}}, {"type": "Feature", "properties": {"LINEARID": "110706491816", "FULLNAME": "W 88th Ave", "RTTYP": "M", "MTFCC": "S1400"}, "geometry": {"type": "LineString", "coordinates": [[-105.022622, 39.856237], [-105.02399, 39.85624], [-105.024805, 39.856242], [-105.024918, 39.856274], [-105.024985, 39.856275], [-105.025053, 39.856275], [-105.025511, 39.856279], [-105.026184, 39.856276], [-105.026352, 39.856276], [-105.026433, 39.856276], [-105.026901, 39.856277], [-105.02735, 39.856277], [-105.027828, 39.856275], [-105.02874, 39.856273], [-105.029665, 39.856271], [-105.030582, 39.85627], [-105.031501, 39.856268], [-105.03242, 39.856267], [-105.033346, 39.856264], [-105.034369, 39.856263], [-105.035481, 39.856283], [-105.036463, 39.85629], [-105.036595, 39.856291], [-105.037485, 39.856297], [-105.037531, 39.856297], [-105.037605, 39.856298], [-105.037624, 39.856298], [-105.038584, 39.856304], [-105.039608, 39.856307], [-105.04057, 39.856313], [-105.041475, 39.856318], [-105.042369, 39.856323], [-105.043261, 39.856329], [-105.044181, 39.856334], [-105.045109, 39.856339], [-105.046059, 39.856343], [-105.046991, 39.856352], [-105.047944, 39.856347], [-105.048491, 39.856357], [-105.048816, 39.856363], [-105.049038, 39.856367], [-105.049284, 39.856372], [-105.049743, 39.856377], [-105.049895, 39.856379], [-105.050224, 39.856383], [-105.050457, 39.856403], [-105.050556, 39.856419], [-105.0507, 39.856456], [-105.050831, 39.856506], [-105.050917, 39.856546], [-105.050989, 39.856587], [-105.051118, 39.856678], [-105.051182, 39.856729], [-105.051264, 39.856814], [-105.051291, 39.856846]]}}, {"type": "Feature", "properties": {"LINEARID": "110706491829", "FULLNAME": "W 88th Pl", "RTTYP": "M", "MTFCC": "S1400"}, "geometry": {"type": "LineString", "coordinates": [[-105.022622, 39.858102], [-105.02206, 39.858101], [-105.021439, 39.858099]]}}, {"type": "Feature", "properties": {"LINEARID": "1104275601067", "FULLNAME": "W 104th Ave", "RTTYP": "M", "MTFCC": "S1400"}, "geometry": {"type": "LineString", "coordinates": [[-104.98755, 39.885175], [-104.987651, 39.885177], [-104.987976, 39.885189], [-104.988372, 39.885197], [-104.989115, 39.885162], [-104.989432, 39.885133], [-104.989786, 39.885107], [-104.989932, 39.885096], [-104.990236, 39.885083], [-104.990636, 39.885077], [-104.992978, 39.88509], [-104.993259, 39.885091], [-104.996602, 39.885107], [-104.996734, 39.885108], [-104.997704, 39.885095], [-104.998277, 39.885087], [-104.999948, 39.885078], [-105.003298, 39.885059], [-105.005575, 39.885054], [-105.00591, 39.885055], [-105.005985, 39.885059], [-105.006099, 39.885065], [-105.006161, 39.885068], [-105.006579, 39.885093], [-105.006875, 39.885113], [-105.007439, 39.885131], [-105.009234, 39.885127], [-105.011408, 39.885126], [-105.012126, 39.885116], [-105.013206, 39.885083], [-105.013822, 39.885068], [-105.015517, 39.88501], [-105.016054, 39.885008], [-105.017034, 39.885002], [-105.019661, 39.885009], [-105.022007, 39.885031], [-105.02205, 39.885031], [-105.025018, 39.88505], [-105.025091, 39.885049], [-105.025177, 39.885051], [-105.02834, 39.885021], [-105.029328, 39.885028], [-105.030358, 39.885048], [-105.032189, 39.885062], [-105.034414, 39.885058], [-105.03444, 39.885058], [-105.034981, 39.885058], [-105.035436, 39.885069], [-105.037131, 39.885094], [-105.042492, 39.885142], [-105.042596, 39.885143], [-105.043561, 39.885156], [-105.043826, 39.885159], [-105.047753, 39.885187], [-105.048564, 39.885198], [-105.053093, 39.885218]]}}, {"type": "Feature", "properties": {"LINEARID": "110706490702", "FULLNAME": "W 72nd Ave", "RTTYP": "M", "MTFCC": "S1400"}, "geometry": {"type": "LineString", "coordinates": [[-104.992359, 39.826488], [-104.992424, 39.826618], [-104.992468, 39.826677], [-104.992545, 39.826747], [-104.992594, 39.826782], [-104.992701, 39.826841], [-104.992755, 39.826862], [-104.992821, 39.826882], [-104.992883, 39.826895], [-104.992957, 39.826905], [-104.993031, 39.82691], [-104.993404, 39.826913], [-104.993938, 39.826923], [-104.994094, 39.826932], [-104.994831, 39.826998], [-104.995256, 39.82705], [-104.995496, 39.827084], [-104.995721, 39.827123], [-104.996497, 39.827264], [-104.996618, 39.82728], [-104.996705, 39.827289], [-104.996778, 39.827292], [-104.997238, 39.827293], [-104.997287, 39.827293], [-104.997504, 39.827293], [-104.998257, 39.827293], [-104.999137, 39.8273], [-105.000018, 39.827298], [-105.000908, 39.827301], [-105.001796, 39.827302], [-105.00269, 39.827303], [-105.003577, 39.827305], [-105.00447, 39.827309], [-105.006097, 39.827292], [-105.006153, 39.82729], [-105.006212, 39.82729], [-105.007877, 39.827289], [-105.007909, 39.82729], [-105.008871, 39.827293], [-105.00976, 39.827292], [-105.01066, 39.82729], [-105.011541, 39.827293], [-105.012433, 39.827293], [-105.013325, 39.827294], [-105.014012, 39.827291], [-105.014221, 39.827292], [-105.015103, 39.827289], [-105.01554, 39.827288], [-105.016011, 39.827289], [-105.016899, 39.827288], [-105.017785, 39.827286], [-105.018346, 39.827282], [-105.018675, 39.82728], [-105.019244, 39.827282], [-105.01958, 39.827283], [-105.020492, 39.827286], [-105.020581, 39.827286], [-105.022718, 39.827286], [-105.023691, 39.827271], [-105.024799, 39.827272], [-105.024913, 39.827272], [-105.025012, 39.827271], [-105.025565, 39.827269], [-105.027888, 39.827296], [-105.028516, 39.827292], [-105.029608, 39.827278], [-105.030592, 39.827277], [-105.031404, 39.827285], [-105.03253, 39.827291], [-105.033349, 39.827291], [-105.034351, 39.82729], [-105.03587, 39.827279], [-105.037472, 39.827284], [-105.037871, 39.827282], [-105.038236, 39.827281], [-105.038495, 39.82728], [-105.039122, 39.827283], [-105.039927, 39.827284], [-105.040556, 39.827284], [-105.041241, 39.827284], [-105.041325, 39.827284], [-105.041966, 39.827284], [-105.043033, 39.827284], [-105.043541, 39.827284], [-105.044304, 39.827285], [-105.044494, 39.827285], [-105.04546, 39.827285], [-105.045998, 39.827286], [-105.046426, 39.827286], [-105.046985, 39.827286], [-105.047381, 39.827286], [-105.047972, 39.827286], [-105.048337, 39.827287], [-105.049265, 39.827287], [-105.050772, 39.827288], [-105.053262, 39.827273]]}}, {"type": "Feature", "properties": {"LINEARID": "110706493777", "FULLNAME": "W 104th Dr", "RTTYP": "M", "MTFCC": "S1400"}, "geometry": {"type": "LineString", "coordinates": [[-105.035266, 39.885571], [-105.035331, 39.885551], [-105.035409, 39.885538], [-105.035494, 39.88553], [-105.035815, 39.885531], [-105.036009, 39.885532], [-105.036409, 39.885539], [-105.036562, 39.885547], [-105.036644, 39.88556], [-105.036721, 39.88558], [-105.036806, 39.885611], [-105.036906, 39.885658]]}}, {"type": "Feature", "properties": {"LINEARID": "110706493788", "FULLNAME": "W 104th Pl", "RTTYP": "M", "MTFCC": "S1400"}, "geometry": {"type": "LineString", "coordinates": [[-105.041849, 39.884626], [-105.041906, 39.884654], [-105.041956, 39.884667], [-105.042115, 39.884683], [-105.042598, 39.884685], [-105.04307, 39.884673], [-105.043119, 39.884672], [-105.043196, 39.884662], [-105.043262, 39.884642], [-105.043303, 39.884624]]}}, {"type": "Feature", "properties": {"LINEARID": "110706493782", "FULLNAME": "W 104th Ln", "RTTYP": "M", "MTFCC": "S1400"}, "geometry": {"type": "LineString", "coordinates": [[-105.02018, 39.88592], [-105.020327, 39.885805], [-105.020377, 39.885773], [-105.020431, 39.885749], [-105.020497, 39.885733], [-105.020568, 39.885724], [-105.020939, 39.885721], [-105.021062, 39.885724]]}}, {"type": "Feature", "properties": {"LINEARID": "110706493785", "FULLNAME": "W 104th Pl", "RTTYP": "M", "MTFCC": "S1400"}, "geometry": {"type": "LineString", "coordinates": [[-105.006565, 39.885912], [-105.006656, 39.885861], [-105.006706, 39.885841], [-105.006779, 39.885822], [-105.006922, 39.885816], [-105.007442, 39.885817], [-105.009249, 39.885802], [-105.010206, 39.885804], [-105.011175, 39.885801], [-105.012126, 39.885798], [-105.013096, 39.885798], [-105.014063, 39.885791], [-105.01464, 39.885788], [-105.014692, 39.885793], [-105.014785, 39.885816], [-105.014857, 39.885846], [-105.014909, 39.885879]]}}, {"type": "Feature", "properties": {"LINEARID": "110706490707", "FULLNAME": "W 72nd Pl", "RTTYP": "M", "MTFCC": "S1400"}, "geometry": {"type": "LineString", "coordinates": [[-105.048343, 39.828691], [-105.049087, 39.828683], [-105.049162, 39.828677], [-105.049209, 39.828662], [-105.04923, 39.828649]]}}, {"type": "Feature", "properties": {"LINEARID": "110706493768", "FULLNAME": "W 104th Cir", "RTTYP": "M", "MTFCC": "S1400"}, "geometry": {"type": "LineString", "coordinates": [[-105.015936, 39.885713], [-105.016032, 39.885802]]}}, {"type": "Feature", "properties": {"LINEARID": "110706493786", "FULLNAME": "W 104th Pl", "RTTYP": "M", "MTFCC": "S1400"}, "geometry": {"type": "LineString", "coordinates": [[-105.030357, 39.886404], [-105.030453, 39.88647]]}}, {"type": "Feature", "properties": {"LINEARID": "1102219804862", "FULLNAME": "W 120th Ave", "RTTYP": "M", "MTFCC": "S1200"}, "geometry": {"type": "LineString", "coordinates": [[-105.034347, 39.914181], [-105.035888, 39.914185], [-105.038828, 39.914194], [-105.03907, 39.914195], [-105.04141, 39.914202], [-105.041736, 39.914204], [-105.041978, 39.914205], [-105.042992, 39.914208], [-105.043478, 39.914209], [-105.043688, 39.91421], [-105.04378, 39.914211], [-105.043844, 39.914211], [-105.043974, 39.914211], [-105.044107, 39.914212], [-105.044184, 39.914212], [-105.044385, 39.914212], [-105.044561, 39.914213], [-105.046209, 39.914219], [-105.046441, 39.91422], [-105.047715, 39.914227], [-105.048234, 39.914218], [-105.048362, 39.914216], [-105.048544, 39.914214], [-105.048698, 39.914216], [-105.04876, 39.914217], [-105.049654, 39.914218], [-105.052892, 39.914224]]}}, {"type": "Feature", "properties": {"LINEARID": "110706495192", "FULLNAME": "W 120th Ave", "RTTYP": "M", "MTFCC": "S1200"}, "geometry": {"type": "LineString", "coordinates": [[-104.989928, 39.913915], [-104.990512, 39.913915], [-104.990657, 39.913915], [-104.990818, 39.91391], [-104.991131, 39.913901], [-104.991677, 39.913877], [-104.992606, 39.913855], [-104.993201, 39.913844], [-104.993755, 39.913835], [-104.994688, 39.913819], [-104.996299, 39.913808], [-104.996722, 39.913812], [-104.996893, 39.913814], [-105.00144, 39.913838], [-105.006107, 39.913848], [-105.009221, 39.913872], [-105.010815, 39.913898], [-105.012836, 39.913915], [-105.014692, 39.913923], [-105.015523, 39.913926], [-105.018938, 39.913938], [-105.019356, 39.913944], [-105.020227, 39.913957], [-105.023075, 39.914036], [-105.023456, 39.914047], [-105.024033, 39.914074], [-105.02498, 39.914118], [-105.025531, 39.914127], [-105.025738, 39.914131], [-105.026524, 39.914128], [-105.027539, 39.914121], [-105.028625, 39.914107], [-105.029854, 39.914094], [-105.030661, 39.914086], [-105.034353, 39.914056], [-105.035242, 39.914064], [-105.037547, 39.914056], [-105.040005, 39.914038], [-105.041735, 39.914045], [-105.042461, 39.914048], [-105.043849, 39.914045], [-105.044386, 39.914048], [-105.046217, 39.914058], [-105.04644, 39.914059], [-105.048492, 39.914062], [-105.050618, 39.914059], [-105.052889, 39.914077]]}}, {"type": "Feature", "properties": {"LINEARID": "11013551042785", "FULLNAME": "State Hwy 470", "RTTYP": "S", "MTFCC": "S1100"}, "geometry": {"type": "LineString", "coordinates": [[-104.747001, 39.845299], [-104.747002, 39.845371], [-104.747003, 39.845627], [-104.746987, 39.847088], [-104.746954, 39.848898], [-104.746931, 39.84957], [-104.746924, 39.850751], [-104.746927, 39.853073], [-104.746937, 39.853411], [-104.746967, 39.853719], [-104.74701, 39.854058], [-104.747072, 39.854433], [-104.74725, 39.855235], [-104.747379, 39.85562], [-104.747523, 39.855983], [-104.747716, 39.85643], [-104.747749, 39.856503], [-104.747829, 39.856677], [-104.748227, 39.857483], [-104.748402, 39.857859], [-104.750369, 39.861627], [-104.751604, 39.864065], [-104.751891, 39.864567], [-104.752371, 39.865517], [-104.752699, 39.866135], [-104.75312, 39.866899], [-104.753456, 39.867435], [-104.753569, 39.867644], [-104.753762, 39.867939], [-104.753958, 39.868225], [-104.754302, 39.868702], [-104.754549, 39.869025], [-104.755787, 39.870679], [-104.759543, 39.875687], [-104.759749, 39.875982], [-104.759945, 39.876285], [-104.760192, 39.876685], [-104.760489, 39.8772], [-104.760845, 39.877907], [-104.761012, 39.878292], [-104.761248, 39.878802], [-104.761501, 39.879493], [-104.761566, 39.879702], [-104.761688, 39.880154], [-104.761802, 39.880627], [-104.761872, 39.880951], [-104.761927, 39.881306], [-104.761986, 39.881752], [-104.762032, 39.882185], [-104.762059, 39.882631], [-104.762076, 39.883065], [-104.762062, 39.884655], [-104.762056, 39.885438], [-104.762055, 39.885481], [-104.762055, 39.885522], [-104.761988, 39.891889], [-104.76198, 39.892023], [-104.761945, 39.895663], [-104.761934, 39.896385], [-104.761929, 39.89687], [-104.761941, 39.897187], [-104.761989, 39.897846], [-104.762078, 39.898398], [-104.76222, 39.898947], [-104.762324, 39.899278], [-104.76246, 39.899634], [-104.762565, 39.899877], [-104.76263, 39.900002], [-104.762665, 39.900075], [-104.762764, 39.900277], [-104.762893, 39.900523], [-104.763007, 39.900724], [-104.763256, 39.901116], [-104.763537, 39.901501], [-104.763912, 39.901954], [-104.764338, 39.902419], [-104.764596, 39.902659], [-104.765018, 39.903034], [-104.765285, 39.903243], [-104.765817, 39.903635], [-104.76626, 39.903912], [-104.766587, 39.90411], [-104.767064, 39.904367], [-104.767429, 39.904549], [-104.767809, 39.904724], [-104.767977, 39.904795], [-104.768286, 39.904917], [-104.769069, 39.905196], [-104.770073, 39.905511], [-104.771004, 39.905787], [-104.771335, 39.905891], [-104.773608, 39.906601], [-104.774636, 39.90696], [-104.775125, 39.907165], [-104.775727, 39.907461], [-104.776096, 39.907664], [-104.776313, 39.907795], [-104.776648, 39.908007], [-104.776947, 39.908219], [-104.777366, 39.908535], [-104.777616, 39.908749], [-104.77808, 39.909161], [-104.778298, 39.909397], [-104.778637, 39.909786], [-104.779076, 39.910348], [-104.779517, 39.910897], [-104.779999, 39.911498], [-104.780415, 39.912034], [-104.781125, 39.912921], [-104.781971, 39.913991], [-104.782255, 39.914326], [-104.782438, 39.914535], [-104.782707, 39.914824], [-104.783238, 39.915363], [-104.783441, 39.915549], [-104.783669, 39.91577], [-104.78402, 39.916073], [-104.784391, 39.916379], [-104.78499, 39.916851], [-104.785672, 39.91732], [-104.786335, 39.917751], [-104.786386, 39.917784], [-104.786444, 39.917822], [-104.786654, 39.917958], [-104.78724, 39.918294], [-104.78773, 39.918563], [-104.788215, 39.918816], [-104.788963, 39.919164], [-104.789926, 39.919558], [-104.78994, 39.919563], [-104.790031, 39.919601], [-104.790149, 39.919649], [-104.790281, 39.919703], [-104.790969, 39.919962], [-104.792908, 39.920693], [-104.793067, 39.920757], [-104.793593, 39.920953], [-104.795535, 39.921677], [-104.7961, 39.921888], [-104.800118, 39.923412], [-104.802735, 39.924405], [-104.803069, 39.924532], [-104.803404, 39.92466], [-104.803417, 39.924665], [-104.803624, 39.924744], [-104.803845, 39.924828], [-104.804057, 39.924908], [-104.804355, 39.925021], [-104.805095, 39.9253], [-104.80761, 39.926254], [-104.808732, 39.926667], [-104.80898, 39.926759], [-104.809135, 39.926816], [-104.809761, 39.927028], [-104.810289, 39.927195], [-104.810551, 39.927272], [-104.810835, 39.927355], [-104.811091, 39.927419], [-104.811312, 39.927474], [-104.811345, 39.927481], [-104.811887, 39.927601], [-104.812608, 39.927745], [-104.813047, 39.927825], [-104.813586, 39.927916], [-104.814146, 39.927995], [-104.814793, 39.928071], [-104.815428, 39.928126], [-104.816046, 39.928166], [-104.81728, 39.928201], [-104.818364, 39.928203], [-104.822113, 39.928233], [-104.827866, 39.928266], [-104.828075, 39.928268], [-104.830948, 39.928292], [-104.831363, 39.928308], [-104.831757, 39.92833], [-104.832236, 39.928367], [-104.832591, 39.928402], [-104.832824, 39.928425], [-104.83349, 39.928506], [-104.833596, 39.928521], [-104.834093, 39.92859], [-104.834536, 39.92866], [-104.835722, 39.928882], [-104.836777, 39.929138], [-104.837285, 39.929285], [-104.837888, 39.929466], [-104.838638, 39.929727], [-104.839128, 39.929912], [-104.83949, 39.930052], [-104.84001, 39.930264], [-104.840441, 39.930456], [-104.841632, 39.93103], [-104.842175, 39.931318], [-104.842836, 39.931714], [-104.843625, 39.932204], [-104.844708, 39.932953], [-104.844806, 39.933023], [-104.845022, 39.933198], [-104.845196, 39.933333], [-104.845611, 39.933694], [-104.845824, 39.933889], [-104.845901, 39.933957], [-104.845976, 39.934021], [-104.846094, 39.934138], [-104.846171, 39.934215], [-104.846401, 39.934453], [-104.847069, 39.935209], [-104.847797, 39.936066], [-104.848311, 39.936695], [-104.849728, 39.938382], [-104.851078, 39.940027], [-104.851416, 39.940427], [-104.85188, 39.940986], [-104.852092, 39.941257], [-104.852313, 39.941506], [-104.852508, 39.941737], [-104.852706, 39.941971], [-104.853627, 39.943064], [-104.853809, 39.943302], [-104.853817, 39.943313], [-104.853863, 39.943369], [-104.854154, 39.943726], [-104.854403, 39.944002], [-104.854607, 39.944209], [-104.854873, 39.944452], [-104.855052, 39.944605], [-104.855291, 39.944801], [-104.855592, 39.945007], [-104.855894, 39.945199], [-104.856135, 39.945359], [-104.856399, 39.945527], [-104.856849, 39.945796], [-104.856911, 39.945832], [-104.857469, 39.946159], [-104.857943, 39.946451], [-104.858857, 39.947013], [-104.858903, 39.947041], [-104.85899, 39.947094], [-104.859012, 39.947108], [-104.859073, 39.947146], [-104.859178, 39.94721], [-104.859338, 39.947309], [-104.859352, 39.947318], [-104.859584, 39.947456], [-104.859641, 39.94749], [-104.859895, 39.947642], [-104.860771, 39.948224], [-104.861478, 39.948666], [-104.863005, 39.949621], [-104.865602, 39.951141], [-104.865851, 39.951267], [-104.866481, 39.951553], [-104.866824, 39.951704], [-104.867182, 39.951846], [-104.86753, 39.951973], [-104.868156, 39.952179], [-104.868518, 39.952279], [-104.868924, 39.952376], [-104.869654, 39.952533], [-104.870353, 39.952683], [-104.871079, 39.952834], [-104.872197, 39.953036], [-104.87383, 39.953347], [-104.875276, 39.953655], [-104.876498, 39.95391], [-104.87828, 39.954266], [-104.879585, 39.954545], [-104.880239, 39.954674], [-104.880831, 39.954801], [-104.881419, 39.954949], [-104.882505, 39.955243], [-104.882523, 39.955249], [-104.883282, 39.955481], [-104.883822, 39.955664], [-104.884049, 39.955747], [-104.88433, 39.95585], [-104.886749, 39.956738], [-104.887068, 39.956854], [-104.888795, 39.957484], [-104.892262, 39.958748], [-104.8933, 39.959096], [-104.893772, 39.959239], [-104.894381, 39.959413], [-104.894854, 39.959538], [-104.895445, 39.959679], [-104.896075, 39.959822], [-104.896637, 39.959938], [-104.897277, 39.96006], [-104.898328, 39.960248], [-104.898547, 39.960284], [-104.90233, 39.960917], [-104.902486, 39.960949], [-104.902551, 39.96096], [-104.902641, 39.960976], [-104.902823, 39.961006], [-104.903222, 39.961074], [-104.903349, 39.961095], [-104.903562, 39.96113], [-104.904922, 39.961354], [-104.905967, 39.961536], [-104.908086, 39.961895], [-104.908991, 39.962053], [-104.909963, 39.962267], [-104.910132, 39.962304], [-104.911113, 39.962553], [-104.911988, 39.962819], [-104.912496, 39.962989], [-104.912797, 39.963089], [-104.913439, 39.963332], [-104.91397, 39.963554], [-104.914543, 39.963803], [-104.915574, 39.964272], [-104.917374, 39.965117], [-104.918956, 39.96586], [-104.91955, 39.966139], [-104.921527, 39.967067], [-104.922011, 39.967294], [-104.922189, 39.967378], [-104.923826, 39.968158], [-104.925142, 39.968779], [-104.926701, 39.969502], [-104.927346, 39.969778], [-104.928016, 39.970093], [-104.928834, 39.970478], [-104.93113, 39.97154], [-104.931893, 39.971912], [-104.932713, 39.972312], [-104.933389, 39.972642], [-104.93439, 39.973114], [-104.935287, 39.97352], [-104.936973, 39.974294], [-104.937382, 39.974482], [-104.938337, 39.974898], [-104.938912, 39.975162], [-104.939691, 39.975456], [-104.94026, 39.975642], [-104.941868, 39.976058], [-104.943451, 39.976312], [-104.944435, 39.976432], [-104.944756, 39.976467], [-104.945326, 39.976474], [-104.94561, 39.976533], [-104.945906, 39.976595], [-104.945995, 39.976597], [-104.946487, 39.976611], [-104.94656, 39.976608], [-104.9467, 39.976602], [-104.946817, 39.976598], [-104.947799, 39.97656], [-104.948175, 39.9765], [-104.948778, 39.976452], [-104.949562, 39.976392], [-104.950585, 39.976267], [-104.951811, 39.97612], [-104.952508, 39.976037], [-104.954146, 39.975879], [-104.954528, 39.975858], [-104.958069, 39.975803], [-104.959422, 39.975952], [-104.961777, 39.976346], [-104.962217, 39.97643], [-104.965136, 39.976988], [-104.96776, 39.977519], [-104.970578, 39.978089], [-104.973658, 39.978712], [-104.978011, 39.979534], [-104.978218, 39.979574], [-104.978625, 39.979651], [-104.978846, 39.979693], [-104.97906, 39.979733], [-104.980259, 39.979958], [-104.980706, 39.980042], [-104.987408, 39.981358], [-104.987551, 39.98139], [-104.987655, 39.981413], [-104.987762, 39.981434]]}}, {"type": "Feature", "properties": {"LINEARID": "1103763396543", "FULLNAME": "I- 76", "RTTYP": "I", "MTFCC": "S1100"}, "geometry": {"type": "LineString", "coordinates": [[-105.0532, 39.796244], [-105.052558, 39.796386], [-105.051728, 39.796527], [-105.051215, 39.796597], [-105.048805, 39.796888], [-105.048122, 39.796976], [-105.047926, 39.797004], [-105.047823, 39.79702], [-105.0477, 39.797041], [-105.047482, 39.797079], [-105.047121, 39.797148], [-105.046754, 39.797228], [-105.04616, 39.797379], [-105.045991, 39.797433], [-105.045679, 39.797533], [-105.045247, 39.797689], [-105.044635, 39.797944], [-105.043861, 39.798259], [-105.043363, 39.798449], [-105.042778, 39.798651], [-105.042247, 39.7988], [-105.04175, 39.79892], [-105.041498, 39.798974], [-105.040972, 39.799062], [-105.040554, 39.799118], [-105.039994, 39.799174], [-105.039588, 39.799195], [-105.03931, 39.799205], [-105.038317, 39.799229], [-105.037724, 39.799238], [-105.036944, 39.799249], [-105.036004, 39.799271], [-105.034717, 39.799284], [-105.033055, 39.799319], [-105.032578, 39.799339], [-105.031884, 39.79938], [-105.031747, 39.799391], [-105.031587, 39.799404], [-105.031413, 39.799418], [-105.031208, 39.799434], [-105.030927, 39.79946], [-105.030336, 39.799521], [-105.029853, 39.799582], [-105.028984, 39.799702], [-105.028117, 39.799847], [-105.027736, 39.79992], [-105.027375, 39.799989], [-105.026906, 39.800085], [-105.025994, 39.800298], [-105.025408, 39.800448], [-105.025194, 39.800505], [-105.024263, 39.800774], [-105.023742, 39.800941], [-105.02281, 39.801258], [-105.022156, 39.8015], [-105.021447, 39.801783], [-105.021034, 39.801958], [-105.020336, 39.802272], [-105.019761, 39.802542], [-105.019024, 39.802917], [-105.018796, 39.803038], [-105.018264, 39.803336], [-105.018213, 39.803364], [-105.018152, 39.803398], [-105.017956, 39.803508], [-105.017165, 39.803958], [-105.016789, 39.804184], [-105.016535, 39.804324], [-105.016424, 39.804392], [-105.014519, 39.805496], [-105.014338, 39.8056], [-105.014048, 39.805767], [-105.013905, 39.805849], [-105.013585, 39.806024], [-105.012905, 39.806374], [-105.012514, 39.80656], [-105.012122, 39.806748], [-105.011901, 39.806849], [-105.01123, 39.80715], [-105.010287, 39.807527], [-105.009842, 39.807696], [-105.009586, 39.807787], [-105.009086, 39.807962], [-105.008419, 39.808184], [-105.007862, 39.808352], [-105.007321, 39.808504], [-105.006561, 39.808705], [-105.006407, 39.808742], [-105.006296, 39.808767], [-105.006178, 39.808797], [-105.005085, 39.809043], [-105.003977, 39.809262], [-105.002757, 39.809492], [-105.001921, 39.809654], [-105.000651, 39.80991], [-104.999729, 39.810087], [-104.999046, 39.810263], [-104.997915, 39.810555], [-104.997535, 39.810672], [-104.997364, 39.810725], [-104.996829, 39.810877], [-104.996376, 39.811007], [-104.995709, 39.811225], [-104.995285, 39.811358], [-104.994572, 39.811601], [-104.993226, 39.8121], [-104.992329, 39.812474], [-104.991858, 39.812675], [-104.991556, 39.81281], [-104.990645, 39.81322], [-104.990121, 39.813469], [-104.989779, 39.813627], [-104.989507, 39.81376], [-104.988847, 39.814095], [-104.9881, 39.81449], [-104.987742, 39.814695], [-104.987476, 39.81483], [-104.987363, 39.814887], [-104.986976, 39.815114], [-104.985968, 39.815721], [-104.985322, 39.816098], [-104.98351, 39.817169], [-104.983267, 39.817313], [-104.983227, 39.817336], [-104.982914, 39.817521], [-104.98264, 39.817685], [-104.982403, 39.817826], [-104.981413, 39.818416], [-104.981111, 39.818605], [-104.9805, 39.818962], [-104.980199, 39.819132], [-104.979793, 39.819376], [-104.979349, 39.819649], [-104.979047, 39.819826], [-104.978691, 39.820018], [-104.978273, 39.820224], [-104.977998, 39.82035], [-104.977241, 39.820702], [-104.976643, 39.820959], [-104.976102, 39.821181], [-104.975528, 39.821398], [-104.975199, 39.821509], [-104.973822, 39.821929], [-104.973273, 39.82208], [-104.972645, 39.822253], [-104.972235, 39.822354], [-104.971809, 39.822443], [-104.971295, 39.822536], [-104.970373, 39.822688], [-104.969655, 39.822778], [-104.969342, 39.822811], [-104.969144, 39.822836], [-104.967792, 39.823027], [-104.965174, 39.823381], [-104.964871, 39.823424], [-104.96464, 39.823457], [-104.964355, 39.823506], [-104.964333, 39.82351], [-104.964287, 39.823518], [-104.963896, 39.823586], [-104.963796, 39.823601], [-104.963716, 39.823613], [-104.963474, 39.823649], [-104.96323, 39.8237], [-104.961967, 39.823886], [-104.961736, 39.82392], [-104.96041, 39.824117], [-104.959168, 39.824263], [-104.957867, 39.824458], [-104.955579, 39.824786], [-104.953248, 39.82512], [-104.951742, 39.825345], [-104.95116, 39.825442], [-104.950502, 39.825563], [-104.950115, 39.825656], [-104.949619, 39.8258], [-104.949133, 39.825956], [-104.948975, 39.826007], [-104.948814, 39.826066], [-104.948772, 39.826082], [-104.948485, 39.826182], [-104.948332, 39.826235], [-104.947727, 39.826469], [-104.947381, 39.826625], [-104.946812, 39.826904], [-104.946262, 39.827196], [-104.945686, 39.827541], [-104.945296, 39.827797], [-104.944936, 39.828053], [-104.944488, 39.82839], [-104.943941, 39.828836], [-104.943402, 39.829267], [-104.94275, 39.82981], [-104.942377, 39.830114], [-104.941966, 39.830459], [-104.941653, 39.830707], [-104.941467, 39.830859], [-104.94088, 39.83134], [-104.940198, 39.831891], [-104.939449, 39.832501], [-104.938699, 39.833113], [-104.938271, 39.833446], [-104.937855, 39.833808], [-104.937313, 39.834244], [-104.93711, 39.8344], [-104.935997, 39.835305], [-104.935787, 39.835476], [-104.934953, 39.83617], [-104.934234, 39.836757], [-104.932632, 39.838065], [-104.931713, 39.838807], [-104.931504, 39.838976], [-104.931338, 39.839113], [-104.930947, 39.839435], [-104.9301, 39.840168], [-104.929466, 39.840791], [-104.92932, 39.840939], [-104.92876, 39.841504], [-104.928271, 39.842009], [-104.926551, 39.843736], [-104.924942, 39.845361], [-104.92419, 39.846102], [-104.924029, 39.846256], [-104.923549, 39.846755], [-104.923404, 39.846898], [-104.922905, 39.847407], [-104.922638, 39.847668], [-104.922562, 39.847746], [-104.921816, 39.848506], [-104.920601, 39.849688], [-104.919989, 39.850311], [-104.917603, 39.852712], [-104.916675, 39.853637], [-104.914713, 39.855619], [-104.914458, 39.855875], [-104.914388, 39.855946], [-104.914105, 39.856231], [-104.914021, 39.856317], [-104.913732, 39.856612], [-104.913476, 39.856873], [-104.913164, 39.857173], [-104.912857, 39.857455], [-104.912793, 39.857527], [-104.912638, 39.8577], [-104.912481, 39.857878], [-104.912099, 39.858309], [-104.911664, 39.858864], [-104.911237, 39.85938], [-104.910845, 39.859843], [-104.910436, 39.860307], [-104.90955, 39.861347], [-104.908947, 39.862036], [-104.908216, 39.86293], [-104.907281, 39.864005], [-104.906835, 39.864555], [-104.906424, 39.865074], [-104.905413, 39.866248], [-104.905362, 39.866308], [-104.904958, 39.866756], [-104.904521, 39.867232], [-104.904294, 39.867492], [-104.901368, 39.870764], [-104.900115, 39.872168], [-104.899324, 39.873025], [-104.899057, 39.873304], [-104.898381, 39.87398], [-104.898085, 39.874273], [-104.897033, 39.875262], [-104.896823, 39.875464], [-104.896653, 39.875613], [-104.896444, 39.875804], [-104.896123, 39.876058], [-104.89571, 39.876399], [-104.895528, 39.876536], [-104.895305, 39.876686], [-104.895031, 39.876882], [-104.894331, 39.877341], [-104.894015, 39.877528], [-104.893703, 39.877707], [-104.893539, 39.877798], [-104.893122, 39.87803], [-104.892527, 39.878331], [-104.892078, 39.878545], [-104.891275, 39.878902], [-104.890933, 39.879043], [-104.89027, 39.879292], [-104.88975, 39.879477], [-104.888885, 39.879724], [-104.888371, 39.879871], [-104.887964, 39.879981], [-104.887413, 39.880108], [-104.887053, 39.880183], [-104.885791, 39.880416], [-104.884781, 39.880577], [-104.884153, 39.880646], [-104.883715, 39.880683], [-104.883247, 39.880715], [-104.88311, 39.880724], [-104.882285, 39.88078], [-104.882218, 39.880785], [-104.881406, 39.880839], [-104.880664, 39.880888], [-104.880279, 39.880925], [-104.879688, 39.880996], [-104.879055, 39.881083], [-104.878495, 39.881177], [-104.878058, 39.881259], [-104.877603, 39.88135], [-104.87716, 39.881448], [-104.876474, 39.881614], [-104.875828, 39.881791], [-104.875108, 39.882012], [-104.875024, 39.88204], [-104.874826, 39.882107], [-104.874654, 39.882165], [-104.873978, 39.882408], [-104.873618, 39.882547], [-104.873274, 39.882686], [-104.872871, 39.882859], [-104.872471, 39.883038], [-104.871774, 39.883373], [-104.871045, 39.883757], [-104.87023, 39.884204], [-104.869631, 39.884522], [-104.868364, 39.885212], [-104.865832, 39.886585], [-104.865377, 39.886832], [-104.865246, 39.886903], [-104.865098, 39.886983], [-104.862742, 39.88826], [-104.862248, 39.888524], [-104.861315, 39.889034], [-104.8609, 39.889258], [-104.857133, 39.891295], [-104.856136, 39.891838], [-104.855011, 39.89245], [-104.854076, 39.892959], [-104.852895, 39.893592], [-104.852571, 39.893766], [-104.848826, 39.895795], [-104.846842, 39.896869], [-104.846636, 39.896988], [-104.844062, 39.898372], [-104.842407, 39.899272], [-104.841768, 39.899616], [-104.841162, 39.899941], [-104.840686, 39.900199], [-104.839301, 39.900952], [-104.837752, 39.901779], [-104.837232, 39.902063], [-104.836897, 39.902245], [-104.835561, 39.902973], [-104.833405, 39.904114], [-104.831555, 39.905137], [-104.830177, 39.905878], [-104.830076, 39.905932], [-104.829264, 39.906367], [-104.828775, 39.906637], [-104.828188, 39.906952], [-104.827846, 39.907144], [-104.827247, 39.907473], [-104.826845, 39.907688], [-104.826315, 39.907977], [-104.826053, 39.90812], [-104.825655, 39.908328], [-104.825181, 39.90856], [-104.82472, 39.908805], [-104.824416, 39.908987], [-104.823912, 39.909257], [-104.823096, 39.909726], [-104.822451, 39.910115], [-104.822033, 39.910378], [-104.821722, 39.910587], [-104.820568, 39.911363], [-104.819727, 39.911928], [-104.81967, 39.911968], [-104.819562, 39.912044], [-104.819178, 39.912312], [-104.818732, 39.912617], [-104.818466, 39.912799], [-104.81787, 39.913219], [-104.816858, 39.913918], [-104.816486, 39.914175], [-104.816433, 39.91421], [-104.816286, 39.914313], [-104.816238, 39.914346], [-104.816119, 39.91443], [-104.815565, 39.914818], [-104.814837, 39.915329], [-104.814577, 39.915514], [-104.814449, 39.915606], [-104.813887, 39.916029], [-104.813799, 39.916097], [-104.812898, 39.916793], [-104.812032, 39.917516], [-104.811546, 39.917939], [-104.810396, 39.918926], [-104.809903, 39.919355], [-104.808749, 39.920343], [-104.806871, 39.92195], [-104.806568, 39.922215], [-104.806389, 39.922371], [-104.806065, 39.922645], [-104.805585, 39.923063], [-104.80456, 39.923933], [-104.804204, 39.924247], [-104.803624, 39.924744], [-104.803517, 39.924828], [-104.803415, 39.924917], [-104.802972, 39.9253], [-104.802636, 39.92559], [-104.80066, 39.927283], [-104.798559, 39.929103], [-104.797922, 39.929647], [-104.796893, 39.93051], [-104.795263, 39.931891], [-104.794332, 39.932652], [-104.793446, 39.933393], [-104.791292, 39.93523], [-104.791082, 39.935412], [-104.790283, 39.936107], [-104.790079, 39.936303], [-104.789659, 39.936708], [-104.789093, 39.937295], [-104.788626, 39.937811], [-104.787668, 39.938945], [-104.787201, 39.939553], [-104.786917, 39.939931], [-104.786177, 39.940943], [-104.785568, 39.941766], [-104.785202, 39.942246], [-104.784672, 39.942987], [-104.784399, 39.943343], [-104.784083, 39.943753], [-104.783615, 39.944416], [-104.78312, 39.945076], [-104.782782, 39.94549], [-104.782492, 39.945816], [-104.782255, 39.946074], [-104.782025, 39.94631], [-104.781708, 39.946604], [-104.781613, 39.946693], [-104.781236, 39.947046], [-104.78106, 39.947212], [-104.780756, 39.947504], [-104.780427, 39.94782], [-104.780317, 39.947925], [-104.780259, 39.94798], [-104.780144, 39.94809], [-104.779051, 39.94914], [-104.777535, 39.950575], [-104.7763, 39.951746], [-104.774409, 39.953492], [-104.772985, 39.954874], [-104.771928, 39.955864], [-104.771155, 39.956596], [-104.771046, 39.956702], [-104.770268, 39.957464], [-104.769786, 39.957912], [-104.769449, 39.958237], [-104.769108, 39.958552], [-104.768786, 39.958829], [-104.768459, 39.959092], [-104.768057, 39.9594], [-104.767554, 39.959761], [-104.767309, 39.959905], [-104.76705, 39.960071], [-104.7668, 39.960219], [-104.766539, 39.960359], [-104.766339, 39.960448], [-104.765879, 39.960675], [-104.7653, 39.960954], [-104.763493, 39.961764], [-104.763247, 39.961875], [-104.762554, 39.962217], [-104.762278, 39.962362], [-104.761955, 39.962551], [-104.761408, 39.962886], [-104.760595, 39.963467], [-104.759914, 39.964032], [-104.759262, 39.964643], [-104.757759, 39.966086], [-104.756484, 39.967295], [-104.755779, 39.967971], [-104.755038, 39.968671], [-104.754369, 39.969318], [-104.754151, 39.969522], [-104.751113, 39.972423], [-104.748825, 39.974608], [-104.746318, 39.976986], [-104.745291, 39.97797], [-104.744271, 39.978947], [-104.742687, 39.980464], [-104.740793, 39.982279], [-104.739063, 39.983914], [-104.736656, 39.986189], [-104.736077, 39.986664], [-104.735735, 39.986921], [-104.735578, 39.987042], [-104.734948, 39.987491], [-104.73396, 39.988166], [-104.733419, 39.988545], [-104.732779, 39.988985], [-104.731711, 39.98973], [-104.728397, 39.992013], [-104.724999, 39.994362], [-104.724272, 39.99487], [-104.724227, 39.994902], [-104.723588, 39.99534], [-104.723151, 39.995639], [-104.722869, 39.995832], [-104.722614, 39.995998], [-104.72253, 39.996053], [-104.72213, 39.996302], [-104.721615, 39.996609], [-104.721104, 39.996887], [-104.72078, 39.997057], [-104.719953, 39.997501], [-104.719125, 39.997916], [-104.718755, 39.998127], [-104.718321, 39.998352], [-104.717637, 39.998722], [-104.716849, 39.999141], [-104.716133, 39.999563], [-104.715442, 40.000003], [-104.714901, 40.000396], [-104.714754, 40.000511]]}}, {"type": "Feature", "properties": {"LINEARID": "11013551007794", "FULLNAME": "State Hwy 470", "RTTYP": "S", "MTFCC": "S1100"}, "geometry": {"type": "LineString", "coordinates": [[-104.746713, 39.845297], [-104.746711, 39.845366], [-104.746684, 39.848888], [-104.746659, 39.850749], [-104.746651, 39.853338], [-104.746673, 39.853795], [-104.746718, 39.854188], [-104.746772, 39.854563], [-104.746858, 39.854946], [-104.746973, 39.855356], [-104.747096, 39.855749], [-104.747374, 39.856432], [-104.74741, 39.856505], [-104.747952, 39.857593], [-104.748142, 39.857951], [-104.748455, 39.858507], [-104.748671, 39.858919], [-104.74916, 39.859892], [-104.750388, 39.862284], [-104.751549, 39.864585], [-104.752492, 39.866368], [-104.752829, 39.866972], [-104.753147, 39.867489], [-104.75393, 39.868602], [-104.755479, 39.870678], [-104.756278, 39.871727], [-104.757169, 39.872921], [-104.757853, 39.873826], [-104.758352, 39.874502], [-104.758821, 39.875153], [-104.759214, 39.87568], [-104.759509, 39.876103], [-104.759988, 39.876856], [-104.760282, 39.877374], [-104.760498, 39.877815], [-104.76071, 39.87829], [-104.760934, 39.878822], [-104.761092, 39.879239], [-104.761203, 39.879553], [-104.761349, 39.880066], [-104.761471, 39.880495], [-104.7616, 39.881031], [-104.761702, 39.881677], [-104.761754, 39.882131], [-104.761789, 39.882562], [-104.761799, 39.884319], [-104.761792, 39.885484], [-104.761792, 39.88552], [-104.761777, 39.886102], [-104.761719, 39.890362], [-104.761702, 39.892022], [-104.761703, 39.893597], [-104.761672, 39.896365], [-104.761669, 39.896538], [-104.761669, 39.896559], [-104.761664, 39.896901], [-104.761675, 39.897248], [-104.761703, 39.89767], [-104.761747, 39.898021], [-104.761848, 39.898557], [-104.761941, 39.898915], [-104.761956, 39.898962], [-104.762075, 39.899332], [-104.762188, 39.899649], [-104.762345, 39.9], [-104.762377, 39.900072], [-104.762423, 39.900175], [-104.762549, 39.90043], [-104.762643, 39.900599], [-104.762946, 39.901095], [-104.763074, 39.901284], [-104.763229, 39.901498], [-104.763436, 39.901772], [-104.763674, 39.902054], [-104.763996, 39.902404], [-104.764275, 39.902675], [-104.764653, 39.903025], [-104.764941, 39.903263], [-104.765252, 39.90351], [-104.765561, 39.903732], [-104.765993, 39.904013], [-104.766608, 39.904375], [-104.767005, 39.904584], [-104.767285, 39.904721], [-104.767654, 39.904888], [-104.767975, 39.905027], [-104.768658, 39.905283], [-104.769854, 39.905659], [-104.770257, 39.905781], [-104.771331, 39.906119], [-104.773513, 39.906806], [-104.774019, 39.90697], [-104.774377, 39.907104], [-104.775041, 39.90738], [-104.775409, 39.907554], [-104.775931, 39.907837], [-104.776523, 39.9082], [-104.776836, 39.908416], [-104.777126, 39.908643], [-104.777474, 39.908939], [-104.777903, 39.909353], [-104.778127, 39.909573], [-104.778349, 39.909821], [-104.778695, 39.910275], [-104.779178, 39.910888], [-104.7802, 39.912184], [-104.781398, 39.913689], [-104.781913, 39.914326], [-104.782158, 39.914612], [-104.782536, 39.915016], [-104.782788, 39.915277], [-104.783146, 39.915624], [-104.783805, 39.916219], [-104.784272, 39.916604], [-104.784609, 39.916863], [-104.785015, 39.917167], [-104.785755, 39.917707], [-104.785918, 39.917809], [-104.78598, 39.917848], [-104.786046, 39.91789], [-104.786233, 39.918007], [-104.787361, 39.91864], [-104.787795, 39.918873], [-104.788221, 39.919075], [-104.78885, 39.91936], [-104.789683, 39.919722], [-104.789926, 39.919814], [-104.790025, 39.919852], [-104.790146, 39.919898], [-104.792955, 39.920968], [-104.793202, 39.92106], [-104.794879, 39.921692], [-104.800541, 39.923827], [-104.800827, 39.923935], [-104.802529, 39.924582], [-104.802866, 39.924709], [-104.803215, 39.924841], [-104.803415, 39.924917], [-104.803638, 39.925001], [-104.803854, 39.925083], [-104.804115, 39.925182], [-104.808041, 39.926667], [-104.808729, 39.926924], [-104.808833, 39.926963], [-104.808978, 39.927012], [-104.809338, 39.927135], [-104.809835, 39.927296], [-104.810985, 39.927626], [-104.811099, 39.927653], [-104.81134, 39.927709], [-104.811662, 39.927785], [-104.812259, 39.92791], [-104.812759, 39.928001], [-104.813254, 39.928086], [-104.814322, 39.928239], [-104.814824, 39.928296], [-104.81537, 39.92834], [-104.816149, 39.928391], [-104.817313, 39.928427], [-104.818365, 39.928434], [-104.827866, 39.928483], [-104.828083, 39.928485], [-104.828852, 39.928489], [-104.830787, 39.928508], [-104.831284, 39.928525], [-104.83259, 39.928625], [-104.832658, 39.92863], [-104.833488, 39.928722], [-104.833703, 39.928753], [-104.834217, 39.928828], [-104.834582, 39.928891], [-104.835358, 39.929035], [-104.835935, 39.929162], [-104.836454, 39.929289], [-104.837283, 39.929511], [-104.837795, 39.929673], [-104.839026, 39.930098], [-104.839683, 39.930356], [-104.840439, 39.930688], [-104.841114, 39.931009], [-104.841592, 39.93125], [-104.84193, 39.931436], [-104.842508, 39.931771], [-104.842961, 39.932052], [-104.843554, 39.932436], [-104.844196, 39.932884], [-104.844374, 39.933008], [-104.844567, 39.933161], [-104.84469, 39.933258], [-104.844839, 39.933376], [-104.845066, 39.933564], [-104.84522, 39.933692], [-104.845698, 39.934113], [-104.845775, 39.934181], [-104.845845, 39.934253], [-104.845963, 39.934371], [-104.846071, 39.934479], [-104.846577, 39.935049], [-104.84701, 39.935557], [-104.847476, 39.936067], [-104.847685, 39.936329], [-104.850688, 39.939995], [-104.851002, 39.940365], [-104.85109, 39.940475], [-104.851154, 39.940553], [-104.851837, 39.941407], [-104.851886, 39.941454], [-104.851945, 39.941522], [-104.852061, 39.941669], [-104.852167, 39.941803], [-104.853086, 39.942873], [-104.85344, 39.943302], [-104.85345, 39.943314], [-104.853492, 39.943365], [-104.853627, 39.943529], [-104.853887, 39.943827], [-104.854288, 39.944309], [-104.854916, 39.944855], [-104.855558, 39.945337], [-104.856859, 39.946126], [-104.85812, 39.946909], [-104.858258, 39.946997], [-104.858531, 39.947168], [-104.858555, 39.947183], [-104.858625, 39.947226], [-104.858693, 39.947268], [-104.858821, 39.947369], [-104.859018, 39.947523], [-104.859203, 39.947633], [-104.859368, 39.947731], [-104.859577, 39.947856], [-104.860486, 39.948396], [-104.860799, 39.948576], [-104.860854, 39.94861], [-104.86091, 39.948643], [-104.86098, 39.948685], [-104.863141, 39.949989], [-104.865226, 39.951229], [-104.865732, 39.951483], [-104.865936, 39.951585], [-104.866373, 39.951781], [-104.866804, 39.951962], [-104.867543, 39.952205], [-104.868388, 39.952442], [-104.869224, 39.952644], [-104.869709, 39.952742], [-104.871217, 39.953047], [-104.874007, 39.953648], [-104.874747, 39.953798], [-104.876182, 39.954089], [-104.877043, 39.954263], [-104.878185, 39.954502], [-104.880769, 39.955045], [-104.881454, 39.955214], [-104.882266, 39.955436], [-104.883018, 39.955655], [-104.883917, 39.95596], [-104.884032, 39.956001], [-104.884326, 39.956106], [-104.884776, 39.956267], [-104.887073, 39.957111], [-104.888087, 39.957484], [-104.892033, 39.958951], [-104.892481, 39.959103], [-104.893461, 39.959411], [-104.894045, 39.959577], [-104.895108, 39.959851], [-104.89565, 39.959969], [-104.896365, 39.960119], [-104.896988, 39.960233], [-104.898444, 39.960486], [-104.902278, 39.961122], [-104.902511, 39.961177], [-104.903135, 39.96128], [-104.903211, 39.961292], [-104.903343, 39.961312], [-104.90421, 39.96146], [-104.908923, 39.962271], [-104.909831, 39.962459], [-104.910263, 39.962557], [-104.910998, 39.962751], [-104.911574, 39.962918], [-104.912499, 39.963228], [-104.912872, 39.963357], [-104.913408, 39.963566], [-104.914172, 39.963887], [-104.914973, 39.964249], [-104.915853, 39.964666], [-104.917461, 39.965421], [-104.917725, 39.965553], [-104.918081, 39.965716], [-104.918478, 39.96588], [-104.918806, 39.966016], [-104.919043, 39.96616], [-104.919192, 39.966233], [-104.922011, 39.967544], [-104.927825, 39.970293], [-104.929371, 39.971024], [-104.931244, 39.971909], [-104.932536, 39.972492], [-104.932771, 39.972606], [-104.933779, 39.973094], [-104.936821, 39.974485], [-104.937275, 39.974694], [-104.938729, 39.975308], [-104.940261, 39.9759], [-104.941839, 39.976278], [-104.943132, 39.976483], [-104.94492, 39.976691], [-104.945225, 39.976702], [-104.945485, 39.97671], [-104.945659, 39.976738], [-104.945856, 39.976788], [-104.946171, 39.97682], [-104.946394, 39.976824], [-104.946536, 39.976828], [-104.946643, 39.976828], [-104.946888, 39.976828], [-104.947939, 39.976777], [-104.948263, 39.976756], [-104.9492, 39.976645], [-104.950204, 39.976527], [-104.951047, 39.976431], [-104.952521, 39.976264], [-104.953819, 39.976124], [-104.954528, 39.976047], [-104.957622, 39.975992], [-104.959422, 39.976183], [-104.961662, 39.976553], [-104.962108, 39.976642], [-104.962521, 39.976724], [-104.964538, 39.977104], [-104.964954, 39.977182], [-104.967508, 39.977684], [-104.973575, 39.978876], [-104.978017, 39.979712], [-104.978221, 39.979751], [-104.978454, 39.979795], [-104.978642, 39.979819], [-104.978853, 39.979861], [-104.979046, 39.9799], [-104.97938, 39.979967], [-104.980402, 39.980173], [-104.982004, 39.980495], [-104.986783, 39.981456], [-104.987291, 39.981556], [-104.98741, 39.98158], [-104.987763, 39.98165]]}}, {"type": "Feature", "properties": {"LINEARID": "1102219803795", "FULLNAME": "Federal Blvd", "RTTYP": "M", "MTFCC": "S1200"}, "geometry": {"type": "LineString", "coordinates": [[-105.025149, 39.794003], [-105.02515, 39.794729], [-105.025163, 39.795888], [-105.025168, 39.796546], [-105.025173, 39.797002], [-105.025179, 39.797682], [-105.025185, 39.798351], [-105.025196, 39.798906], [-105.025197, 39.799079], [-105.025198, 39.799206], [-105.02518, 39.799473], [-105.025177, 39.799796], [-105.025184, 39.800328], [-105.025194, 39.800505], [-105.025207, 39.800724], [-105.025211, 39.800803], [-105.025182, 39.801094], [-105.025182, 39.801444], [-105.025184, 39.802299], [-105.025187, 39.80311], [-105.025202, 39.80351], [-105.025203, 39.803786], [-105.025204, 39.803832], [-105.025205, 39.804047], [-105.025207, 39.80433], [-105.025206, 39.804463], [-105.025203, 39.804843], [-105.025204, 39.804924], [-105.025206, 39.805096], [-105.025206, 39.805161], [-105.025207, 39.805224], [-105.025213, 39.80581], [-105.025204, 39.808736], [-105.025203, 39.809253], [-105.025213, 39.810211], [-105.025217, 39.810561], [-105.025227, 39.811023], [-105.025232, 39.812248], [-105.025234, 39.812822], [-105.025201, 39.813722], [-105.025186, 39.814114], [-105.025172, 39.814631], [-105.025153, 39.815549], [-105.025148, 39.81584], [-105.025136, 39.816463], [-105.025122, 39.817155], [-105.025087, 39.818249], [-105.025076, 39.818608], [-105.025053, 39.819025], [-105.025032, 39.820015], [-105.025028, 39.82025], [-105.025021, 39.820612], [-105.025019, 39.820747], [-105.025003, 39.821943], [-105.025001, 39.822081], [-105.025, 39.822127], [-105.024996, 39.822487], [-105.024993, 39.822655], [-105.024966, 39.823564], [-105.024917, 39.824671], [-105.024908, 39.82499], [-105.024867, 39.825568], [-105.024826, 39.826292], [-105.024799, 39.827272], [-105.024799, 39.828097], [-105.024811, 39.828403], [-105.024833, 39.828671], [-105.02484, 39.828932], [-105.024829, 39.830018], [-105.024832, 39.830862], [-105.02483, 39.831197], [-105.024814, 39.831587], [-105.024813, 39.831655], [-105.024809, 39.832142], [-105.024794, 39.832982], [-105.024793, 39.833355], [-105.024786, 39.834621], [-105.024781, 39.835605], [-105.024781, 39.835828], [-105.024781, 39.836004], [-105.024782, 39.836195], [-105.024782, 39.83637], [-105.024782, 39.837522], [-105.024786, 39.83824], [-105.024787, 39.838541], [-105.024792, 39.839187], [-105.024784, 39.840297], [-105.024777, 39.840666], [-105.024782, 39.84107], [-105.024773, 39.841789], [-105.024772, 39.842089], [-105.024773, 39.842359], [-105.024771, 39.843006], [-105.024772, 39.843597], [-105.024757, 39.845182], [-105.024756, 39.845377], [-105.024763, 39.847208], [-105.024779, 39.848112], [-105.024817, 39.848981], [-105.02482, 39.849073], [-105.024833, 39.850737], [-105.024847, 39.85212], [-105.024848, 39.852638], [-105.024858, 39.854424], [-105.024858, 39.854751], [-105.024874, 39.855521], [-105.024918, 39.856274], [-105.024947, 39.857359], [-105.024948, 39.857931], [-105.024982, 39.859889], [-105.024983, 39.860782], [-105.024993, 39.861691], [-105.025004, 39.862598], [-105.025008, 39.863492], [-105.025035, 39.864969], [-105.025039, 39.865403], [-105.025035, 39.865925], [-105.024998, 39.867055], [-105.024998, 39.869333], [-105.025006, 39.87001], [-105.025015, 39.870815], [-105.025049, 39.871268], [-105.025098, 39.871766], [-105.025116, 39.872171], [-105.025113, 39.872781], [-105.0251, 39.875093], [-105.0251, 39.875146], [-105.025099, 39.875196], [-105.025097, 39.875581], [-105.025095, 39.875823], [-105.025093, 39.876145], [-105.02509, 39.876814], [-105.025082, 39.877526], [-105.025073, 39.878336], [-105.025061, 39.879651], [-105.025053, 39.882057], [-105.025042, 39.883672], [-105.025018, 39.88505], [-105.02502, 39.88513], [-105.02502, 39.885214], [-105.025017, 39.885987], [-105.025014, 39.886817], [-105.025008, 39.888358], [-105.024992, 39.890384], [-105.024991, 39.890479], [-105.024991, 39.890519], [-105.024989, 39.890764], [-105.024978, 39.892032], [-105.024976, 39.893143], [-105.024975, 39.893377], [-105.024975, 39.893585], [-105.02496, 39.896071], [-105.024939, 39.899625], [-105.024933, 39.901908], [-105.024957, 39.904854], [-105.024958, 39.905298], [-105.024959, 39.90559], [-105.024965, 39.905955], [-105.02495, 39.906357], [-105.024917, 39.906859], [-105.024904, 39.907068], [-105.024867, 39.90754], [-105.024859, 39.907718], [-105.024851, 39.908162], [-105.024853, 39.90848], [-105.024857, 39.909251], [-105.024858, 39.909383], [-105.024861, 39.909485], [-105.024873, 39.909832], [-105.024876, 39.909924], [-105.024903, 39.910498], [-105.024918, 39.910811], [-105.024917, 39.910965], [-105.024935, 39.91119], [-105.024941, 39.911654], [-105.024971, 39.912462]]}}, {"type": "Feature", "properties": {"LINEARID": "1104323075512", "FULLNAME": "US Hwy 287", "RTTYP": "U", "MTFCC": "S1200"}, "geometry": {"type": "LineString", "coordinates": [[-105.02498, 39.914118], [-105.024981, 39.91423], [-105.026173, 39.914265], [-105.027056, 39.914263], [-105.027521, 39.914256], [-105.028305, 39.914243], [-105.029529, 39.914209], [-105.034347, 39.914181]]}}, {"type": "Feature", "properties": {"LINEARID": "110706512823", "FULLNAME": "Westminster Pl", "RTTYP": "M", "MTFCC": "S1400"}, "geometry": {"type": "LineString", "coordinates": [[-105.029597, 39.830398], [-105.030744, 39.830405], [-105.031906, 39.830401], [-105.03433, 39.830393]]}}, {"type": "Feature", "properties": {"LINEARID": "110706500547", "FULLNAME": "Lowell Dr", "RTTYP": "M", "MTFCC": "S1400"}, "geometry": {"type": "LineString", "coordinates": [[-105.03478, 39.888127], [-105.034668, 39.888195], [-105.034612, 39.888263], [-105.034578, 39.888316], [-105.034556, 39.888363], [-105.03454, 39.888421], [-105.034532, 39.888513], [-105.034547, 39.888743]]}}, {"type": "Feature", "properties": {"LINEARID": "1102217558753", "FULLNAME": "Sheridan Blvd", "RTTYP": "M", "MTFCC": "S1200"}, "geometry": {"type": "LineString", "coordinates": [[-105.053246, 39.791063], [-105.053217, 39.791759], [-105.053207, 39.792014], [-105.053178, 39.792893], [-105.053177, 39.793262], [-105.053175, 39.793631], [-105.053174, 39.793745], [-105.053174, 39.793841], [-105.053172, 39.794284], [-105.053172, 39.794314], [-105.053171, 39.794634], [-105.053173, 39.794678], [-105.053175, 39.794733], [-105.053198, 39.79544], [-105.053199, 39.795462], [-105.053199, 39.795594], [-105.0532, 39.796223], [-105.0532, 39.796244], [-105.053197, 39.796333], [-105.053193, 39.796434], [-105.053191, 39.796488], [-105.053193, 39.796596], [-105.053204, 39.797191], [-105.053205, 39.797244], [-105.053202, 39.79738], [-105.053189, 39.797905], [-105.053185, 39.798025], [-105.053182, 39.798152], [-105.053181, 39.79819], [-105.053179, 39.798274], [-105.053178, 39.7983], [-105.053175, 39.798491], [-105.053174, 39.798552], [-105.053167, 39.798929], [-105.053164, 39.799109], [-105.053162, 39.799211], [-105.053162, 39.799239], [-105.053143, 39.79941], [-105.053141, 39.799427], [-105.053102, 39.799788], [-105.053081, 39.799875], [-105.052949, 39.800437], [-105.052905, 39.800734], [-105.052886, 39.800863], [-105.052858, 39.801057], [-105.052856, 39.801098], [-105.05285, 39.801223], [-105.052841, 39.801407], [-105.052837, 39.801499], [-105.052832, 39.801606], [-105.052828, 39.801698], [-105.052825, 39.801754], [-105.052828, 39.801918], [-105.052839, 39.802535], [-105.052842, 39.802673], [-105.05284, 39.802757], [-105.052836, 39.802889], [-105.052827, 39.80331], [-105.052832, 39.803601], [-105.052829, 39.803874], [-105.052881, 39.804387], [-105.052902, 39.804485], [-105.052974, 39.804821], [-105.053147, 39.805548], [-105.053151, 39.805564], [-105.053256, 39.806497], [-105.053253, 39.806683], [-105.053248, 39.806985], [-105.053248, 39.807021], [-105.053262, 39.807651], [-105.053263, 39.807677], [-105.053249, 39.809178], [-105.053249, 39.809194], [-105.053245, 39.809978], [-105.053247, 39.810147], [-105.053246, 39.810723], [-105.05325, 39.81277], [-105.05325, 39.812802], [-105.053251, 39.814529], [-105.053252, 39.814642], [-105.053253, 39.814798], [-105.053266, 39.816247], [-105.053267, 39.816412], [-105.053252, 39.818207], [-105.053253, 39.818322], [-105.053267, 39.819747], [-105.053267, 39.819757], [-105.05327, 39.819999], [-105.05327, 39.820028], [-105.05327, 39.820059], [-105.053271, 39.820163], [-105.053279, 39.82089], [-105.053282, 39.821125], [-105.053282, 39.821163], [-105.053282, 39.821415], [-105.053281, 39.82184], [-105.053281, 39.821859], [-105.05328, 39.822025], [-105.053276, 39.822836], [-105.053276, 39.822853], [-105.053274, 39.823142], [-105.053273, 39.823336], [-105.053272, 39.823582], [-105.053271, 39.823666], [-105.053271, 39.823728], [-105.053271, 39.823746], [-105.053262, 39.827273], [-105.053262, 39.827283], [-105.053262, 39.828666], [-105.053262, 39.828803], [-105.053263, 39.828935], [-105.053266, 39.829522], [-105.053266, 39.829589], [-105.053266, 39.829676], [-105.053267, 39.829927], [-105.053272, 39.830608], [-105.053272, 39.83065], [-105.053272, 39.830675], [-105.053272, 39.830696], [-105.053272, 39.830738], [-105.053272, 39.830827], [-105.053271, 39.830892], [-105.053271, 39.830905], [-105.05327, 39.830924], [-105.053269, 39.831011], [-105.053264, 39.831309], [-105.053261, 39.83252], [-105.053261, 39.832707], [-105.053262, 39.832993], [-105.053262, 39.833174], [-105.053263, 39.83364], [-105.053266, 39.834527], [-105.053259, 39.834706], [-105.053258, 39.83507], [-105.053255, 39.836157], [-105.053255, 39.836325], [-105.053254, 39.836789], [-105.053254, 39.836845], [-105.053254, 39.83689], [-105.053254, 39.836903], [-105.053253, 39.836944], [-105.053253, 39.837066], [-105.053251, 39.837971], [-105.053251, 39.838157], [-105.05325, 39.838176], [-105.053245, 39.83836], [-105.053238, 39.838622], [-105.053236, 39.838788], [-105.053232, 39.839144], [-105.053246, 39.839394], [-105.053247, 39.839404], [-105.05326, 39.839858], [-105.053259, 39.839927], [-105.053259, 39.839969], [-105.053257, 39.840082], [-105.053252, 39.840453], [-105.053248, 39.840765], [-105.053242, 39.841266], [-105.053241, 39.841288], [-105.053241, 39.841306], [-105.053241, 39.841338], [-105.053241, 39.841363], [-105.053241, 39.841382], [-105.053236, 39.841784], [-105.053236, 39.841807], [-105.053228, 39.843063], [-105.05323, 39.843233], [-105.05323, 39.843253], [-105.05323, 39.843266], [-105.053241, 39.843981], [-105.05324, 39.844052], [-105.053236, 39.844286], [-105.053233, 39.844475], [-105.053219, 39.845243], [-105.053219, 39.845259], [-105.053218, 39.845276], [-105.053218, 39.8453], [-105.053215, 39.845485], [-105.053211, 39.845702], [-105.05321, 39.845763], [-105.053208, 39.846079], [-105.053203, 39.846865], [-105.053202, 39.847131], [-105.053201, 39.847279], [-105.0532, 39.847368], [-105.053198, 39.84788], [-105.053191, 39.849032], [-105.05319, 39.849251], [-105.053189, 39.849422], [-105.053189, 39.849518], [-105.053188, 39.849638], [-105.053188, 39.849649], [-105.053153, 39.85029], [-105.0529, 39.852042], [-105.052835, 39.852545], [-105.052847, 39.853229], [-105.052967, 39.853646], [-105.053013, 39.853775], [-105.053048, 39.853858], [-105.053105, 39.853986], [-105.05318, 39.854104], [-105.053249, 39.854194]]}}, {"type": "Feature", "properties": {"LINEARID": "1104322880313", "FULLNAME": "I- 76", "RTTYP": "I", "MTFCC": "S1100"}, "geometry": {"type": "LineString", "coordinates": [[-105.053193, 39.796434], [-105.052845, 39.796513], [-105.052172, 39.796646], [-105.051881, 39.796696], [-105.051446, 39.796759], [-105.048484, 39.797134], [-105.048249, 39.797165], [-105.048011, 39.797199], [-105.047879, 39.797217], [-105.047781, 39.797233], [-105.047588, 39.797264], [-105.047312, 39.797317], [-105.047171, 39.797351], [-105.04693, 39.797406], [-105.046694, 39.79746], [-105.046161, 39.797603], [-105.045777, 39.797725], [-105.045511, 39.79782], [-105.045019, 39.798013], [-105.043867, 39.798485], [-105.043461, 39.798643], [-105.043088, 39.798774], [-105.04271, 39.798889], [-105.04244, 39.798965], [-105.041877, 39.799105], [-105.041214, 39.799234], [-105.040929, 39.79928], [-105.040601, 39.799322], [-105.04006, 39.799373], [-105.039611, 39.799401], [-105.038905, 39.799423], [-105.037412, 39.799447], [-105.034716, 39.79949], [-105.033674, 39.799506], [-105.03285, 39.79953], [-105.032387, 39.799554], [-105.031718, 39.799599], [-105.031399, 39.799623], [-105.031273, 39.799633], [-105.03122, 39.799638], [-105.031013, 39.799659], [-105.030499, 39.799711], [-105.030037, 39.799764], [-105.029131, 39.799888], [-105.028582, 39.799973], [-105.027855, 39.800102], [-105.027727, 39.800127], [-105.027392, 39.800192], [-105.0265, 39.800387], [-105.026268, 39.800445], [-105.026062, 39.800492], [-105.025409, 39.800668], [-105.025207, 39.800724], [-105.024523, 39.800911], [-105.024001, 39.801073], [-105.023501, 39.801237], [-105.023077, 39.801382], [-105.022658, 39.801534], [-105.02213, 39.801733], [-105.0213, 39.802075], [-105.020889, 39.80225], [-105.020439, 39.802458], [-105.020026, 39.802654], [-105.019702, 39.802813], [-105.019278, 39.803032], [-105.018673, 39.803359], [-105.018615, 39.80339], [-105.018551, 39.803426], [-105.018352, 39.803539], [-105.017532, 39.804002], [-105.016759, 39.804449], [-105.016564, 39.804568], [-105.014836, 39.805578], [-105.014679, 39.805669], [-105.014456, 39.805798], [-105.013822, 39.806157], [-105.013285, 39.806428], [-105.012781, 39.806677], [-105.01227, 39.806919], [-105.01192, 39.80708], [-105.011226, 39.807391], [-105.010793, 39.807553], [-105.009768, 39.80795], [-105.009631, 39.808001], [-105.008564, 39.808355], [-105.008329, 39.80843], [-105.008211, 39.808462], [-105.007664, 39.808624], [-105.006753, 39.808872], [-105.006406, 39.808954], [-105.006176, 39.809008], [-105.005895, 39.809075], [-105.005505, 39.809161], [-105.005067, 39.809251], [-105.003871, 39.809481], [-105.003521, 39.809556], [-105.001824, 39.809878], [-105.001304, 39.80998], [-105.000237, 39.81024], [-105.000138, 39.810264], [-104.9982, 39.810736], [-104.997671, 39.810889], [-104.997394, 39.810971], [-104.997006, 39.811079], [-104.996828, 39.811133], [-104.996028, 39.811374], [-104.995208, 39.811636], [-104.994131, 39.812027], [-104.993255, 39.812352], [-104.992529, 39.812644], [-104.991937, 39.812903], [-104.990876, 39.813368], [-104.989936, 39.813786], [-104.988744, 39.814382], [-104.988313, 39.814617], [-104.987478, 39.815088], [-104.985699, 39.816137], [-104.985293, 39.816376], [-104.984104, 39.81709], [-104.98384, 39.817244], [-104.983527, 39.81742], [-104.983504, 39.817433], [-104.983293, 39.817556], [-104.983208, 39.817606], [-104.982906, 39.817789], [-104.982631, 39.817957], [-104.982394, 39.818101], [-104.981231, 39.818798], [-104.980366, 39.819305], [-104.979948, 39.819546], [-104.979691, 39.819687], [-104.97888, 39.820162], [-104.978341, 39.820458], [-104.977997, 39.820633], [-104.977608, 39.820832], [-104.976852, 39.821205], [-104.975667, 39.821662], [-104.97486, 39.821952], [-104.974586, 39.822044], [-104.974109, 39.822193], [-104.973814, 39.822278], [-104.973501, 39.82236], [-104.97301, 39.822479], [-104.972559, 39.822583], [-104.967292, 39.823338], [-104.965471, 39.823599], [-104.965372, 39.823603], [-104.965149, 39.823617], [-104.964675, 39.823708], [-104.964638, 39.823715], [-104.96457, 39.823724], [-104.964133, 39.823784], [-104.964026, 39.823801], [-104.963176, 39.823952], [-104.962101, 39.824113], [-104.961924, 39.824139], [-104.959991, 39.824408], [-104.959658, 39.824441], [-104.959171, 39.824503], [-104.958697, 39.824566], [-104.957023, 39.82481], [-104.956255, 39.824918], [-104.954186, 39.825224], [-104.952746, 39.825421], [-104.952036, 39.825526], [-104.951231, 39.82566], [-104.950954, 39.825714], [-104.950137, 39.825902], [-104.949854, 39.825975], [-104.949149, 39.826195], [-104.949118, 39.826206], [-104.94879, 39.826322], [-104.948502, 39.826423], [-104.94845, 39.826442], [-104.948097, 39.826575], [-104.947463, 39.826852], [-104.947199, 39.826985], [-104.94681, 39.827187], [-104.946384, 39.827422], [-104.945545, 39.827946], [-104.94515, 39.828224], [-104.944894, 39.828432], [-104.944395, 39.82882], [-104.944225, 39.828963], [-104.944034, 39.829115], [-104.943522, 39.829522], [-104.943112, 39.82984], [-104.942837, 39.830084], [-104.942063, 39.830708], [-104.941966, 39.830788], [-104.941874, 39.830862], [-104.941426, 39.831225], [-104.940622, 39.831877], [-104.939794, 39.832554], [-104.939529, 39.832771], [-104.93925, 39.832989], [-104.938276, 39.833779], [-104.937993, 39.834018], [-104.936361, 39.835337], [-104.936111, 39.835546], [-104.935762, 39.835837], [-104.935102, 39.836377], [-104.934772, 39.836641], [-104.934463, 39.836899], [-104.934225, 39.837092], [-104.934132, 39.837167], [-104.933668, 39.837554], [-104.933239, 39.837902], [-104.933022, 39.838067], [-104.932241, 39.838714], [-104.931684, 39.839168], [-104.9315, 39.839318], [-104.931318, 39.839468], [-104.930322, 39.840285], [-104.929709, 39.840854], [-104.929443, 39.841101], [-104.928693, 39.841841], [-104.927116, 39.843432], [-104.926458, 39.844104], [-104.924481, 39.846092], [-104.924208, 39.846358], [-104.923918, 39.846666], [-104.923816, 39.846776], [-104.922945, 39.847656], [-104.922649, 39.847949], [-104.922113, 39.848491], [-104.921033, 39.849583], [-104.920778, 39.849822], [-104.920544, 39.850059], [-104.920437, 39.850156], [-104.920107, 39.850488], [-104.91952, 39.851128], [-104.918083, 39.85258], [-104.916326, 39.85434], [-104.916075, 39.854583], [-104.915027, 39.85566], [-104.914813, 39.855871], [-104.914452, 39.856226], [-104.914324, 39.856352], [-104.91405, 39.856621], [-104.913257, 39.857382], [-104.91301, 39.857641], [-104.912849, 39.857811], [-104.912737, 39.857931], [-104.912687, 39.857988], [-104.912529, 39.858167], [-104.91233, 39.858402], [-104.911945, 39.858887], [-104.911274, 39.859704], [-104.911075, 39.859956], [-104.910964, 39.860069], [-104.910131, 39.861065], [-104.909047, 39.862336], [-104.908419, 39.863079], [-104.905723, 39.866144], [-104.904191, 39.867865], [-104.902447, 39.869883], [-104.902113, 39.870249], [-104.901656, 39.870762], [-104.901321, 39.871114], [-104.899565, 39.873061], [-104.899398, 39.87323], [-104.899033, 39.873582], [-104.8982, 39.874415], [-104.89803, 39.874585], [-104.897646, 39.875008], [-104.897385, 39.875308], [-104.89731, 39.875385], [-104.896959, 39.875704], [-104.896572, 39.876039], [-104.89606, 39.876446], [-104.895494, 39.876877], [-104.89418, 39.877817], [-104.893635, 39.878226], [-104.892651, 39.878905], [-104.892394, 39.879071], [-104.891887, 39.879372], [-104.891241, 39.879672], [-104.890933, 39.879819], [-104.890208, 39.880143], [-104.89, 39.88023], [-104.889802, 39.880297], [-104.889599, 39.880352], [-104.889323, 39.88041], [-104.888977, 39.880477], [-104.888728, 39.880516], [-104.888335, 39.880564], [-104.887295, 39.880644], [-104.885162, 39.880772], [-104.884797, 39.880794], [-104.884521, 39.88081], [-104.883412, 39.880879], [-104.883107, 39.880896], [-104.88297, 39.880904], [-104.882632, 39.880923], [-104.882148, 39.880956], [-104.88208, 39.88096], [-104.881269, 39.881014], [-104.880904, 39.881039], [-104.880517, 39.881075], [-104.880058, 39.881123], [-104.879646, 39.881172], [-104.879169, 39.881235], [-104.878663, 39.881317], [-104.877978, 39.881445], [-104.877272, 39.881595], [-104.876579, 39.881765], [-104.876037, 39.881909], [-104.875021, 39.882221], [-104.874971, 39.882236], [-104.874831, 39.882285], [-104.874358, 39.882451], [-104.873834, 39.88265], [-104.873335, 39.882852], [-104.872814, 39.883075], [-104.872297, 39.883312], [-104.871748, 39.883592], [-104.870764, 39.884113], [-104.868913, 39.885114], [-104.868722, 39.885212], [-104.86836, 39.885411], [-104.867935, 39.88565], [-104.866903, 39.886206], [-104.866161, 39.886613], [-104.865864, 39.886773], [-104.865586, 39.886923], [-104.865334, 39.887059], [-104.865149, 39.887159], [-104.865011, 39.887233], [-104.864893, 39.887297], [-104.862367, 39.888661], [-104.860895, 39.889459], [-104.85622, 39.891993], [-104.856118, 39.892048], [-104.85539, 39.892446], [-104.85517, 39.89257], [-104.853253, 39.893602], [-104.852439, 39.89404], [-104.848883, 39.895964], [-104.846634, 39.897186], [-104.844363, 39.898411], [-104.842517, 39.899412], [-104.842013, 39.899681], [-104.841931, 39.899725], [-104.841338, 39.900049], [-104.840763, 39.900355], [-104.840483, 39.900508], [-104.839024, 39.901303], [-104.837238, 39.902268], [-104.835282, 39.903326], [-104.833778, 39.904146], [-104.832286, 39.904926], [-104.830534, 39.905891], [-104.830297, 39.906022], [-104.829773, 39.906325], [-104.829139, 39.906682], [-104.828417, 39.907074], [-104.827848, 39.907365], [-104.827782, 39.907399], [-104.827496, 39.907545], [-104.825552, 39.908611], [-104.824767, 39.909027], [-104.824573, 39.909131], [-104.823261, 39.909833], [-104.822115, 39.910536], [-104.821503, 39.910928], [-104.820859, 39.911394], [-104.820693, 39.911507], [-104.819947, 39.912014], [-104.819467, 39.912359], [-104.819089, 39.912631], [-104.818736, 39.912873], [-104.817802, 39.913512], [-104.816869, 39.914166], [-104.816801, 39.914212], [-104.816669, 39.914306], [-104.816624, 39.914338], [-104.816499, 39.914426], [-104.816112, 39.914697], [-104.815613, 39.915041], [-104.815562, 39.915076], [-104.81478, 39.915628], [-104.814503, 39.915823], [-104.814035, 39.916176], [-104.813091, 39.916888], [-104.81197, 39.917837], [-104.80874, 39.920614], [-104.806829, 39.922257], [-104.806583, 39.922469], [-104.804397, 39.924364], [-104.803845, 39.924828], [-104.803638, 39.925001], [-104.803251, 39.925327], [-104.802921, 39.925604], [-104.801397, 39.92693], [-104.799386, 39.928656], [-104.797791, 39.930018], [-104.796811, 39.930826], [-104.795331, 39.932081], [-104.793773, 39.933395], [-104.791421, 39.935363], [-104.791171, 39.935577], [-104.7908, 39.935894], [-104.790436, 39.93623], [-104.790114, 39.936541], [-104.789944, 39.936705], [-104.789315, 39.937345], [-104.788865, 39.937827], [-104.78858, 39.93816], [-104.788247, 39.938582], [-104.787912, 39.938988], [-104.787638, 39.939341], [-104.787299, 39.939796], [-104.787008, 39.940202], [-104.786206, 39.941265], [-104.784672, 39.943343], [-104.783573, 39.944821], [-104.783333, 39.945131], [-104.783243, 39.945248], [-104.782932, 39.945617], [-104.782224, 39.946371], [-104.781966, 39.946639], [-104.781614, 39.94697], [-104.781533, 39.947048], [-104.781241, 39.947324], [-104.781027, 39.947554], [-104.780753, 39.947814], [-104.780692, 39.947871], [-104.780423, 39.948126], [-104.780312, 39.948231], [-104.780201, 39.948336], [-104.777833, 39.950576], [-104.774414, 39.95381], [-104.771315, 39.956706], [-104.771043, 39.956981], [-104.770375, 39.957639], [-104.769547, 39.958429], [-104.768769, 39.959083], [-104.768351, 39.959406], [-104.767697, 39.959871], [-104.767009, 39.960303], [-104.766691, 39.960474], [-104.766032, 39.960814], [-104.765269, 39.961161], [-104.764526, 39.96149], [-104.763428, 39.961985], [-104.762845, 39.962265], [-104.762587, 39.962397], [-104.762231, 39.962598], [-104.76172, 39.962902], [-104.760882, 39.963481], [-104.760389, 39.963867], [-104.760009, 39.964195], [-104.758882, 39.965263], [-104.758223, 39.965914], [-104.756756, 39.967326], [-104.755522, 39.9685], [-104.754276, 39.969689], [-104.75141, 39.972423], [-104.74842, 39.975275], [-104.745463, 39.978094], [-104.744447, 39.97906], [-104.742843, 39.980585], [-104.739208, 39.984039], [-104.736997, 39.986141], [-104.736226, 39.986778], [-104.736031, 39.986921], [-104.735351, 39.987429], [-104.73462, 39.987928], [-104.732371, 39.989487], [-104.72874, 39.991993], [-104.728288, 39.992309], [-104.724588, 39.994867], [-104.724531, 39.994906], [-104.724062, 39.995239], [-104.723363, 39.995712], [-104.722925, 39.996008], [-104.722644, 39.996199], [-104.722061, 39.996559], [-104.721782, 39.996722], [-104.72083, 39.997252], [-104.72021, 39.997564], [-104.718666, 39.99837], [-104.717423, 39.999028], [-104.716743, 39.99941], [-104.716126, 39.999782], [-104.71577, 40.000009], [-104.715408, 40.000259], [-104.715071, 40.000511]]}}, {"type": "Feature", "properties": {"LINEARID": "110706486684", "FULLNAME": "I- 25", "RTTYP": "I", "MTFCC": "S1100"}, "geometry": {"type": "LineString", "coordinates": [[-104.988848, 39.791036], [-104.988835, 39.791086], [-104.988488, 39.792636], [-104.988388, 39.793057], [-104.988147, 39.79415], [-104.98802, 39.794624], [-104.9879, 39.795105], [-104.987848, 39.795333], [-104.987776, 39.795618], [-104.987658, 39.795982], [-104.987494, 39.796438], [-104.987232, 39.797137], [-104.986881, 39.797986], [-104.986738, 39.79828], [-104.986532, 39.798706], [-104.985367, 39.80094], [-104.984905, 39.801854], [-104.984729, 39.802204], [-104.984625, 39.802392], [-104.984481, 39.802673], [-104.984392, 39.802835], [-104.98431, 39.803006], [-104.984211, 39.803213], [-104.984103, 39.803452], [-104.983876, 39.804009], [-104.983771, 39.804293], [-104.983616, 39.80484], [-104.983559, 39.805074], [-104.98347, 39.805434], [-104.983453, 39.805504], [-104.983435, 39.805579], [-104.983372, 39.80585], [-104.983347, 39.806024], [-104.983327, 39.80625], [-104.983297, 39.807089], [-104.983291, 39.809101], [-104.983289, 39.809154], [-104.983262, 39.810157], [-104.983272, 39.811618], [-104.983266, 39.812763], [-104.983256, 39.814744], [-104.983246, 39.816718], [-104.983244, 39.8171], [-104.983227, 39.817336], [-104.983218, 39.817475], [-104.983208, 39.817606], [-104.983173, 39.818102], [-104.983173, 39.818198], [-104.983173, 39.818304], [-104.983177, 39.820785], [-104.983178, 39.82091], [-104.983178, 39.821027], [-104.983173, 39.822725], [-104.98317, 39.82362], [-104.98317, 39.823698], [-104.983169, 39.823762], [-104.983164, 39.824447], [-104.983145, 39.825021], [-104.983134, 39.825902], [-104.983135, 39.826639], [-104.983135, 39.827023], [-104.983159, 39.827419], [-104.983168, 39.827587], [-104.983176, 39.827716], [-104.983181, 39.827791], [-104.983186, 39.827933], [-104.983196, 39.828046], [-104.983234, 39.828681], [-104.98326, 39.829107], [-104.983285, 39.829453], [-104.983315, 39.829985], [-104.983333, 39.830289], [-104.983367, 39.830885], [-104.983411, 39.831637], [-104.983444, 39.832321], [-104.983463, 39.83264], [-104.983525, 39.833685], [-104.983575, 39.83443], [-104.98358, 39.8345], [-104.983684, 39.836261], [-104.983776, 39.837716], [-104.983813, 39.8383], [-104.98382, 39.838522], [-104.983861, 39.839119], [-104.983916, 39.840033], [-104.983951, 39.84052], [-104.984031, 39.841153], [-104.98412, 39.841681], [-104.984129, 39.841736], [-104.984137, 39.841773], [-104.984261, 39.842371], [-104.984371, 39.84286], [-104.984585, 39.843871], [-104.984718, 39.844382], [-104.984781, 39.844673], [-104.984797, 39.844746], [-104.984831, 39.844901], [-104.984913, 39.845354], [-104.984918, 39.845379], [-104.984942, 39.845513], [-104.98501, 39.845854], [-104.985012, 39.845865], [-104.985683, 39.848953], [-104.98571, 39.849077], [-104.98585, 39.849747], [-104.985947, 39.850167], [-104.986052, 39.850683], [-104.986128, 39.851023], [-104.98626, 39.851561], [-104.98632, 39.851831], [-104.986393, 39.852157], [-104.986485, 39.852567], [-104.986513, 39.852697], [-104.986526, 39.852751], [-104.986733, 39.85375], [-104.986808, 39.854079], [-104.986895, 39.854467], [-104.986926, 39.854678], [-104.987023, 39.855168], [-104.987234, 39.856233], [-104.98725, 39.856309], [-104.987287, 39.856493], [-104.987391, 39.856954], [-104.987501, 39.857517], [-104.987581, 39.857955], [-104.987653, 39.858585], [-104.987692, 39.859515], [-104.987702, 39.860277], [-104.987705, 39.860499], [-104.987685, 39.861245], [-104.987684, 39.861709], [-104.987691, 39.862283], [-104.987683, 39.863921], [-104.987687, 39.864453], [-104.98768, 39.867996], [-104.987678, 39.868067], [-104.987679, 39.868138], [-104.987697, 39.871811], [-104.987691, 39.872709], [-104.987679, 39.874504], [-104.987676, 39.874881], [-104.987675, 39.874899], [-104.987675, 39.875227], [-104.987669, 39.878276], [-104.987666, 39.879494], [-104.987669, 39.880444], [-104.98767, 39.880581], [-104.98767, 39.880665], [-104.987651, 39.885177], [-104.98765, 39.885341], [-104.987654, 39.886635], [-104.987671, 39.888241], [-104.987672, 39.888309], [-104.987666, 39.889082], [-104.987669, 39.889921], [-104.987672, 39.890803], [-104.987673, 39.891315], [-104.987679, 39.893281], [-104.987699, 39.897037], [-104.987718, 39.897612], [-104.987728, 39.897755], [-104.987737, 39.897883], [-104.987794, 39.898389], [-104.987847, 39.898738], [-104.987897, 39.899013], [-104.987998, 39.899494], [-104.988051, 39.899718], [-104.988114, 39.899986], [-104.988135, 39.900064], [-104.988208, 39.900326], [-104.988368, 39.900812], [-104.988449, 39.901042], [-104.98851, 39.901213], [-104.988679, 39.901632], [-104.988769, 39.901855], [-104.989041, 39.902448], [-104.989433, 39.903274], [-104.989456, 39.903321], [-104.989597, 39.903619], [-104.989751, 39.903942], [-104.989888, 39.904256], [-104.990151, 39.904889], [-104.990439, 39.905642], [-104.990549, 39.906015], [-104.99067, 39.906511], [-104.99076, 39.906959], [-104.990793, 39.907177], [-104.990897, 39.907855], [-104.990942, 39.908333], [-104.990957, 39.908727], [-104.990971, 39.909311], [-104.99097, 39.909373], [-104.990963, 39.90964], [-104.990948, 39.909956], [-104.990903, 39.910508], [-104.990889, 39.910682], [-104.990764, 39.911216], [-104.990668, 39.911673], [-104.990549, 39.912116], [-104.990407, 39.912604], [-104.990259, 39.913066], [-104.990035, 39.913681], [-104.989928, 39.913915], [-104.98987, 39.914064], [-104.989681, 39.914488], [-104.989205, 39.915552], [-104.988922, 39.916188], [-104.988747, 39.916596], [-104.988605, 39.916961], [-104.988468, 39.917383], [-104.988264, 39.918004], [-104.988081, 39.918642], [-104.987921, 39.919377], [-104.987854, 39.919875], [-104.987833, 39.92009], [-104.987776, 39.920671], [-104.987761, 39.921226], [-104.987788, 39.924491], [-104.9878, 39.925893], [-104.987809, 39.928003], [-104.987807, 39.928543], [-104.987825, 39.929262], [-104.987881, 39.934234], [-104.987905, 39.936326], [-104.987914, 39.937325], [-104.987927, 39.938797], [-104.987931, 39.939212], [-104.987934, 39.939539], [-104.987945, 39.940729], [-104.987967, 39.94243], [-104.987976, 39.943074], [-104.988007, 39.945447], [-104.988013, 39.94625], [-104.98802, 39.947156], [-104.988062, 39.952303], [-104.988079, 39.953803], [-104.988084, 39.95421], [-104.988094, 39.956027], [-104.988107, 39.957571], [-104.988092, 39.957595], [-104.988104, 39.961872], [-104.988107, 39.962462], [-104.988119, 39.964423], [-104.988133, 39.966964], [-104.988158, 39.968129], [-104.988159, 39.968466]]}}, {"type": "Feature", "properties": {"LINEARID": "1104493025740", "FULLNAME": "I- 270", "RTTYP": "I", "MTFCC": "S1100"}, "geometry": {"type": "LineString", "coordinates": [[-104.978683, 39.827429], [-104.977944, 39.827429], [-104.976399, 39.827407], [-104.97443, 39.827362], [-104.973684, 39.82731], [-104.973413, 39.827271], [-104.972795, 39.827183], [-104.971939, 39.827008], [-104.970884, 39.826758], [-104.970131, 39.826563], [-104.969491, 39.826361], [-104.968786, 39.82608], [-104.967938, 39.825691], [-104.967478, 39.825494], [-104.967343, 39.825431], [-104.967238, 39.825379], [-104.967049, 39.825285], [-104.96666, 39.825067], [-104.965984, 39.824684], [-104.965504, 39.824382], [-104.964908, 39.823963], [-104.964724, 39.823833], [-104.96457, 39.823724], [-104.964434, 39.823626], [-104.964287, 39.823518], [-104.964115, 39.823366], [-104.963977, 39.823267], [-104.960742, 39.820929], [-104.959214, 39.819791], [-104.958107, 39.818956], [-104.956567, 39.817775], [-104.955641, 39.817084], [-104.954343, 39.816098], [-104.952099, 39.814399], [-104.951797, 39.814155], [-104.951735, 39.814104], [-104.951642, 39.814032], [-104.9516, 39.814], [-104.951514, 39.813942], [-104.951484, 39.813922], [-104.951401, 39.813866], [-104.95128, 39.813784], [-104.951152, 39.813687], [-104.949885, 39.812723], [-104.949317, 39.812292], [-104.949232, 39.812228], [-104.949142, 39.812159], [-104.948975, 39.812033], [-104.946552, 39.810213], [-104.945443, 39.809374], [-104.943679, 39.808026], [-104.94269, 39.807284], [-104.942179, 39.806884], [-104.941517, 39.806393], [-104.94133, 39.806253], [-104.94101, 39.806014], [-104.940891, 39.805925], [-104.940852, 39.805895], [-104.938529, 39.804143], [-104.937891, 39.803626], [-104.937751, 39.803512], [-104.937689, 39.803462], [-104.936013, 39.802116], [-104.93439, 39.800803], [-104.933881, 39.800381], [-104.93372, 39.80024], [-104.933426, 39.799997], [-104.933295, 39.79989], [-104.933042, 39.799682], [-104.932171, 39.799006], [-104.930943, 39.798014], [-104.930872, 39.797956], [-104.930288, 39.797489], [-104.929801, 39.797136], [-104.929396, 39.796871], [-104.929002, 39.796631], [-104.928731, 39.796471], [-104.928261, 39.796218], [-104.927893, 39.796034], [-104.927498, 39.795854], [-104.927025, 39.795658], [-104.926529, 39.795473], [-104.926105, 39.795322], [-104.925737, 39.795207], [-104.925249, 39.795074], [-104.9247, 39.79493], [-104.924261, 39.794831], [-104.923878, 39.794757], [-104.923507, 39.794695], [-104.923112, 39.794635], [-104.922817, 39.794597], [-104.922451, 39.794559], [-104.921711, 39.794502], [-104.920865, 39.794477], [-104.920118, 39.794468], [-104.919049, 39.79447], [-104.918604, 39.794463], [-104.918167, 39.794443], [-104.917828, 39.794419], [-104.917278, 39.794362], [-104.916877, 39.794299], [-104.916512, 39.794232], [-104.916231, 39.794175], [-104.915982, 39.794115], [-104.915699, 39.79404], [-104.915477, 39.793975], [-104.915033, 39.793829], [-104.914799, 39.793744], [-104.914575, 39.793656], [-104.914105, 39.793451], [-104.913834, 39.793317], [-104.913338, 39.793055], [-104.913132, 39.792937], [-104.912883, 39.792795], [-104.912306, 39.792476], [-104.911131, 39.791795], [-104.910765, 39.791586], [-104.910498, 39.791441], [-104.910075, 39.791184], [-104.90978, 39.791027], [-104.905339, 39.788506], [-104.904631, 39.788016], [-104.90453, 39.787935], [-104.904378, 39.787806], [-104.904117, 39.787565], [-104.903909, 39.787343], [-104.903797, 39.787216], [-104.903522, 39.786859], [-104.903479, 39.786798]]}}, {"type": "Feature", "properties": {"LINEARID": "110706491777", "FULLNAME": "88th Pl", "RTTYP": "M", "MTFCC": "S1400"}, "geometry": {"type": "LineString", "coordinates": [[-105.036665, 39.858056], [-105.036623, 39.858021], [-105.036315, 39.858013], [-105.036188, 39.858019], [-105.035668, 39.858029], [-105.035134, 39.858019], [-105.03481, 39.858015], [-105.034637, 39.858017], [-105.034402, 39.857997]]}}, {"type": "Feature", "properties": {"LINEARID": "1104323075572", "FULLNAME": "US Hwy 287", "RTTYP": "U", "MTFCC": "S1200"}, "geometry": {"type": "LineString", "coordinates": [[-105.024971, 39.912462], [-105.024974, 39.912899], [-105.024971, 39.913386], [-105.024977, 39.91362], [-105.02498, 39.914118]]}}, {"type": "Feature", "properties": {"LINEARID": "110706500536", "FULLNAME": "Lowell Ct", "RTTYP": "M", "MTFCC": "S1400"}, "geometry": {"type": "LineString", "coordinates": [[-105.035043, 39.871455], [-105.034969, 39.872188], [-105.03497, 39.872208], [-105.034977, 39.872226], [-105.034993, 39.872247], [-105.035013, 39.872264], [-105.035063, 39.872283], [-105.035096, 39.872289], [-105.035378, 39.872316]]}}, {"type": "Feature", "properties": {"LINEARID": "110706500546", "FULLNAME": "Lowell Dr", "RTTYP": "M", "MTFCC": "S1400"}, "geometry": {"type": "LineString", "coordinates": [[-105.034547, 39.888743], [-105.034726, 39.888707], [-105.034818, 39.8887], [-105.034886, 39.888702], [-105.034926, 39.888713], [-105.034947, 39.888738], [-105.034953, 39.888767], [-105.034945, 39.888803], [-105.034915, 39.888842], [-105.034883, 39.888859], [-105.034847, 39.888865], [-105.034561, 39.888884]]}}, {"type": "Feature", "properties": {"LINEARID": "1104271365671", "FULLNAME": "I- 25 (Express Lanes)", "RTTYP": "I", "MTFCC": "S1100"}, "geometry": {"type": "LineString", "coordinates": [[-104.988612, 39.791035], [-104.988594, 39.791086], [-104.988313, 39.792351], [-104.988019, 39.793584], [-104.98777, 39.794613], [-104.987466, 39.795783], [-104.987435, 39.795922], [-104.987314, 39.796305], [-104.987035, 39.797045], [-104.986764, 39.797633], [-104.986549, 39.798119], [-104.98647, 39.798279], [-104.985938, 39.799329], [-104.985542, 39.800098], [-104.984852, 39.801433], [-104.984638, 39.801858], [-104.984366, 39.802372], [-104.984101, 39.802887], [-104.984074, 39.80296], [-104.98371, 39.803763], [-104.98345, 39.804544], [-104.98328, 39.805081], [-104.983235, 39.805358], [-104.983185, 39.8055], [-104.983152, 39.805597], [-104.983065, 39.806308], [-104.983054, 39.806987], [-104.983031, 39.807744], [-104.983061, 39.809155], [-104.983031, 39.810402], [-104.98302, 39.811567], [-104.983009, 39.812585], [-104.982998, 39.812763], [-104.982986, 39.81504], [-104.982918, 39.816555], [-104.982914, 39.816885], [-104.982918, 39.817415], [-104.982914, 39.817521], [-104.982906, 39.817789], [-104.982891, 39.818331], [-104.982889, 39.818441], [-104.98285, 39.820028], [-104.982835, 39.820943], [-104.982834, 39.821055], [-104.982833, 39.821159], [-104.982828, 39.822165], [-104.982822, 39.823621], [-104.982821, 39.82376], [-104.982808, 39.826935], [-104.982807, 39.827415]]}}, {"type": "Feature", "properties": {"LINEARID": "1102656813709", "FULLNAME": "Lowell Blvd", "RTTYP": "M", "MTFCC": "S1400"}, "geometry": {"type": "LineString", "coordinates": [[-105.034645, 39.792051], [-105.034661, 39.792951], [-105.03468, 39.794751], [-105.034694, 39.795898], [-105.034706, 39.797028], [-105.034708, 39.797114], [-105.034698, 39.797267], [-105.034686, 39.797334], [-105.034681, 39.79751], [-105.034679, 39.797615], [-105.03468, 39.79774], [-105.034681, 39.797898], [-105.034684, 39.798054], [-105.034682, 39.798151], [-105.034694, 39.798336], [-105.034713, 39.798477], [-105.034719, 39.798852], [-105.034717, 39.799284], [-105.034716, 39.79949], [-105.034716, 39.799598], [-105.034715, 39.799672], [-105.034714, 39.799953], [-105.034714, 39.800086], [-105.034711, 39.800687], [-105.03471, 39.801063], [-105.034698, 39.802678], [-105.034696, 39.802891], [-105.034696, 39.803094], [-105.034697, 39.80431], [-105.034695, 39.804395], [-105.034695, 39.804573], [-105.0347, 39.807099], [-105.034702, 39.807959], [-105.034696, 39.808436], [-105.034691, 39.809209], [-105.03469, 39.81106], [-105.034695, 39.812838], [-105.034631, 39.814638], [-105.034588, 39.816478], [-105.034587, 39.816521], [-105.034556, 39.818271], [-105.034505, 39.820168], [-105.034474, 39.822059], [-105.034473, 39.822122], [-105.03447, 39.822206], [-105.034454, 39.822711], [-105.034452, 39.822787], [-105.034404, 39.823397], [-105.034392, 39.82356], [-105.03439, 39.823751], [-105.034387, 39.82405], [-105.034375, 39.825376], [-105.034371, 39.826094], [-105.034351, 39.82729], [-105.03434, 39.827973], [-105.034338, 39.829088], [-105.034334, 39.829518], [-105.03433, 39.830393], [-105.034317, 39.832734], [-105.034317, 39.832771], [-105.034311, 39.833725], [-105.0343, 39.834539], [-105.034306, 39.836342], [-105.034302, 39.837903], [-105.034296, 39.838147], [-105.034294, 39.83827], [-105.034292, 39.838406], [-105.034288, 39.838878], [-105.034287, 39.839031], [-105.034287, 39.839368], [-105.034286, 39.84007], [-105.034286, 39.840559], [-105.034287, 39.84181], [-105.034281, 39.843625], [-105.034285, 39.843848], [-105.034299, 39.844127], [-105.034305, 39.844421], [-105.034307, 39.845072], [-105.034296, 39.845445], [-105.034301, 39.846041], [-105.03431, 39.846418], [-105.034328, 39.846796], [-105.034344, 39.847143], [-105.034354, 39.847482], [-105.034355, 39.847588], [-105.034334, 39.847843], [-105.034326, 39.848155], [-105.034329, 39.848448], [-105.034314, 39.849035], [-105.034313, 39.849063], [-105.03432, 39.849934], [-105.03432, 39.850859], [-105.034331, 39.852656], [-105.034344, 39.853842], [-105.034346, 39.85422], [-105.034348, 39.854509], [-105.03435, 39.854646], [-105.034362, 39.855484], [-105.034369, 39.856263], [-105.034377, 39.857481], [-105.034384, 39.857641], [-105.034392, 39.857817], [-105.034399, 39.857951], [-105.034402, 39.857997], [-105.034391, 39.858741], [-105.034402, 39.85945], [-105.034405, 39.859821], [-105.034408, 39.860088], [-105.034409, 39.860139], [-105.03441, 39.860206], [-105.034416, 39.860922], [-105.034421, 39.861808], [-105.034421, 39.861939], [-105.034423, 39.862074], [-105.034424, 39.862192], [-105.034429, 39.862828], [-105.034436, 39.863487], [-105.034444, 39.863976], [-105.034442, 39.86459], [-105.034439, 39.865111], [-105.034453, 39.865963], [-105.034451, 39.866182], [-105.034455, 39.866922], [-105.03447, 39.867656], [-105.034474, 39.86841], [-105.034488, 39.869153], [-105.034489, 39.869884], [-105.034501, 39.870802], [-105.034494, 39.872713], [-105.034487, 39.874142], [-105.034476, 39.876722], [-105.034468, 39.877982], [-105.034448, 39.881146], [-105.034447, 39.88126], [-105.034445, 39.883229], [-105.03444, 39.885058], [-105.034439, 39.885087], [-105.034437, 39.885167]]}}, {"type": "Feature", "properties": {"LINEARID": "1102219802790", "FULLNAME": "State Hwy 128", "RTTYP": "S", "MTFCC": "S1200"}, "geometry": {"type": "LineString", "coordinates": [[-104.988949, 39.914097], [-104.989137, 39.914079], [-104.989239, 39.914074], [-104.989341, 39.91407], [-104.989613, 39.914065], [-104.989751, 39.914063], [-104.98987, 39.914064], [-104.990478, 39.914057], [-104.990812, 39.914055], [-104.991752, 39.91405], [-104.992184, 39.914048], [-104.992614, 39.914049], [-104.993202, 39.914046], [-104.99374, 39.914044], [-104.994692, 39.91404], [-104.995716, 39.914047], [-104.996727, 39.914053], [-104.996898, 39.914052], [-105.001434, 39.914065], [-105.003718, 39.914066], [-105.006111, 39.914068], [-105.007202, 39.914075], [-105.009879, 39.914081], [-105.010813, 39.914089], [-105.011929, 39.914089], [-105.014653, 39.914101], [-105.015521, 39.914105], [-105.018648, 39.914116], [-105.020226, 39.914126], [-105.023225, 39.914171], [-105.023519, 39.914175], [-105.024216, 39.914193], [-105.024981, 39.91423], [-105.026173, 39.914265], [-105.027056, 39.914263], [-105.027521, 39.914256], [-105.028305, 39.914243], [-105.029529, 39.914209], [-105.034347, 39.914181]]}}, {"type": "Feature", "properties": {"LINEARID": "110706500544", "FULLNAME": "Lowell Dr", "RTTYP": "M", "MTFCC": "S1400"}, "geometry": {"type": "LineString", "coordinates": [[-105.034561, 39.888884], [-105.034557, 39.889113], [-105.03453, 39.889623]]}}, {"type": "Feature", "properties": {"LINEARID": "1104486769201", "FULLNAME": "Sheridan Blvd", "RTTYP": "M", "MTFCC": "S1400"}, "geometry": {"type": "LineString", "coordinates": [[-105.053207, 39.861835], [-105.053201, 39.862102], [-105.0532, 39.862204], [-105.0532, 39.862294], [-105.053191, 39.863569], [-105.053191, 39.86362], [-105.053233, 39.868829], [-105.053233, 39.86884], [-105.053236, 39.869149], [-105.053234, 39.869217], [-105.05323, 39.869395], [-105.053208, 39.870367], [-105.053207, 39.870389], [-105.053207, 39.870408], [-105.053199, 39.870776], [-105.053198, 39.870826], [-105.053189, 39.872222], [-105.053189, 39.872264], [-105.053189, 39.872296], [-105.053188, 39.872435], [-105.053187, 39.872628], [-105.053189, 39.873345], [-105.053162, 39.874404], [-105.053154, 39.87468], [-105.053146, 39.874963], [-105.053146, 39.874974], [-105.053143, 39.875102], [-105.053141, 39.875115], [-105.053143, 39.875124], [-105.05314, 39.875216], [-105.05314, 39.875303], [-105.053139, 39.875402], [-105.05314, 39.875539], [-105.05314, 39.87565], [-105.053139, 39.876298], [-105.053139, 39.876685], [-105.053139, 39.877108], [-105.053139, 39.877142], [-105.053139, 39.877387], [-105.053139, 39.877428], [-105.053138, 39.877981], [-105.053138, 39.878024], [-105.053133, 39.878291], [-105.053132, 39.878322], [-105.053132, 39.878334], [-105.053132, 39.878344], [-105.053131, 39.878358], [-105.053123, 39.878794], [-105.05312, 39.879275], [-105.053119, 39.879544], [-105.053118, 39.879723], [-105.053117, 39.879845], [-105.053114, 39.880383], [-105.053106, 39.881647], [-105.053106, 39.881673], [-105.0531, 39.882928], [-105.053093, 39.884358], [-105.053093, 39.884591], [-105.053093, 39.885181], [-105.053093, 39.885218], [-105.053092, 39.88533], [-105.053091, 39.885356], [-105.05309, 39.885375], [-105.053074, 39.885832], [-105.053064, 39.886096], [-105.05306, 39.88689], [-105.053051, 39.888959], [-105.053038, 39.891745], [-105.053036, 39.892187], [-105.053035, 39.892557], [-105.053035, 39.893201], [-105.053037, 39.896417], [-105.053042, 39.896838], [-105.053039, 39.896885], [-105.053028, 39.897094], [-105.053013, 39.897378], [-105.053008, 39.897619], [-105.052993, 39.897917], [-105.053005, 39.899769], [-105.053005, 39.899806], [-105.052993, 39.901392], [-105.052972, 39.904209], [-105.052969, 39.904618], [-105.052964, 39.905158], [-105.052964, 39.905209], [-105.05297, 39.9061], [-105.052973, 39.906575], [-105.052973, 39.906637], [-105.052968, 39.907013], [-105.052968, 39.907049], [-105.052968, 39.907888], [-105.052968, 39.908849], [-105.052885, 39.911679], [-105.052886, 39.913612], [-105.052886, 39.913688], [-105.052884, 39.913795], [-105.052889, 39.914077], [-105.052892, 39.914224]]}}, {"type": "Feature", "properties": {"LINEARID": "1104493025729", "FULLNAME": "I- 270", "RTTYP": "I", "MTFCC": "S1100"}, "geometry": {"type": "LineString", "coordinates": [[-104.977999, 39.827893], [-104.977932, 39.82789], [-104.976996, 39.827859], [-104.976152, 39.827836], [-104.975195, 39.827787], [-104.974181, 39.827715], [-104.973282, 39.827602], [-104.972498, 39.827449], [-104.971463, 39.827181], [-104.970883, 39.827027], [-104.970356, 39.826898], [-104.969807, 39.826722], [-104.968951, 39.82642], [-104.968407, 39.826211], [-104.967866, 39.826001], [-104.967387, 39.825795], [-104.967191, 39.825704], [-104.967071, 39.825646], [-104.966955, 39.825597], [-104.966666, 39.825435], [-104.966375, 39.825264], [-104.965257, 39.824609], [-104.964362, 39.82405], [-104.964172, 39.823909], [-104.964026, 39.823801], [-104.963921, 39.823701], [-104.963796, 39.823601], [-104.963599, 39.823433], [-104.960544, 39.821034], [-104.959355, 39.820129], [-104.959211, 39.820036], [-104.956492, 39.817907], [-104.956033, 39.817563], [-104.955121, 39.816911], [-104.954478, 39.816424], [-104.953799, 39.815891], [-104.952525, 39.814917], [-104.952065, 39.814594], [-104.951705, 39.814321], [-104.951626, 39.814258], [-104.951546, 39.814197], [-104.951419, 39.814101], [-104.951389, 39.814079], [-104.951271, 39.813998], [-104.951187, 39.813941], [-104.951076, 39.813858], [-104.949895, 39.812973], [-104.949556, 39.812717], [-104.949207, 39.812454], [-104.949123, 39.81239], [-104.949035, 39.812324], [-104.948838, 39.812175], [-104.948827, 39.812167], [-104.948603, 39.811997], [-104.947408, 39.811077], [-104.946873, 39.810681], [-104.946614, 39.810483], [-104.945335, 39.809524], [-104.944703, 39.80904], [-104.944089, 39.808594], [-104.943772, 39.808353], [-104.943151, 39.807866], [-104.942446, 39.807334], [-104.941999, 39.806986], [-104.941595, 39.806684], [-104.941383, 39.806534], [-104.94123, 39.806427], [-104.941062, 39.806309], [-104.940855, 39.806146], [-104.940726, 39.806044], [-104.940357, 39.805754], [-104.93939, 39.805021], [-104.938608, 39.804439], [-104.937853, 39.803865], [-104.937739, 39.803777], [-104.937685, 39.803735], [-104.937274, 39.803423], [-104.937043, 39.803265], [-104.936653, 39.802969], [-104.935963, 39.802431], [-104.935394, 39.801946], [-104.934219, 39.800993], [-104.93387, 39.800717], [-104.933677, 39.800564], [-104.933638, 39.800533], [-104.933464, 39.800402], [-104.933228, 39.800215], [-104.933104, 39.800117], [-104.932992, 39.800028], [-104.932404, 39.799528], [-104.931244, 39.798589], [-104.930927, 39.798355], [-104.930787, 39.798241], [-104.930646, 39.798125], [-104.929859, 39.797503], [-104.929253, 39.797073], [-104.929148, 39.797007], [-104.928608, 39.796687], [-104.928214, 39.796469], [-104.927715, 39.796222], [-104.927183, 39.795984], [-104.926794, 39.795824], [-104.926388, 39.795673], [-104.926085, 39.795566], [-104.925816, 39.795479], [-104.925094, 39.795265], [-104.924533, 39.795128], [-104.924056, 39.795024], [-104.923719, 39.794965], [-104.923676, 39.794957], [-104.923223, 39.794883], [-104.922828, 39.794831], [-104.922299, 39.794771], [-104.922228, 39.794766], [-104.921886, 39.79474], [-104.921426, 39.794718], [-104.920873, 39.794703], [-104.918683, 39.79469], [-104.918139, 39.794671], [-104.917892, 39.794656], [-104.917362, 39.794604], [-104.916869, 39.794535], [-104.916563, 39.794495], [-104.916324, 39.794447], [-104.916027, 39.794377], [-104.915641, 39.794263], [-104.915373, 39.794185], [-104.914907, 39.794028], [-104.91441, 39.793845], [-104.91418, 39.793745], [-104.913914, 39.793621], [-104.913605, 39.793469], [-104.913329, 39.793325], [-104.912551, 39.792893], [-104.912303, 39.792746], [-104.911462, 39.792276], [-104.911137, 39.792082], [-104.909765, 39.791306], [-104.909055, 39.790898], [-104.908454, 39.790534], [-104.90805, 39.790302], [-104.907613, 39.790072], [-104.906725, 39.789581], [-104.906329, 39.789357], [-104.905153, 39.788679], [-104.904724, 39.788408], [-104.904454, 39.78822], [-104.904185, 39.788], [-104.903929, 39.787764], [-104.903758, 39.787598], [-104.90371, 39.787546], [-104.903627, 39.78745], [-104.903508, 39.787312], [-104.903485, 39.787288]]}}, {"type": "Feature", "properties": {"LINEARID": "1108296281816", "FULLNAME": "US Hwy 36", "RTTYP": "U", "MTFCC": "S1100"}, "geometry": {"type": "LineString", "coordinates": [[-104.903485, 39.787288], [-104.903508, 39.787312], [-104.903627, 39.78745], [-104.90371, 39.787546], [-104.903758, 39.787598], [-104.903929, 39.787764], [-104.904185, 39.788], [-104.904454, 39.78822], [-104.904724, 39.788408], [-104.905153, 39.788679], [-104.906329, 39.789357], [-104.906725, 39.789581], [-104.907613, 39.790072], [-104.90805, 39.790302], [-104.908454, 39.790534], [-104.909055, 39.790898], [-104.909765, 39.791306], [-104.911137, 39.792082], [-104.911462, 39.792276], [-104.912303, 39.792746], [-104.912551, 39.792893], [-104.913329, 39.793325], [-104.913605, 39.793469], [-104.913914, 39.793621], [-104.91418, 39.793745], [-104.91441, 39.793845], [-104.914907, 39.794028], [-104.915373, 39.794185], [-104.915641, 39.794263], [-104.916027, 39.794377], [-104.916324, 39.794447], [-104.916563, 39.794495], [-104.916869, 39.794535], [-104.917362, 39.794604], [-104.917892, 39.794656], [-104.918139, 39.794671], [-104.918683, 39.79469], [-104.920873, 39.794703], [-104.921426, 39.794718], [-104.921886, 39.79474], [-104.922228, 39.794766], [-104.922299, 39.794771], [-104.922828, 39.794831], [-104.923223, 39.794883], [-104.923676, 39.794957], [-104.923719, 39.794965], [-104.924056, 39.795024], [-104.924533, 39.795128], [-104.925094, 39.795265], [-104.925816, 39.795479], [-104.926085, 39.795566], [-104.926388, 39.795673], [-104.926794, 39.795824], [-104.927183, 39.795984], [-104.927715, 39.796222], [-104.928214, 39.796469], [-104.928608, 39.796687], [-104.929148, 39.797007], [-104.929253, 39.797073], [-104.929859, 39.797503], [-104.930646, 39.798125], [-104.930787, 39.798241], [-104.930927, 39.798355], [-104.931244, 39.798589], [-104.932404, 39.799528], [-104.932992, 39.800028], [-104.933104, 39.800117], [-104.933228, 39.800215], [-104.933464, 39.800402], [-104.933638, 39.800533], [-104.933677, 39.800564], [-104.93387, 39.800717], [-104.934219, 39.800993], [-104.935394, 39.801946], [-104.935963, 39.802431], [-104.936653, 39.802969], [-104.937043, 39.803265], [-104.937274, 39.803423], [-104.937685, 39.803735], [-104.937739, 39.803777], [-104.937853, 39.803865], [-104.938608, 39.804439], [-104.93939, 39.805021], [-104.940357, 39.805754], [-104.940726, 39.806044], [-104.940855, 39.806146], [-104.941062, 39.806309], [-104.94123, 39.806427], [-104.941383, 39.806534], [-104.941595, 39.806684], [-104.941999, 39.806986], [-104.942446, 39.807334], [-104.943151, 39.807866], [-104.943772, 39.808353], [-104.944089, 39.808594], [-104.944703, 39.80904], [-104.945335, 39.809524], [-104.946614, 39.810483], [-104.946873, 39.810681], [-104.947408, 39.811077], [-104.948603, 39.811997], [-104.948827, 39.812167], [-104.948838, 39.812175], [-104.949035, 39.812324], [-104.949123, 39.81239], [-104.949207, 39.812454], [-104.949556, 39.812717], [-104.949895, 39.812973], [-104.951076, 39.813858], [-104.951187, 39.813941], [-104.951271, 39.813998], [-104.951389, 39.814079], [-104.951419, 39.814101], [-104.951546, 39.814197], [-104.951626, 39.814258], [-104.951705, 39.814321], [-104.952065, 39.814594], [-104.952525, 39.814917], [-104.953799, 39.815891], [-104.954478, 39.816424], [-104.955121, 39.816911], [-104.956033, 39.817563], [-104.956492, 39.817907], [-104.959211, 39.820036], [-104.959355, 39.820129], [-104.960544, 39.821034], [-104.963599, 39.823433], [-104.963796, 39.823601], [-104.963921, 39.823701], [-104.964026, 39.823801], [-104.964172, 39.823909], [-104.964362, 39.82405], [-104.965257, 39.824609], [-104.966375, 39.825264], [-104.966666, 39.825435], [-104.966955, 39.825597], [-104.967071, 39.825646], [-104.967191, 39.825704], [-104.967387, 39.825795], [-104.967866, 39.826001], [-104.968407, 39.826211], [-104.968951, 39.82642], [-104.969807, 39.826722], [-104.970356, 39.826898], [-104.970883, 39.827027], [-104.971463, 39.827181], [-104.972498, 39.827449], [-104.973282, 39.827602], [-104.974181, 39.827715], [-104.975195, 39.827787], [-104.976152, 39.827836], [-104.976996, 39.827859], [-104.977932, 39.82789], [-104.977999, 39.827893], [-104.978739, 39.827917], [-104.97909, 39.827933], [-104.979996, 39.827989], [-104.980905, 39.828056], [-104.981283, 39.828075], [-104.981509, 39.828087], [-104.981547, 39.828087], [-104.981615, 39.828087], [-104.98175, 39.828087], [-104.981956, 39.828089], [-104.982187, 39.828085], [-104.98241, 39.82808], [-104.982763, 39.828064], [-104.982917, 39.828057], [-104.983196, 39.828046], [-104.983246, 39.828044], [-104.983786, 39.828006], [-104.983921, 39.827992], [-104.984247, 39.827957], [-104.984963, 39.827867], [-104.985388, 39.827829], [-104.985775, 39.8278], [-104.986223, 39.827767], [-104.986649, 39.82774], [-104.987365, 39.827711], [-104.988693, 39.827688], [-104.991185, 39.827697], [-104.992126, 39.827705], [-104.992369, 39.827707], [-104.99374, 39.827725], [-104.994081, 39.827743], [-104.994613, 39.827787], [-104.995164, 39.827856], [-104.995727, 39.827954], [-104.996184, 39.828052], [-104.996422, 39.82811], [-104.996835, 39.82822], [-104.997237, 39.828334], [-104.997291, 39.82835], [-104.998224, 39.828622], [-104.998709, 39.828764], [-104.99956, 39.829018], [-105.000201, 39.829202], [-105.001654, 39.829633], [-105.002162, 39.829784], [-105.003302, 39.830108], [-105.004403, 39.830402], [-105.006034, 39.830837], [-105.006123, 39.83086], [-105.006221, 39.830888], [-105.007918, 39.831373], [-105.011452, 39.832392], [-105.011527, 39.832413], [-105.012533, 39.832702], [-105.015502, 39.833554], [-105.015872, 39.833658], [-105.016901, 39.833945], [-105.017192, 39.834027], [-105.019513, 39.834674], [-105.020445, 39.834951], [-105.021877, 39.83537], [-105.024782, 39.836195], [-105.025004, 39.836258], [-105.026117, 39.836575], [-105.027441, 39.836932], [-105.030788, 39.837875], [-105.031529, 39.838074], [-105.031679, 39.838111], [-105.031837, 39.838156], [-105.032229, 39.838269], [-105.032549, 39.83837], [-105.032916, 39.838505], [-105.033373, 39.838667], [-105.033805, 39.838835], [-105.034287, 39.839031], [-105.034551, 39.839137], [-105.035736, 39.839704], [-105.036728, 39.840248], [-105.037163, 39.840515], [-105.037373, 39.840644], [-105.038116, 39.841138], [-105.038808, 39.841644], [-105.039078, 39.841859], [-105.039358, 39.84208], [-105.039503, 39.842209], [-105.03972, 39.842402], [-105.040112, 39.84275], [-105.040612, 39.843221], [-105.041446, 39.844042], [-105.042648, 39.845219], [-105.042799, 39.845365], [-105.043485, 39.846031], [-105.044282, 39.84682], [-105.04483, 39.847356], [-105.04486, 39.847386], [-105.046003, 39.848506], [-105.04684, 39.849326], [-105.047526, 39.849993], [-105.047696, 39.850159], [-105.04852, 39.850969], [-105.04921, 39.851674], [-105.049826, 39.852339], [-105.050581, 39.853214], [-105.05182, 39.854771], [-105.052145, 39.855219], [-105.052188, 39.855281], [-105.052442, 39.855641], [-105.052785, 39.856164], [-105.052857, 39.856277], [-105.053055, 39.856615], [-105.053257, 39.856946]]}}, {"type": "Feature", "properties": {"LINEARID": "11019627111031", "FULLNAME": "Federal Blvd", "RTTYP": "M", "MTFCC": "S1200"}, "geometry": {"type": "LineString", "coordinates": [[-105.025303, 39.793963], [-105.025313, 39.79473], [-105.025324, 39.795885], [-105.025333, 39.796543], [-105.025352, 39.797003], [-105.025372, 39.797297], [-105.025378, 39.797683], [-105.025388, 39.798347], [-105.025391, 39.798489], [-105.025403, 39.799008], [-105.025403, 39.799034], [-105.025392, 39.799731], [-105.025409, 39.800343], [-105.025408, 39.800448], [-105.025408, 39.800566], [-105.025409, 39.800668], [-105.025407, 39.801025], [-105.025392, 39.801387], [-105.025406, 39.802299], [-105.025393, 39.80315], [-105.025393, 39.803798], [-105.025393, 39.803845], [-105.025393, 39.80406], [-105.025392, 39.804468], [-105.025392, 39.804797], [-105.025393, 39.805094], [-105.025393, 39.80517], [-105.025393, 39.805244], [-105.025398, 39.807265], [-105.025381, 39.808739], [-105.025384, 39.809254], [-105.02539, 39.810548], [-105.025395, 39.811023], [-105.025389, 39.812219], [-105.025386, 39.812825], [-105.025364, 39.813722], [-105.025351, 39.814116], [-105.025335, 39.814635], [-105.02532, 39.81555], [-105.025311, 39.81584], [-105.025299, 39.816464], [-105.025279, 39.817157], [-105.025258, 39.81825], [-105.025241, 39.818612], [-105.025188, 39.819741], [-105.025162, 39.820015], [-105.025159, 39.820243], [-105.025152, 39.820677], [-105.02515, 39.820811], [-105.025133, 39.821943], [-105.025128, 39.822267], [-105.025124, 39.822567], [-105.025122, 39.822656], [-105.025104, 39.823567], [-105.025084, 39.82467], [-105.025072, 39.8253], [-105.025044, 39.826293], [-105.025012, 39.827271], [-105.025026, 39.828016], [-105.02503, 39.828832], [-105.025027, 39.830021], [-105.025008, 39.830862], [-105.025008, 39.830899], [-105.025003, 39.83161], [-105.024997, 39.832753], [-105.025006, 39.833354], [-105.025005, 39.833867], [-105.025005, 39.834529], [-105.025006, 39.83457], [-105.025012, 39.834982], [-105.025, 39.83553], [-105.025002, 39.835894], [-105.025003, 39.836063], [-105.025004, 39.836258], [-105.025005, 39.836432], [-105.02501, 39.83725], [-105.025012, 39.838543], [-105.024993, 39.839211], [-105.024962, 39.840001], [-105.024954, 39.840411], [-105.024948, 39.841326], [-105.024932, 39.841788], [-105.024932, 39.842383], [-105.024933, 39.842973], [-105.024931, 39.843598], [-105.024916, 39.845378], [-105.024914, 39.846378], [-105.024919, 39.847025], [-105.024927, 39.847224], [-105.024938, 39.847941], [-105.024957, 39.848598], [-105.02496, 39.848981], [-105.02496, 39.849028], [-105.024961, 39.849074], [-105.024968, 39.84992], [-105.024971, 39.850737], [-105.024986, 39.852635], [-105.024998, 39.854424], [-105.025, 39.855034], [-105.025017, 39.855602], [-105.025053, 39.856275], [-105.025077, 39.856993], [-105.02512, 39.85989], [-105.025121, 39.860782], [-105.025134, 39.86169], [-105.025142, 39.862597], [-105.025149, 39.863491], [-105.025162, 39.864746], [-105.025171, 39.865142], [-105.025174, 39.865588], [-105.025171, 39.865926], [-105.025137, 39.867055], [-105.025122, 39.868706], [-105.025132, 39.869334], [-105.025134, 39.870011], [-105.025154, 39.870813], [-105.025233, 39.871735], [-105.025246, 39.871973], [-105.025248, 39.872171], [-105.025252, 39.872376], [-105.025249, 39.872782], [-105.025241, 39.875093], [-105.025245, 39.875196], [-105.025212, 39.878334], [-105.025199, 39.879651], [-105.025233, 39.882058], [-105.025205, 39.884322], [-105.025177, 39.885051], [-105.025175, 39.885128], [-105.025171, 39.885212], [-105.025165, 39.886817], [-105.025154, 39.888357], [-105.025145, 39.889726], [-105.025134, 39.890384], [-105.025132, 39.890783], [-105.025124, 39.892033], [-105.025127, 39.892526], [-105.025123, 39.893074], [-105.02512, 39.893455], [-105.025073, 39.899625], [-105.025079, 39.901908], [-105.02511, 39.905428], [-105.025112, 39.905623], [-105.025112, 39.905963], [-105.025076, 39.906797], [-105.025056, 39.906956], [-105.025038, 39.907144], [-105.025001, 39.907717], [-105.024996, 39.908272], [-105.025, 39.908484], [-105.024998, 39.909528], [-105.024993, 39.910234], [-105.025011, 39.910755], [-105.025018, 39.911111], [-105.025012, 39.911654], [-105.024971, 39.912462]]}}, {"type": "Feature", "properties": {"LINEARID": "110706500545", "FULLNAME": "Lowell Dr", "RTTYP": "M", "MTFCC": "S1400"}, "geometry": {"type": "LineString", "coordinates": [[-105.034547, 39.888743], [-105.034561, 39.888884]]}}, {"type": "Feature", "properties": {"LINEARID": "110706500534", "FULLNAME": "Lowell Ct", "RTTYP": "M", "MTFCC": "S1400"}, "geometry": {"type": "LineString", "coordinates": [[-105.035266, 39.885571], [-105.03518, 39.885606], [-105.035127, 39.885636], [-105.035068, 39.885679], [-105.035018, 39.885737], [-105.034982, 39.8858], [-105.034962, 39.885855], [-105.034948, 39.885949], [-105.034947, 39.886203]]}}, {"type": "Feature", "properties": {"LINEARID": "1104287844107", "FULLNAME": "State Hwy 224", "RTTYP": "S", "MTFCC": "S1200"}, "geometry": {"type": "LineString", "coordinates": [[-104.987368, 39.828245], [-104.987364, 39.827872], [-104.987365, 39.827711], [-104.987364, 39.827591], [-104.987363, 39.827465], [-104.98737, 39.82664], [-104.98739, 39.824838], [-104.9874, 39.824532], [-104.987429, 39.823664], [-104.986537, 39.823662], [-104.986396, 39.823665], [-104.986021, 39.823674], [-104.985135, 39.823713], [-104.984278, 39.823756], [-104.984156, 39.823761], [-104.983409, 39.823763], [-104.983236, 39.823763], [-104.983169, 39.823762], [-104.982957, 39.82376], [-104.982821, 39.82376], [-104.982593, 39.823759], [-104.982304, 39.823758], [-104.982084, 39.823757], [-104.981793, 39.823755], [-104.981666, 39.823755], [-104.981318, 39.823753], [-104.978673, 39.823761], [-104.977978, 39.823757], [-104.976939, 39.823756], [-104.976594, 39.823767], [-104.976332, 39.823786], [-104.976036, 39.823813], [-104.975704, 39.823855], [-104.975425, 39.823901], [-104.974954, 39.824003], [-104.974504, 39.824122], [-104.974323, 39.82418], [-104.973139, 39.824604], [-104.973067, 39.824626], [-104.972918, 39.824658]]}}, {"type": "Feature", "properties": {"LINEARID": "1102219802786", "FULLNAME": "State Hwy 128", "RTTYP": "S", "MTFCC": "S1200"}, "geometry": {"type": "LineString", "coordinates": [[-105.034347, 39.914181], [-105.035888, 39.914185], [-105.038828, 39.914194], [-105.03907, 39.914195], [-105.04141, 39.914202], [-105.041736, 39.914204], [-105.041978, 39.914205], [-105.042992, 39.914208], [-105.043478, 39.914209], [-105.043688, 39.91421], [-105.04378, 39.914211], [-105.043844, 39.914211], [-105.043974, 39.914211], [-105.044107, 39.914212], [-105.044184, 39.914212], [-105.044385, 39.914212], [-105.044561, 39.914213], [-105.046209, 39.914219], [-105.046441, 39.91422], [-105.047715, 39.914227], [-105.048234, 39.914218], [-105.048362, 39.914216], [-105.048544, 39.914214], [-105.048698, 39.914216], [-105.04876, 39.914217], [-105.049654, 39.914218], [-105.052892, 39.914224]]}}, {"type": "Feature", "properties": {"LINEARID": "110706500530", "FULLNAME": "Lowell Ct", "RTTYP": "M", "MTFCC": "S1400"}, "geometry": {"type": "LineString", "coordinates": [[-105.034908, 39.861681], [-105.03491, 39.862075], [-105.034907, 39.862343]]}}, {"type": "Feature", "properties": {"LINEARID": "110706500537", "FULLNAME": "Lowell Ct", "RTTYP": "M", "MTFCC": "S1400"}, "geometry": {"type": "LineString", "coordinates": [[-105.035043, 39.871455], [-105.035011, 39.871432], [-105.034974, 39.871392], [-105.034962, 39.871363], [-105.034966, 39.871265], [-105.034984, 39.871226], [-105.035018, 39.8712], [-105.035041, 39.871193], [-105.03507, 39.871192], [-105.035093, 39.871197], [-105.035112, 39.871208], [-105.035127, 39.871236], [-105.035133, 39.871273], [-105.035131, 39.871368], [-105.035104, 39.871417], [-105.035043, 39.871455]]}}, {"type": "Feature", "properties": {"LINEARID": "11012813154295", "FULLNAME": "Westminster Station Dr", "RTTYP": "M", "MTFCC": "S1400"}, "geometry": {"type": "LineString", "coordinates": [[-105.025128, 39.822267], [-105.025279, 39.822217], [-105.025503, 39.822214], [-105.02593, 39.822125], [-105.026598, 39.822114], [-105.026685, 39.822121], [-105.026857, 39.822151], [-105.027024, 39.822204], [-105.027104, 39.822238], [-105.027606, 39.82252], [-105.028056, 39.822743], [-105.02816, 39.82281], [-105.028248, 39.822897], [-105.028354, 39.823063], [-105.028443, 39.823178], [-105.028551, 39.823276], [-105.028673, 39.823355]]}}, {"type": "Feature", "properties": {"LINEARID": "1102217530289", "FULLNAME": "State Hwy 95", "RTTYP": "S", "MTFCC": "S1200"}, "geometry": {"type": "LineString", "coordinates": [[-105.053246, 39.791063], [-105.053217, 39.791759], [-105.053207, 39.792014], [-105.053178, 39.792893], [-105.053177, 39.793262], [-105.053175, 39.793631], [-105.053174, 39.793745], [-105.053174, 39.793841], [-105.053172, 39.794284], [-105.053172, 39.794314], [-105.053171, 39.794634], [-105.053173, 39.794678], [-105.053175, 39.794733], [-105.053198, 39.79544], [-105.053199, 39.795462], [-105.053199, 39.795594], [-105.0532, 39.796223], [-105.0532, 39.796244], [-105.053197, 39.796333], [-105.053193, 39.796434], [-105.053191, 39.796488], [-105.053193, 39.796596], [-105.053204, 39.797191], [-105.053205, 39.797244], [-105.053202, 39.79738], [-105.053189, 39.797905], [-105.053185, 39.798025], [-105.053182, 39.798152], [-105.053181, 39.79819], [-105.053179, 39.798274], [-105.053178, 39.7983], [-105.053175, 39.798491], [-105.053174, 39.798552], [-105.053167, 39.798929], [-105.053164, 39.799109], [-105.053162, 39.799211], [-105.053162, 39.799239], [-105.053143, 39.79941], [-105.053141, 39.799427], [-105.053102, 39.799788], [-105.053081, 39.799875], [-105.052949, 39.800437], [-105.052905, 39.800734], [-105.052886, 39.800863], [-105.052858, 39.801057], [-105.052856, 39.801098], [-105.05285, 39.801223], [-105.052841, 39.801407], [-105.052837, 39.801499], [-105.052832, 39.801606], [-105.052828, 39.801698], [-105.052825, 39.801754], [-105.052828, 39.801918], [-105.052839, 39.802535], [-105.052842, 39.802673], [-105.05284, 39.802757], [-105.052836, 39.802889], [-105.052827, 39.80331], [-105.052832, 39.803601], [-105.052829, 39.803874], [-105.052881, 39.804387], [-105.052902, 39.804485], [-105.052974, 39.804821], [-105.053147, 39.805548], [-105.053151, 39.805564], [-105.053256, 39.806497], [-105.053253, 39.806683], [-105.053248, 39.806985], [-105.053248, 39.807021], [-105.053262, 39.807651], [-105.053263, 39.807677], [-105.053249, 39.809178], [-105.053249, 39.809194], [-105.053245, 39.809978], [-105.053247, 39.810147], [-105.053246, 39.810723], [-105.05325, 39.81277], [-105.05325, 39.812802], [-105.053251, 39.814529], [-105.053252, 39.814642], [-105.053253, 39.814798], [-105.053266, 39.816247], [-105.053267, 39.816412], [-105.053252, 39.818207], [-105.053253, 39.818322], [-105.053267, 39.819747], [-105.053267, 39.819757], [-105.05327, 39.819999], [-105.05327, 39.820028], [-105.05327, 39.820059], [-105.053271, 39.820163], [-105.053279, 39.82089], [-105.053282, 39.821125], [-105.053282, 39.821163], [-105.053282, 39.821415], [-105.053281, 39.82184], [-105.053281, 39.821859], [-105.05328, 39.822025], [-105.053276, 39.822836], [-105.053276, 39.822853], [-105.053274, 39.823142], [-105.053273, 39.823336], [-105.053272, 39.823582], [-105.053271, 39.823666], [-105.053271, 39.823728], [-105.053271, 39.823746], [-105.053262, 39.827273], [-105.053262, 39.827283], [-105.053262, 39.828666], [-105.053262, 39.828803], [-105.053263, 39.828935], [-105.053266, 39.829522], [-105.053266, 39.829589], [-105.053266, 39.829676], [-105.053267, 39.829927], [-105.053272, 39.830608], [-105.053272, 39.83065], [-105.053272, 39.830675], [-105.053272, 39.830696], [-105.053272, 39.830738], [-105.053272, 39.830827], [-105.053271, 39.830892], [-105.053271, 39.830905], [-105.05327, 39.830924], [-105.053269, 39.831011], [-105.053264, 39.831309], [-105.053261, 39.83252], [-105.053261, 39.832707], [-105.053262, 39.832993], [-105.053262, 39.833174], [-105.053263, 39.83364], [-105.053266, 39.834527], [-105.053259, 39.834706], [-105.053258, 39.83507], [-105.053255, 39.836157], [-105.053255, 39.836325], [-105.053254, 39.836789], [-105.053254, 39.836845], [-105.053254, 39.83689], [-105.053254, 39.836903], [-105.053253, 39.836944], [-105.053253, 39.837066], [-105.053251, 39.837971], [-105.053251, 39.838157], [-105.05325, 39.838176], [-105.053245, 39.83836], [-105.053238, 39.838622], [-105.053236, 39.838788], [-105.053232, 39.839144], [-105.053246, 39.839394], [-105.053247, 39.839404], [-105.05326, 39.839858], [-105.053259, 39.839927], [-105.053259, 39.839969], [-105.053257, 39.840082], [-105.053252, 39.840453], [-105.053248, 39.840765], [-105.053242, 39.841266], [-105.053241, 39.841288], [-105.053241, 39.841306], [-105.053241, 39.841338], [-105.053241, 39.841363], [-105.053241, 39.841382], [-105.053236, 39.841784], [-105.053236, 39.841807], [-105.053228, 39.843063], [-105.05323, 39.843233], [-105.05323, 39.843253], [-105.05323, 39.843266], [-105.053241, 39.843981], [-105.05324, 39.844052], [-105.053236, 39.844286], [-105.053233, 39.844475], [-105.053219, 39.845243], [-105.053219, 39.845259], [-105.053218, 39.845276], [-105.053218, 39.8453], [-105.053215, 39.845485], [-105.053211, 39.845702], [-105.05321, 39.845763], [-105.053208, 39.846079], [-105.053203, 39.846865], [-105.053202, 39.847131], [-105.053201, 39.847279], [-105.0532, 39.847368], [-105.053198, 39.84788], [-105.053191, 39.849032], [-105.05319, 39.849251], [-105.053189, 39.849422], [-105.053189, 39.849518], [-105.053188, 39.849638], [-105.053188, 39.849649], [-105.053153, 39.85029], [-105.0529, 39.852042], [-105.052835, 39.852545], [-105.052847, 39.853229], [-105.052967, 39.853646], [-105.053013, 39.853775], [-105.053048, 39.853858], [-105.053105, 39.853986], [-105.05318, 39.854104], [-105.053249, 39.854194]]}}, {"type": "Feature", "properties": {"LINEARID": "1104486720846", "FULLNAME": "I- 25", "RTTYP": "I", "MTFCC": "S1100"}, "geometry": {"type": "LineString", "coordinates": [[-104.988023, 39.975752], [-104.988022, 39.975729], [-104.988002, 39.972633], [-104.988001, 39.972388], [-104.988001, 39.972241], [-104.98801, 39.971843], [-104.988011, 39.971789], [-104.98801, 39.971631], [-104.987998, 39.968128], [-104.98798, 39.966854], [-104.987966, 39.964423], [-104.987952, 39.961848], [-104.987961, 39.960401], [-104.987937, 39.957571], [-104.987935, 39.956117], [-104.987906, 39.954333], [-104.987904, 39.954188], [-104.987875, 39.952473], [-104.987872, 39.952279], [-104.98785, 39.949952], [-104.987863, 39.948122], [-104.987853, 39.946886], [-104.987849, 39.946435], [-104.987846, 39.946056], [-104.987819, 39.94482], [-104.98781, 39.944132], [-104.987799, 39.943073], [-104.987794, 39.942599], [-104.987777, 39.940818], [-104.987767, 39.939444], [-104.987759, 39.938277], [-104.987755, 39.937622], [-104.987751, 39.93734], [-104.987724, 39.935366], [-104.987715, 39.934343], [-104.987717, 39.934175], [-104.987686, 39.931235], [-104.987665, 39.929813], [-104.987642, 39.928542], [-104.98765, 39.927569], [-104.987631, 39.925976], [-104.987596, 39.921319], [-104.987603, 39.920912], [-104.987615, 39.92067], [-104.987675, 39.919989], [-104.987762, 39.919331], [-104.987861, 39.918761], [-104.987942, 39.918343], [-104.988118, 39.917702], [-104.988249, 39.917301], [-104.988422, 39.916806], [-104.988571, 39.916414], [-104.989428, 39.914482], [-104.989613, 39.914065], [-104.989682, 39.913917], [-104.989864, 39.91347], [-104.990013, 39.913014], [-104.990194, 39.912393], [-104.990338, 39.911766], [-104.990382, 39.911543], [-104.990421, 39.911294], [-104.99047, 39.910798], [-104.990491, 39.91061], [-104.990529, 39.910276], [-104.990572, 39.90975], [-104.990585, 39.909428], [-104.990601, 39.909174], [-104.990605, 39.909116], [-104.99059, 39.908744], [-104.990583, 39.908352], [-104.990546, 39.907912], [-104.990514, 39.907663], [-104.990243, 39.90616], [-104.990138, 39.905728], [-104.989985, 39.905216], [-104.989865, 39.904859], [-104.989726, 39.904468], [-104.989633, 39.904235], [-104.989215, 39.903333], [-104.989151, 39.903195], [-104.988909, 39.902692], [-104.988723, 39.902322], [-104.988635, 39.902136], [-104.988479, 39.901755], [-104.988409, 39.901583], [-104.988219, 39.901091], [-104.988086, 39.900686], [-104.987938, 39.900206], [-104.987805, 39.899701], [-104.987745, 39.899462], [-104.987639, 39.898931], [-104.987585, 39.89855], [-104.987511, 39.897931], [-104.987506, 39.897887], [-104.987486, 39.897614], [-104.987476, 39.897297], [-104.987454, 39.893307], [-104.98744, 39.891302], [-104.987437, 39.890776], [-104.987431, 39.889915], [-104.987428, 39.888364], [-104.987428, 39.888252], [-104.987424, 39.886926], [-104.987422, 39.885338], [-104.987422, 39.885174], [-104.987435, 39.883808], [-104.98744, 39.883144], [-104.987448, 39.882219], [-104.987422, 39.881307], [-104.987419, 39.881172], [-104.987415, 39.880992], [-104.987411, 39.880734], [-104.987436, 39.879493], [-104.987436, 39.87828], [-104.987437, 39.874898], [-104.987438, 39.874326], [-104.987438, 39.873989], [-104.987442, 39.872718], [-104.987447, 39.871299], [-104.987447, 39.868168], [-104.98745, 39.868097], [-104.98745, 39.868031], [-104.987448, 39.86756], [-104.987439, 39.867135], [-104.987454, 39.866749], [-104.987445, 39.866306], [-104.987453, 39.865719], [-104.98745, 39.865061], [-104.987454, 39.862679], [-104.987445, 39.861886], [-104.987451, 39.861452], [-104.987434, 39.860609], [-104.987436, 39.859747], [-104.987432, 39.859314], [-104.987403, 39.858673], [-104.987348, 39.858134], [-104.9873, 39.857799], [-104.987236, 39.85745], [-104.987143, 39.857009], [-104.987094, 39.856689], [-104.987036, 39.856445], [-104.987015, 39.856311], [-104.987002, 39.856234], [-104.986992, 39.856171], [-104.986763, 39.855066], [-104.986624, 39.85439], [-104.986485, 39.853812], [-104.986425, 39.853595], [-104.98633, 39.853159], [-104.986243, 39.852752], [-104.986233, 39.852705], [-104.986203, 39.852572], [-104.986191, 39.852519], [-104.986117, 39.85216], [-104.986113, 39.852135], [-104.986094, 39.852038], [-104.98596, 39.851327], [-104.985869, 39.850889], [-104.985678, 39.850047], [-104.985471, 39.849073], [-104.985444, 39.848951], [-104.985169, 39.847696], [-104.985119, 39.847435], [-104.984707, 39.845536], [-104.984669, 39.845379], [-104.984599, 39.845083], [-104.984433, 39.844367], [-104.984191, 39.843263], [-104.984086, 39.842748], [-104.983962, 39.842175], [-104.983881, 39.841764], [-104.983875, 39.841735], [-104.98387, 39.841708], [-104.983766, 39.841094], [-104.983701, 39.840542], [-104.983668, 39.840104], [-104.983552, 39.838299], [-104.98343, 39.83604], [-104.983394, 39.835568], [-104.983342, 39.835049], [-104.983294, 39.834499], [-104.983277, 39.834342], [-104.983253, 39.834126], [-104.983153, 39.833619], [-104.983027, 39.833062], [-104.982903, 39.832632], [-104.98272, 39.832101], [-104.982616, 39.83184], [-104.982252, 39.831008], [-104.982198, 39.830881], [-104.982166, 39.830807], [-104.982135, 39.830733], [-104.981842, 39.830079], [-104.98181, 39.830005], [-104.981549, 39.82927], [-104.981456, 39.828958], [-104.981431, 39.828872], [-104.981379, 39.828649], [-104.981315, 39.828298], [-104.981299, 39.828209], [-104.981283, 39.828075], [-104.981262, 39.827907], [-104.98126, 39.827882], [-104.981253, 39.827805], [-104.981238, 39.827617], [-104.981237, 39.82743], [-104.981234, 39.827156], [-104.981249, 39.826858], [-104.981301, 39.826404], [-104.981406, 39.825869], [-104.981467, 39.825619], [-104.981542, 39.825366], [-104.981938, 39.824175], [-104.982084, 39.823757], [-104.982134, 39.823614], [-104.982369, 39.8229], [-104.982457, 39.82247], [-104.982481, 39.822173], [-104.982513, 39.821282], [-104.982516, 39.821189], [-104.98252, 39.82109], [-104.98261, 39.818578], [-104.982614, 39.818464], [-104.982631, 39.817957], [-104.98264, 39.817685], [-104.982662, 39.817012], [-104.982736, 39.814795], [-104.982767, 39.812763], [-104.982771, 39.812518], [-104.98274, 39.811956], [-104.982739, 39.811939], [-104.982755, 39.811388], [-104.982795, 39.809155], [-104.982837, 39.806775], [-104.98291, 39.805776], [-104.982932, 39.805629], [-104.982951, 39.805498], [-104.982974, 39.80535], [-104.983029, 39.805088], [-104.983036, 39.805054], [-104.983081, 39.804895], [-104.983147, 39.804661], [-104.983245, 39.804337], [-104.983344, 39.804047], [-104.983448, 39.803784], [-104.98354, 39.803571], [-104.983791, 39.80304], [-104.983855, 39.802918], [-104.98409, 39.802472], [-104.984433, 39.801862], [-104.984559, 39.801636], [-104.985061, 39.800654], [-104.985702, 39.799375], [-104.98622, 39.798278], [-104.986251, 39.798211], [-104.986875, 39.796924], [-104.987093, 39.796316], [-104.987236, 39.79587], [-104.987456, 39.795129], [-104.987613, 39.794484], [-104.987813, 39.793582], [-104.988127, 39.792315], [-104.988409, 39.791086], [-104.988421, 39.791036]]}}, {"type": "Feature", "properties": {"LINEARID": "11019627111070", "FULLNAME": "US Hwy 287", "RTTYP": "U", "MTFCC": "S1200"}, "geometry": {"type": "LineString", "coordinates": [[-105.025303, 39.793963], [-105.025313, 39.79473], [-105.025324, 39.795885], [-105.025333, 39.796543], [-105.025352, 39.797003], [-105.025372, 39.797297], [-105.025378, 39.797683], [-105.025388, 39.798347], [-105.025391, 39.798489], [-105.025403, 39.799008], [-105.025403, 39.799034], [-105.025392, 39.799731], [-105.025409, 39.800343], [-105.025408, 39.800448], [-105.025408, 39.800566], [-105.025409, 39.800668], [-105.025407, 39.801025], [-105.025392, 39.801387], [-105.025406, 39.802299], [-105.025393, 39.80315], [-105.025393, 39.803798], [-105.025393, 39.803845], [-105.025393, 39.80406], [-105.025392, 39.804468], [-105.025392, 39.804797], [-105.025393, 39.805094], [-105.025393, 39.80517], [-105.025393, 39.805244], [-105.025398, 39.807265], [-105.025381, 39.808739], [-105.025384, 39.809254], [-105.02539, 39.810548], [-105.025395, 39.811023], [-105.025389, 39.812219], [-105.025386, 39.812825], [-105.025364, 39.813722], [-105.025351, 39.814116], [-105.025335, 39.814635], [-105.02532, 39.81555], [-105.025311, 39.81584], [-105.025299, 39.816464], [-105.025279, 39.817157], [-105.025258, 39.81825], [-105.025241, 39.818612], [-105.025188, 39.819741], [-105.025162, 39.820015], [-105.025159, 39.820243], [-105.025152, 39.820677], [-105.02515, 39.820811], [-105.025133, 39.821943], [-105.025128, 39.822267], [-105.025124, 39.822567], [-105.025122, 39.822656], [-105.025104, 39.823567], [-105.025084, 39.82467], [-105.025072, 39.8253], [-105.025044, 39.826293], [-105.025012, 39.827271], [-105.025026, 39.828016], [-105.02503, 39.828832], [-105.025027, 39.830021], [-105.025008, 39.830862], [-105.025008, 39.830899], [-105.025003, 39.83161], [-105.024997, 39.832753], [-105.025006, 39.833354], [-105.025005, 39.833867], [-105.025005, 39.834529], [-105.025006, 39.83457], [-105.025012, 39.834982], [-105.025, 39.83553], [-105.025002, 39.835894], [-105.025003, 39.836063], [-105.025004, 39.836258], [-105.025005, 39.836432], [-105.02501, 39.83725], [-105.025012, 39.838543], [-105.024993, 39.839211], [-105.024962, 39.840001], [-105.024954, 39.840411], [-105.024948, 39.841326], [-105.024932, 39.841788], [-105.024932, 39.842383], [-105.024933, 39.842973], [-105.024931, 39.843598], [-105.024916, 39.845378], [-105.024914, 39.846378], [-105.024919, 39.847025], [-105.024927, 39.847224], [-105.024938, 39.847941], [-105.024957, 39.848598], [-105.02496, 39.848981], [-105.02496, 39.849028], [-105.024961, 39.849074], [-105.024968, 39.84992], [-105.024971, 39.850737], [-105.024986, 39.852635], [-105.024998, 39.854424], [-105.025, 39.855034], [-105.025017, 39.855602], [-105.025053, 39.856275], [-105.025077, 39.856993], [-105.02512, 39.85989], [-105.025121, 39.860782], [-105.025134, 39.86169], [-105.025142, 39.862597], [-105.025149, 39.863491], [-105.025162, 39.864746], [-105.025171, 39.865142], [-105.025174, 39.865588], [-105.025171, 39.865926], [-105.025137, 39.867055], [-105.025122, 39.868706], [-105.025132, 39.869334], [-105.025134, 39.870011], [-105.025154, 39.870813], [-105.025233, 39.871735], [-105.025246, 39.871973], [-105.025248, 39.872171], [-105.025252, 39.872376], [-105.025249, 39.872782], [-105.025241, 39.875093], [-105.025245, 39.875196], [-105.025212, 39.878334], [-105.025199, 39.879651], [-105.025233, 39.882058], [-105.025205, 39.884322], [-105.025177, 39.885051], [-105.025175, 39.885128], [-105.025171, 39.885212], [-105.025165, 39.886817], [-105.025154, 39.888357], [-105.025145, 39.889726], [-105.025134, 39.890384], [-105.025132, 39.890783], [-105.025124, 39.892033], [-105.025127, 39.892526], [-105.025123, 39.893074], [-105.02512, 39.893455], [-105.025073, 39.899625], [-105.025079, 39.901908], [-105.02511, 39.905428], [-105.025112, 39.905623], [-105.025112, 39.905963], [-105.025076, 39.906797], [-105.025056, 39.906956], [-105.025038, 39.907144], [-105.025001, 39.907717], [-105.024996, 39.908272], [-105.025, 39.908484], [-105.024998, 39.909528], [-105.024993, 39.910234], [-105.025011, 39.910755], [-105.025018, 39.911111], [-105.025012, 39.911654], [-105.024971, 39.912462]]}}, {"type": "Feature", "properties": {"LINEARID": "1106039344991", "FULLNAME": "Federal Pkwy", "RTTYP": "M", "MTFCC": "S1400"}, "geometry": {"type": "LineString", "coordinates": [[-105.024981, 39.91423], [-105.025065, 39.914523], [-105.025056, 39.915114], [-105.02503, 39.91527], [-105.024994, 39.915411], [-105.024611, 39.91606], [-105.02442, 39.916306], [-105.024136, 39.916554], [-105.023751, 39.9168], [-105.023039, 39.917129], [-105.022394, 39.917278], [-105.021043, 39.917614], [-105.019839, 39.917893], [-105.019523, 39.917978], [-105.015681, 39.918872], [-105.015197, 39.91911], [-105.014989, 39.919221], [-105.014746, 39.919371], [-105.014599, 39.919474], [-105.014468, 39.91958], [-105.014299, 39.919744], [-105.014084, 39.919979], [-105.013964, 39.920133], [-105.01385, 39.920321], [-105.013779, 39.920452], [-105.013705, 39.920626], [-105.013659, 39.92077], [-105.013652, 39.920795], [-105.01362, 39.920924], [-105.013583, 39.921123], [-105.01358, 39.921161], [-105.01357, 39.921278], [-105.013569, 39.921433], [-105.013574, 39.921577], [-105.013587, 39.921693], [-105.013644, 39.921923], [-105.013733, 39.922198], [-105.013797, 39.922349], [-105.013868, 39.922494], [-105.013969, 39.92266], [-105.014057, 39.922783], [-105.014327, 39.923097], [-105.014648, 39.923472], [-105.015212, 39.924165], [-105.015228, 39.924189], [-105.015245, 39.924209], [-105.015313, 39.924297], [-105.015375, 39.924396], [-105.015399, 39.924435], [-105.015456, 39.924555], [-105.015507, 39.924703], [-105.015537, 39.924855]]}}, {"type": "Feature", "properties": {"LINEARID": "1104323075545", "FULLNAME": "US Hwy 287", "RTTYP": "U", "MTFCC": "S1200"}, "geometry": {"type": "LineString", "coordinates": [[-105.02498, 39.914118], [-105.025531, 39.914127], [-105.025738, 39.914131], [-105.026524, 39.914128], [-105.027539, 39.914121], [-105.028625, 39.914107], [-105.029854, 39.914094], [-105.030661, 39.914086], [-105.034353, 39.914056], [-105.035242, 39.914064], [-105.037547, 39.914056], [-105.040005, 39.914038], [-105.041735, 39.914045], [-105.042461, 39.914048], [-105.043849, 39.914045], [-105.044386, 39.914048], [-105.046217, 39.914058], [-105.04644, 39.914059], [-105.048492, 39.914062], [-105.050618, 39.914059], [-105.052889, 39.914077]]}}, {"type": "Feature", "properties": {"LINEARID": "110706502339", "FULLNAME": "Federal Blvd", "RTTYP": "M", "MTFCC": "S1200"}, "geometry": {"type": "LineString", "coordinates": [[-105.024971, 39.912462], [-105.024974, 39.912899], [-105.024971, 39.913386], [-105.024977, 39.91362], [-105.02498, 39.914118], [-105.024981, 39.91423]]}}, {"type": "Feature", "properties": {"LINEARID": "110706500542", "FULLNAME": "Lowell Dr", "RTTYP": "M", "MTFCC": "S1400"}, "geometry": {"type": "LineString", "coordinates": [[-105.03453, 39.889623], [-105.034512, 39.889768]]}}, {"type": "Feature", "properties": {"LINEARID": "1102868868571", "FULLNAME": "Lowell Blvd", "RTTYP": "M", "MTFCC": "S1400"}, "geometry": {"type": "LineString", "coordinates": [[-105.034355, 39.911535], [-105.034354, 39.912147], [-105.034353, 39.912775], [-105.034353, 39.912827], [-105.034353, 39.913403], [-105.034353, 39.914056], [-105.034349, 39.914125], [-105.034347, 39.914181]]}}, {"type": "Feature", "properties": {"LINEARID": "1104287844120", "FULLNAME": "State Hwy 224", "RTTYP": "S", "MTFCC": "S1200"}, "geometry": {"type": "LineString", "coordinates": [[-104.972918, 39.824658], [-104.97283, 39.824692], [-104.970891, 39.825356], [-104.96976, 39.825742], [-104.969252, 39.825918], [-104.96918, 39.825943], [-104.968786, 39.82608], [-104.968647, 39.826128], [-104.968407, 39.826211], [-104.968272, 39.826258], [-104.968084, 39.826319], [-104.967941, 39.826364], [-104.967468, 39.82653], [-104.966717, 39.826785], [-104.966136, 39.826985], [-104.964424, 39.827575], [-104.963884, 39.827739], [-104.963418, 39.827875], [-104.962783, 39.828036], [-104.961477, 39.828338], [-104.960261, 39.828634], [-104.959141, 39.828898], [-104.958421, 39.829071], [-104.957432, 39.829327], [-104.956446, 39.829592], [-104.955621, 39.829834], [-104.954373, 39.830168], [-104.954274, 39.830195], [-104.953761, 39.830306], [-104.953356, 39.830385], [-104.952809, 39.830482], [-104.952202, 39.830571], [-104.951868, 39.830616], [-104.951418, 39.830671], [-104.950877, 39.830726], [-104.950627, 39.830739], [-104.950372, 39.830746], [-104.948611, 39.830746], [-104.948161, 39.830746], [-104.947711, 39.830746], [-104.947091, 39.830746], [-104.94684, 39.830749]]}}, {"type": "Feature", "properties": {"LINEARID": "1108296281844", "FULLNAME": "US Hwy 36", "RTTYP": "U", "MTFCC": "S1100"}, "geometry": {"type": "LineString", "coordinates": [[-104.903479, 39.786798], [-104.903522, 39.786859], [-104.903797, 39.787216], [-104.903909, 39.787343], [-104.904117, 39.787565], [-104.904378, 39.787806], [-104.90453, 39.787935], [-104.904631, 39.788016], [-104.905339, 39.788506], [-104.90978, 39.791027], [-104.910075, 39.791184], [-104.910498, 39.791441], [-104.910765, 39.791586], [-104.911131, 39.791795], [-104.912306, 39.792476], [-104.912883, 39.792795], [-104.913132, 39.792937], [-104.913338, 39.793055], [-104.913834, 39.793317], [-104.914105, 39.793451], [-104.914575, 39.793656], [-104.914799, 39.793744], [-104.915033, 39.793829], [-104.915477, 39.793975], [-104.915699, 39.79404], [-104.915982, 39.794115], [-104.916231, 39.794175], [-104.916512, 39.794232], [-104.916877, 39.794299], [-104.917278, 39.794362], [-104.917828, 39.794419], [-104.918167, 39.794443], [-104.918604, 39.794463], [-104.919049, 39.79447], [-104.920118, 39.794468], [-104.920865, 39.794477], [-104.921711, 39.794502], [-104.922451, 39.794559], [-104.922817, 39.794597], [-104.923112, 39.794635], [-104.923507, 39.794695], [-104.923878, 39.794757], [-104.924261, 39.794831], [-104.9247, 39.79493], [-104.925249, 39.795074], [-104.925737, 39.795207], [-104.926105, 39.795322], [-104.926529, 39.795473], [-104.927025, 39.795658], [-104.927498, 39.795854], [-104.927893, 39.796034], [-104.928261, 39.796218], [-104.928731, 39.796471], [-104.929002, 39.796631], [-104.929396, 39.796871], [-104.929801, 39.797136], [-104.930288, 39.797489], [-104.930872, 39.797956], [-104.930943, 39.798014], [-104.932171, 39.799006], [-104.933042, 39.799682], [-104.933295, 39.79989], [-104.933426, 39.799997], [-104.93372, 39.80024], [-104.933881, 39.800381], [-104.93439, 39.800803], [-104.936013, 39.802116], [-104.937689, 39.803462], [-104.937751, 39.803512], [-104.937891, 39.803626], [-104.938529, 39.804143], [-104.940852, 39.805895], [-104.940891, 39.805925], [-104.94101, 39.806014], [-104.94133, 39.806253], [-104.941517, 39.806393], [-104.942179, 39.806884], [-104.94269, 39.807284], [-104.943679, 39.808026], [-104.945443, 39.809374], [-104.946552, 39.810213], [-104.948975, 39.812033], [-104.949142, 39.812159], [-104.949232, 39.812228], [-104.949317, 39.812292], [-104.949885, 39.812723], [-104.951152, 39.813687], [-104.95128, 39.813784], [-104.951401, 39.813866], [-104.951484, 39.813922], [-104.951514, 39.813942], [-104.9516, 39.814], [-104.951642, 39.814032], [-104.951735, 39.814104], [-104.951797, 39.814155], [-104.952099, 39.814399], [-104.954343, 39.816098], [-104.955641, 39.817084], [-104.956567, 39.817775], [-104.958107, 39.818956], [-104.959214, 39.819791], [-104.960742, 39.820929], [-104.963977, 39.823267], [-104.964115, 39.823366], [-104.964287, 39.823518], [-104.964434, 39.823626], [-104.96457, 39.823724], [-104.964724, 39.823833], [-104.964908, 39.823963], [-104.965504, 39.824382], [-104.965984, 39.824684], [-104.96666, 39.825067], [-104.967049, 39.825285], [-104.967238, 39.825379], [-104.967343, 39.825431], [-104.967478, 39.825494], [-104.967938, 39.825691], [-104.968786, 39.82608], [-104.969491, 39.826361], [-104.970131, 39.826563], [-104.970884, 39.826758], [-104.971939, 39.827008], [-104.972795, 39.827183], [-104.973413, 39.827271], [-104.973684, 39.82731], [-104.97443, 39.827362], [-104.976399, 39.827407], [-104.977944, 39.827429], [-104.978683, 39.827429], [-104.980782, 39.82743], [-104.980817, 39.82743], [-104.980861, 39.82743], [-104.981237, 39.82743], [-104.981347, 39.82743], [-104.982285, 39.827414], [-104.982446, 39.827411], [-104.982807, 39.827415], [-104.983159, 39.827419], [-104.983233, 39.82742], [-104.983893, 39.827425], [-104.984123, 39.82744], [-104.984462, 39.827451], [-104.984519, 39.827454], [-104.985109, 39.827474], [-104.986667, 39.827482], [-104.987214, 39.82747], [-104.987363, 39.827465], [-104.987685, 39.827452], [-104.988807, 39.827456], [-104.989548, 39.827449], [-104.991452, 39.827452], [-104.992939, 39.827464], [-104.993652, 39.827478], [-104.994189, 39.827515], [-104.994807, 39.827576], [-104.995367, 39.827657], [-104.995559, 39.827689], [-104.995998, 39.827775], [-104.996185, 39.827815], [-104.996699, 39.827936], [-104.9968, 39.827961], [-104.997237, 39.828074], [-104.997289, 39.828088], [-104.997461, 39.828132], [-104.998231, 39.828354], [-104.998849, 39.828532], [-104.999288, 39.828658], [-105.000062, 39.828873], [-105.000203, 39.828915], [-105.00258, 39.829566], [-105.003807, 39.829923], [-105.004075, 39.830001], [-105.005629, 39.83046], [-105.006031, 39.830575], [-105.006224, 39.83063], [-105.006969, 39.830836], [-105.011346, 39.832101], [-105.012538, 39.832446], [-105.014104, 39.832893], [-105.015504, 39.833301], [-105.016033, 39.833453], [-105.016811, 39.833677], [-105.017971, 39.834021], [-105.019237, 39.834385], [-105.020324, 39.834706], [-105.021269, 39.834999], [-105.022074, 39.835232], [-105.023412, 39.835606], [-105.023645, 39.835668], [-105.024781, 39.836004], [-105.025003, 39.836063], [-105.026586, 39.836498], [-105.027554, 39.836779], [-105.03034, 39.837556], [-105.031358, 39.837851], [-105.031774, 39.837971], [-105.032218, 39.838117], [-105.032765, 39.838305], [-105.033725, 39.838644], [-105.034288, 39.838878], [-105.034474, 39.838955], [-105.035076, 39.839221], [-105.035737, 39.839552], [-105.036537, 39.840001], [-105.036919, 39.840224], [-105.037373, 39.840504], [-105.03783, 39.840786], [-105.038352, 39.841153], [-105.039046, 39.841676], [-105.039281, 39.841862], [-105.039625, 39.842139], [-105.039692, 39.842199], [-105.039888, 39.842377], [-105.04025, 39.842705], [-105.041016, 39.843432], [-105.041528, 39.843936], [-105.042738, 39.845123], [-105.04289, 39.845271], [-105.043529, 39.845892], [-105.043744, 39.846107], [-105.044571, 39.846915], [-105.04493, 39.847274], [-105.045306, 39.847649], [-105.04602, 39.848349], [-105.046251, 39.848582], [-105.046638, 39.84896], [-105.047803, 39.850098], [-105.048614, 39.850898], [-105.049346, 39.851644], [-105.050001, 39.852358], [-105.050764, 39.853239], [-105.051248, 39.853837], [-105.0518, 39.854554], [-105.052241, 39.855163], [-105.05234, 39.855305], [-105.052816, 39.855986], [-105.052867, 39.856068], [-105.053289, 39.856764]]}}, {"type": "Feature", "properties": {"LINEARID": "1108475816103", "FULLNAME": "Lowell Way", "RTTYP": "M", "MTFCC": "S1400"}, "geometry": {"type": "LineString", "coordinates": [[-105.035106, 39.857382], [-105.035106, 39.857481], [-105.035106, 39.857654]]}}, {"type": "Feature", "properties": {"LINEARID": "1104287844081", "FULLNAME": "State Hwy 224", "RTTYP": "S", "MTFCC": "S1200"}, "geometry": {"type": "LineString", "coordinates": [[-104.98743, 39.823572], [-104.986494, 39.823576], [-104.98598, 39.823578], [-104.984281, 39.823608], [-104.983426, 39.823618], [-104.983256, 39.823619], [-104.98317, 39.82362], [-104.982946, 39.823623], [-104.982822, 39.823621], [-104.982619, 39.823619], [-104.982335, 39.823616], [-104.982134, 39.823614], [-104.981802, 39.823609], [-104.98166, 39.823605], [-104.9814, 39.823598], [-104.98119, 39.823597], [-104.98096, 39.823589], [-104.977978, 39.823613], [-104.976983, 39.823599], [-104.976559, 39.823615], [-104.97621, 39.823644], [-104.975973, 39.823671], [-104.975365, 39.823774], [-104.975158, 39.823822], [-104.974895, 39.823889], [-104.974646, 39.823962], [-104.974428, 39.824032], [-104.973927, 39.824212], [-104.973673, 39.824312], [-104.973426, 39.824427], [-104.973029, 39.824588], [-104.972918, 39.824658]]}}, {"type": "Feature", "properties": {"LINEARID": "1102521617447", "FULLNAME": "US Hwy 287", "RTTYP": "U", "MTFCC": "S1200"}, "geometry": {"type": "LineString", "coordinates": [[-105.034347, 39.914181], [-105.035888, 39.914185], [-105.038828, 39.914194], [-105.03907, 39.914195], [-105.04141, 39.914202], [-105.041736, 39.914204], [-105.041978, 39.914205], [-105.042992, 39.914208], [-105.043478, 39.914209], [-105.043688, 39.91421], [-105.04378, 39.914211], [-105.043844, 39.914211], [-105.043974, 39.914211], [-105.044107, 39.914212], [-105.044184, 39.914212], [-105.044385, 39.914212], [-105.044561, 39.914213], [-105.046209, 39.914219], [-105.046441, 39.91422], [-105.047715, 39.914227], [-105.048234, 39.914218], [-105.048362, 39.914216], [-105.048544, 39.914214], [-105.048698, 39.914216], [-105.04876, 39.914217], [-105.049654, 39.914218], [-105.052892, 39.914224]]}}, {"type": "Feature", "properties": {"LINEARID": "110706500560", "FULLNAME": "Lowell Way", "RTTYP": "M", "MTFCC": "S1400"}, "geometry": {"type": "LineString", "coordinates": [[-105.036408, 39.878512], [-105.036316, 39.878587], [-105.036223, 39.878683], [-105.035926, 39.879056], [-105.035591, 39.879463], [-105.035424, 39.879664], [-105.035311, 39.879793], [-105.035263, 39.879867], [-105.035233, 39.879931], [-105.035201, 39.880023], [-105.035183, 39.880126], [-105.035182, 39.880519], [-105.035206, 39.880755], [-105.035225, 39.880843], [-105.035274, 39.880959], [-105.03533, 39.881042]]}}, {"type": "Feature", "properties": {"LINEARID": "1106039346311", "FULLNAME": "US Hwy 87", "RTTYP": "U", "MTFCC": "S1100"}, "geometry": {"type": "LineString", "coordinates": [[-104.988421, 39.791036], [-104.988409, 39.791086], [-104.988127, 39.792315], [-104.987813, 39.793582], [-104.987613, 39.794484], [-104.987456, 39.795129], [-104.987236, 39.79587], [-104.987093, 39.796316], [-104.986875, 39.796924], [-104.986251, 39.798211], [-104.98622, 39.798278], [-104.985702, 39.799375], [-104.985061, 39.800654], [-104.984559, 39.801636], [-104.984433, 39.801862], [-104.98409, 39.802472], [-104.983855, 39.802918], [-104.983791, 39.80304], [-104.98354, 39.803571], [-104.983448, 39.803784], [-104.983344, 39.804047], [-104.983245, 39.804337], [-104.983147, 39.804661], [-104.983081, 39.804895], [-104.983036, 39.805054], [-104.983029, 39.805088], [-104.982974, 39.80535], [-104.982951, 39.805498], [-104.982932, 39.805629], [-104.98291, 39.805776], [-104.982837, 39.806775], [-104.982795, 39.809155], [-104.982755, 39.811388], [-104.982739, 39.811939], [-104.98274, 39.811956], [-104.982771, 39.812518], [-104.982767, 39.812763], [-104.982736, 39.814795], [-104.982662, 39.817012], [-104.98264, 39.817685], [-104.982631, 39.817957], [-104.982614, 39.818464], [-104.98261, 39.818578], [-104.98252, 39.82109], [-104.982516, 39.821189], [-104.982513, 39.821282], [-104.982481, 39.822173], [-104.982457, 39.82247], [-104.982369, 39.8229], [-104.982134, 39.823614], [-104.982084, 39.823757], [-104.981938, 39.824175], [-104.981542, 39.825366], [-104.981467, 39.825619], [-104.981406, 39.825869], [-104.981301, 39.826404], [-104.981249, 39.826858], [-104.981234, 39.827156], [-104.981237, 39.82743], [-104.981238, 39.827617], [-104.981253, 39.827805], [-104.98126, 39.827882], [-104.981262, 39.827907], [-104.981283, 39.828075], [-104.981299, 39.828209], [-104.981315, 39.828298], [-104.981379, 39.828649], [-104.981431, 39.828872], [-104.981456, 39.828958], [-104.981549, 39.82927], [-104.98181, 39.830005], [-104.981842, 39.830079], [-104.982135, 39.830733], [-104.982166, 39.830807], [-104.982198, 39.830881], [-104.982252, 39.831008], [-104.982616, 39.83184], [-104.98272, 39.832101], [-104.982903, 39.832632], [-104.983027, 39.833062], [-104.983153, 39.833619], [-104.983253, 39.834126], [-104.983277, 39.834342], [-104.983294, 39.834499], [-104.983342, 39.835049], [-104.983394, 39.835568], [-104.98343, 39.83604], [-104.983552, 39.838299], [-104.983668, 39.840104], [-104.983701, 39.840542], [-104.983766, 39.841094], [-104.98387, 39.841708], [-104.983875, 39.841735], [-104.983881, 39.841764], [-104.983962, 39.842175], [-104.984086, 39.842748], [-104.984191, 39.843263], [-104.984433, 39.844367], [-104.984599, 39.845083], [-104.984669, 39.845379], [-104.984707, 39.845536], [-104.985119, 39.847435], [-104.985169, 39.847696], [-104.985444, 39.848951], [-104.985471, 39.849073], [-104.985678, 39.850047], [-104.985869, 39.850889], [-104.98596, 39.851327], [-104.986094, 39.852038], [-104.986113, 39.852135], [-104.986117, 39.85216], [-104.986191, 39.852519], [-104.986203, 39.852572], [-104.986233, 39.852705], [-104.986243, 39.852752], [-104.98633, 39.853159], [-104.986425, 39.853595], [-104.986485, 39.853812], [-104.986624, 39.85439], [-104.986763, 39.855066], [-104.986992, 39.856171], [-104.987002, 39.856234], [-104.987015, 39.856311], [-104.987036, 39.856445], [-104.987094, 39.856689], [-104.987143, 39.857009], [-104.987236, 39.85745], [-104.9873, 39.857799], [-104.987348, 39.858134], [-104.987403, 39.858673], [-104.987432, 39.859314], [-104.987436, 39.859747], [-104.987434, 39.860609], [-104.987451, 39.861452], [-104.987445, 39.861886], [-104.987454, 39.862679], [-104.98745, 39.865061], [-104.987453, 39.865719], [-104.987445, 39.866306], [-104.987454, 39.866749], [-104.987439, 39.867135], [-104.987448, 39.86756], [-104.98745, 39.868031], [-104.98745, 39.868097], [-104.987447, 39.868168], [-104.987447, 39.871299], [-104.987442, 39.872718], [-104.987438, 39.873989], [-104.987438, 39.874326], [-104.987437, 39.874898], [-104.987436, 39.87828], [-104.987436, 39.879493], [-104.987411, 39.880734], [-104.987415, 39.880992], [-104.987419, 39.881172], [-104.987422, 39.881307], [-104.987448, 39.882219], [-104.98744, 39.883144], [-104.987435, 39.883808], [-104.987422, 39.885174], [-104.987422, 39.885338], [-104.987424, 39.886926], [-104.987428, 39.888252], [-104.987428, 39.888364], [-104.987431, 39.889915], [-104.987437, 39.890776], [-104.98744, 39.891302], [-104.987454, 39.893307], [-104.987476, 39.897297], [-104.987486, 39.897614], [-104.987506, 39.897887], [-104.987511, 39.897931], [-104.987585, 39.89855], [-104.987639, 39.898931], [-104.987745, 39.899462], [-104.987805, 39.899701], [-104.987938, 39.900206], [-104.988086, 39.900686], [-104.988219, 39.901091], [-104.988409, 39.901583], [-104.988479, 39.901755], [-104.988635, 39.902136], [-104.988723, 39.902322], [-104.988909, 39.902692], [-104.989151, 39.903195], [-104.989215, 39.903333], [-104.989633, 39.904235], [-104.989726, 39.904468], [-104.989865, 39.904859], [-104.989985, 39.905216], [-104.990138, 39.905728], [-104.990243, 39.90616], [-104.990514, 39.907663], [-104.990546, 39.907912], [-104.990583, 39.908352], [-104.99059, 39.908744], [-104.990605, 39.909116], [-104.990601, 39.909174], [-104.990585, 39.909428], [-104.990572, 39.90975], [-104.990529, 39.910276], [-104.990491, 39.91061], [-104.99047, 39.910798], [-104.990421, 39.911294], [-104.990382, 39.911543], [-104.990338, 39.911766], [-104.990194, 39.912393], [-104.990013, 39.913014], [-104.989864, 39.91347], [-104.989682, 39.913917], [-104.989613, 39.914065], [-104.989428, 39.914482], [-104.988571, 39.916414], [-104.988422, 39.916806], [-104.988249, 39.917301], [-104.988118, 39.917702], [-104.987942, 39.918343], [-104.987861, 39.918761], [-104.987762, 39.919331], [-104.987675, 39.919989], [-104.987615, 39.92067], [-104.987603, 39.920912], [-104.987596, 39.921319], [-104.987631, 39.925976], [-104.98765, 39.927569], [-104.987642, 39.928542], [-104.987665, 39.929813], [-104.987686, 39.931235], [-104.987717, 39.934175], [-104.987715, 39.934343], [-104.987724, 39.935366], [-104.987751, 39.93734], [-104.987755, 39.937622], [-104.987759, 39.938277], [-104.987767, 39.939444], [-104.987777, 39.940818], [-104.987794, 39.942599], [-104.987799, 39.943073], [-104.98781, 39.944132], [-104.987819, 39.94482], [-104.987846, 39.946056], [-104.987849, 39.946435], [-104.987853, 39.946886], [-104.987863, 39.948122], [-104.98785, 39.949952], [-104.987872, 39.952279], [-104.987875, 39.952473], [-104.987904, 39.954188], [-104.987906, 39.954333], [-104.987935, 39.956117], [-104.987937, 39.957571], [-104.987961, 39.960401], [-104.987952, 39.961848], [-104.987966, 39.964423], [-104.98798, 39.966854], [-104.987998, 39.968128], [-104.98801, 39.971631], [-104.988011, 39.971789], [-104.98801, 39.971843], [-104.988001, 39.972241], [-104.988001, 39.972388], [-104.988002, 39.972633], [-104.988022, 39.975729], [-104.988023, 39.975752]]}}, {"type": "Feature", "properties": {"LINEARID": "1104469067021", "FULLNAME": "I- 25", "RTTYP": "I", "MTFCC": "S1100"}, "geometry": {"type": "LineString", "coordinates": [[-104.988174, 39.972176], [-104.98819, 39.975329], [-104.988192, 39.975748]]}}, {"type": "Feature", "properties": {"LINEARID": "1102219783890", "FULLNAME": "US Hwy 287", "RTTYP": "U", "MTFCC": "S1200"}, "geometry": {"type": "LineString", "coordinates": [[-105.025149, 39.794003], [-105.02515, 39.794729], [-105.025163, 39.795888], [-105.025168, 39.796546], [-105.025173, 39.797002], [-105.025179, 39.797682], [-105.025185, 39.798351], [-105.025196, 39.798906], [-105.025197, 39.799079], [-105.025198, 39.799206], [-105.02518, 39.799473], [-105.025177, 39.799796], [-105.025184, 39.800328], [-105.025194, 39.800505], [-105.025207, 39.800724], [-105.025211, 39.800803], [-105.025182, 39.801094], [-105.025182, 39.801444], [-105.025184, 39.802299], [-105.025187, 39.80311], [-105.025202, 39.80351], [-105.025203, 39.803786], [-105.025204, 39.803832], [-105.025205, 39.804047], [-105.025207, 39.80433], [-105.025206, 39.804463], [-105.025203, 39.804843], [-105.025204, 39.804924], [-105.025206, 39.805096], [-105.025206, 39.805161], [-105.025207, 39.805224], [-105.025213, 39.80581], [-105.025204, 39.808736], [-105.025203, 39.809253], [-105.025213, 39.810211], [-105.025217, 39.810561], [-105.025227, 39.811023], [-105.025232, 39.812248], [-105.025234, 39.812822], [-105.025201, 39.813722], [-105.025186, 39.814114], [-105.025172, 39.814631], [-105.025153, 39.815549], [-105.025148, 39.81584], [-105.025136, 39.816463], [-105.025122, 39.817155], [-105.025087, 39.818249], [-105.025076, 39.818608], [-105.025053, 39.819025], [-105.025032, 39.820015], [-105.025028, 39.82025], [-105.025021, 39.820612], [-105.025019, 39.820747], [-105.025003, 39.821943], [-105.025001, 39.822081], [-105.025, 39.822127], [-105.024996, 39.822487], [-105.024993, 39.822655], [-105.024966, 39.823564], [-105.024917, 39.824671], [-105.024908, 39.82499], [-105.024867, 39.825568], [-105.024826, 39.826292], [-105.024799, 39.827272], [-105.024799, 39.828097], [-105.024811, 39.828403], [-105.024833, 39.828671], [-105.02484, 39.828932], [-105.024829, 39.830018], [-105.024832, 39.830862], [-105.02483, 39.831197], [-105.024814, 39.831587], [-105.024813, 39.831655], [-105.024809, 39.832142], [-105.024794, 39.832982], [-105.024793, 39.833355], [-105.024786, 39.834621], [-105.024781, 39.835605], [-105.024781, 39.835828], [-105.024781, 39.836004], [-105.024782, 39.836195], [-105.024782, 39.83637], [-105.024782, 39.837522], [-105.024786, 39.83824], [-105.024787, 39.838541], [-105.024792, 39.839187], [-105.024784, 39.840297], [-105.024777, 39.840666], [-105.024782, 39.84107], [-105.024773, 39.841789], [-105.024772, 39.842089], [-105.024773, 39.842359], [-105.024771, 39.843006], [-105.024772, 39.843597], [-105.024757, 39.845182], [-105.024756, 39.845377], [-105.024763, 39.847208], [-105.024779, 39.848112], [-105.024817, 39.848981], [-105.02482, 39.849073], [-105.024833, 39.850737], [-105.024847, 39.85212], [-105.024848, 39.852638], [-105.024858, 39.854424], [-105.024858, 39.854751], [-105.024874, 39.855521], [-105.024918, 39.856274], [-105.024947, 39.857359], [-105.024948, 39.857931], [-105.024982, 39.859889], [-105.024983, 39.860782], [-105.024993, 39.861691], [-105.025004, 39.862598], [-105.025008, 39.863492], [-105.025035, 39.864969], [-105.025039, 39.865403], [-105.025035, 39.865925], [-105.024998, 39.867055], [-105.024998, 39.869333], [-105.025006, 39.87001], [-105.025015, 39.870815], [-105.025049, 39.871268], [-105.025098, 39.871766], [-105.025116, 39.872171], [-105.025113, 39.872781], [-105.0251, 39.875093], [-105.0251, 39.875146], [-105.025099, 39.875196], [-105.025097, 39.875581], [-105.025095, 39.875823], [-105.025093, 39.876145], [-105.02509, 39.876814], [-105.025082, 39.877526], [-105.025073, 39.878336], [-105.025061, 39.879651], [-105.025053, 39.882057], [-105.025042, 39.883672], [-105.025018, 39.88505], [-105.02502, 39.88513], [-105.02502, 39.885214], [-105.025017, 39.885987], [-105.025014, 39.886817], [-105.025008, 39.888358], [-105.024992, 39.890384], [-105.024991, 39.890479], [-105.024991, 39.890519], [-105.024989, 39.890764], [-105.024978, 39.892032], [-105.024976, 39.893143], [-105.024975, 39.893377], [-105.024975, 39.893585], [-105.02496, 39.896071], [-105.024939, 39.899625], [-105.024933, 39.901908], [-105.024957, 39.904854], [-105.024958, 39.905298], [-105.024959, 39.90559], [-105.024965, 39.905955], [-105.02495, 39.906357], [-105.024917, 39.906859], [-105.024904, 39.907068], [-105.024867, 39.90754], [-105.024859, 39.907718], [-105.024851, 39.908162], [-105.024853, 39.90848], [-105.024857, 39.909251], [-105.024858, 39.909383], [-105.024861, 39.909485], [-105.024873, 39.909832], [-105.024876, 39.909924], [-105.024903, 39.910498], [-105.024918, 39.910811], [-105.024917, 39.910965], [-105.024935, 39.91119], [-105.024941, 39.911654], [-105.024971, 39.912462]]}}, {"type": "Feature", "properties": {"LINEARID": "110706500533", "FULLNAME": "Lowell Ct", "RTTYP": "M", "MTFCC": "S1400"}, "geometry": {"type": "LineString", "coordinates": [[-105.034947, 39.886203], [-105.035211, 39.886214], [-105.035237, 39.886221], [-105.035264, 39.886234], [-105.035384, 39.886332], [-105.035407, 39.886358], [-105.035418, 39.886386], [-105.035421, 39.886467], [-105.035418, 39.886485], [-105.035398, 39.886507], [-105.035342, 39.886537], [-105.035217, 39.886559], [-105.035143, 39.886577], [-105.034965, 39.886638]]}}, {"type": "Feature", "properties": {"LINEARID": "110706500541", "FULLNAME": "Lowell Dr", "RTTYP": "M", "MTFCC": "S1400"}, "geometry": {"type": "LineString", "coordinates": [[-105.034512, 39.889768], [-105.0345, 39.889871], [-105.034507, 39.889967], [-105.034533, 39.890049], [-105.034602, 39.890156], [-105.034644, 39.890204], [-105.034736, 39.890277], [-105.034943, 39.890418], [-105.035059, 39.890537], [-105.035084, 39.89057], [-105.03514, 39.890693], [-105.035157, 39.890789], [-105.035168, 39.890903], [-105.035174, 39.890961], [-105.035197, 39.891089], [-105.035233, 39.891182], [-105.035296, 39.891281], [-105.035371, 39.891366], [-105.035394, 39.891392], [-105.035602, 39.891595], [-105.035685, 39.891653]]}}, {"type": "Feature", "properties": {"LINEARID": "110706500543", "FULLNAME": "Lowell Dr", "RTTYP": "M", "MTFCC": "S1400"}, "geometry": {"type": "LineString", "coordinates": [[-105.03453, 39.889623], [-105.034837, 39.889594], [-105.034871, 39.889597], [-105.034894, 39.889608], [-105.034926, 39.889647], [-105.034929, 39.889681], [-105.034924, 39.88971], [-105.034913, 39.889733], [-105.03489, 39.889755], [-105.034863, 39.889767], [-105.034784, 39.889775], [-105.034512, 39.889768]]}}, {"type": "Feature", "properties": {"LINEARID": "1106039346342", "FULLNAME": "US Hwy 87", "RTTYP": "U", "MTFCC": "S1100"}, "geometry": {"type": "LineString", "coordinates": [[-104.988848, 39.791036], [-104.988835, 39.791086], [-104.988488, 39.792636], [-104.988388, 39.793057], [-104.988147, 39.79415], [-104.98802, 39.794624], [-104.9879, 39.795105], [-104.987848, 39.795333], [-104.987776, 39.795618], [-104.987658, 39.795982], [-104.987494, 39.796438], [-104.987232, 39.797137], [-104.986881, 39.797986], [-104.986738, 39.79828], [-104.986532, 39.798706], [-104.985367, 39.80094], [-104.984905, 39.801854], [-104.984729, 39.802204], [-104.984625, 39.802392], [-104.984481, 39.802673], [-104.984392, 39.802835], [-104.98431, 39.803006], [-104.984211, 39.803213], [-104.984103, 39.803452], [-104.983876, 39.804009], [-104.983771, 39.804293], [-104.983616, 39.80484], [-104.983559, 39.805074], [-104.98347, 39.805434], [-104.983453, 39.805504], [-104.983435, 39.805579], [-104.983372, 39.80585], [-104.983347, 39.806024], [-104.983327, 39.80625], [-104.983297, 39.807089], [-104.983291, 39.809101], [-104.983289, 39.809154], [-104.983262, 39.810157], [-104.983272, 39.811618], [-104.983266, 39.812763], [-104.983256, 39.814744], [-104.983246, 39.816718], [-104.983244, 39.8171], [-104.983227, 39.817336], [-104.983218, 39.817475], [-104.983208, 39.817606], [-104.983173, 39.818102], [-104.983173, 39.818198], [-104.983173, 39.818304], [-104.983177, 39.820785], [-104.983178, 39.82091], [-104.983178, 39.821027], [-104.983173, 39.822725], [-104.98317, 39.82362], [-104.98317, 39.823698], [-104.983169, 39.823762], [-104.983164, 39.824447], [-104.983145, 39.825021], [-104.983134, 39.825902], [-104.983135, 39.826639], [-104.983135, 39.827023], [-104.983159, 39.827419], [-104.983168, 39.827587], [-104.983176, 39.827716], [-104.983181, 39.827791], [-104.983186, 39.827933], [-104.983196, 39.828046], [-104.983234, 39.828681], [-104.98326, 39.829107], [-104.983285, 39.829453], [-104.983315, 39.829985], [-104.983333, 39.830289], [-104.983367, 39.830885], [-104.983411, 39.831637], [-104.983444, 39.832321], [-104.983463, 39.83264], [-104.983525, 39.833685], [-104.983575, 39.83443], [-104.98358, 39.8345], [-104.983684, 39.836261], [-104.983776, 39.837716], [-104.983813, 39.8383], [-104.98382, 39.838522], [-104.983861, 39.839119], [-104.983916, 39.840033], [-104.983951, 39.84052], [-104.984031, 39.841153], [-104.98412, 39.841681], [-104.984129, 39.841736], [-104.984137, 39.841773], [-104.984261, 39.842371], [-104.984371, 39.84286], [-104.984585, 39.843871], [-104.984718, 39.844382], [-104.984781, 39.844673], [-104.984797, 39.844746], [-104.984831, 39.844901], [-104.984913, 39.845354], [-104.984918, 39.845379], [-104.984942, 39.845513], [-104.98501, 39.845854], [-104.985012, 39.845865], [-104.985683, 39.848953], [-104.98571, 39.849077], [-104.98585, 39.849747], [-104.985947, 39.850167], [-104.986052, 39.850683], [-104.986128, 39.851023], [-104.98626, 39.851561], [-104.98632, 39.851831], [-104.986393, 39.852157], [-104.986485, 39.852567], [-104.986513, 39.852697], [-104.986526, 39.852751], [-104.986733, 39.85375], [-104.986808, 39.854079], [-104.986895, 39.854467], [-104.986926, 39.854678], [-104.987023, 39.855168], [-104.987234, 39.856233], [-104.98725, 39.856309], [-104.987287, 39.856493], [-104.987391, 39.856954], [-104.987501, 39.857517], [-104.987581, 39.857955], [-104.987653, 39.858585], [-104.987692, 39.859515], [-104.987702, 39.860277], [-104.987705, 39.860499], [-104.987685, 39.861245], [-104.987684, 39.861709], [-104.987691, 39.862283], [-104.987683, 39.863921], [-104.987687, 39.864453], [-104.98768, 39.867996], [-104.987678, 39.868067], [-104.987679, 39.868138], [-104.987697, 39.871811], [-104.987691, 39.872709], [-104.987679, 39.874504], [-104.987676, 39.874881], [-104.987675, 39.874899], [-104.987675, 39.875227], [-104.987669, 39.878276], [-104.987666, 39.879494], [-104.987669, 39.880444], [-104.98767, 39.880581], [-104.98767, 39.880665], [-104.987651, 39.885177], [-104.98765, 39.885341], [-104.987654, 39.886635], [-104.987671, 39.888241], [-104.987672, 39.888309], [-104.987666, 39.889082], [-104.987669, 39.889921], [-104.987672, 39.890803], [-104.987673, 39.891315], [-104.987679, 39.893281], [-104.987699, 39.897037], [-104.987718, 39.897612], [-104.987728, 39.897755], [-104.987737, 39.897883], [-104.987794, 39.898389], [-104.987847, 39.898738], [-104.987897, 39.899013], [-104.987998, 39.899494], [-104.988051, 39.899718], [-104.988114, 39.899986], [-104.988135, 39.900064], [-104.988208, 39.900326], [-104.988368, 39.900812], [-104.988449, 39.901042], [-104.98851, 39.901213], [-104.988679, 39.901632], [-104.988769, 39.901855], [-104.989041, 39.902448], [-104.989433, 39.903274], [-104.989456, 39.903321], [-104.989597, 39.903619], [-104.989751, 39.903942], [-104.989888, 39.904256], [-104.990151, 39.904889], [-104.990439, 39.905642], [-104.990549, 39.906015], [-104.99067, 39.906511], [-104.99076, 39.906959], [-104.990793, 39.907177], [-104.990897, 39.907855], [-104.990942, 39.908333], [-104.990957, 39.908727], [-104.990971, 39.909311], [-104.99097, 39.909373], [-104.990963, 39.90964], [-104.990948, 39.909956], [-104.990903, 39.910508], [-104.990889, 39.910682], [-104.990764, 39.911216], [-104.990668, 39.911673], [-104.990549, 39.912116], [-104.990407, 39.912604], [-104.990259, 39.913066], [-104.990035, 39.913681], [-104.989928, 39.913915], [-104.98987, 39.914064], [-104.989681, 39.914488], [-104.989205, 39.915552], [-104.988922, 39.916188], [-104.988747, 39.916596], [-104.988605, 39.916961], [-104.988468, 39.917383], [-104.988264, 39.918004], [-104.988081, 39.918642], [-104.987921, 39.919377], [-104.987854, 39.919875], [-104.987833, 39.92009], [-104.987776, 39.920671], [-104.987761, 39.921226], [-104.987788, 39.924491], [-104.9878, 39.925893], [-104.987809, 39.928003], [-104.987807, 39.928543], [-104.987825, 39.929262], [-104.987881, 39.934234], [-104.987905, 39.936326], [-104.987914, 39.937325], [-104.987927, 39.938797], [-104.987931, 39.939212], [-104.987934, 39.939539], [-104.987945, 39.940729], [-104.987967, 39.94243], [-104.987976, 39.943074], [-104.988007, 39.945447], [-104.988013, 39.94625], [-104.98802, 39.947156], [-104.988062, 39.952303], [-104.988079, 39.953803], [-104.988084, 39.95421], [-104.988094, 39.956027], [-104.988107, 39.957571], [-104.988092, 39.957595], [-104.988104, 39.961872], [-104.988107, 39.962462], [-104.988119, 39.964423], [-104.988133, 39.966964], [-104.988158, 39.968129], [-104.988159, 39.968466]]}}, {"type": "Feature", "properties": {"LINEARID": "1104469067419", "FULLNAME": "US Hwy 87", "RTTYP": "U", "MTFCC": "S1100"}, "geometry": {"type": "LineString", "coordinates": [[-104.988174, 39.972176], [-104.98819, 39.975329], [-104.988192, 39.975748]]}}, {"type": "Feature", "properties": {"LINEARID": "110706487093", "FULLNAME": "State Hwy 53", "RTTYP": "S", "MTFCC": "S1200"}, "geometry": {"type": "LineString", "coordinates": [[-104.987429, 39.823664], [-104.98743, 39.82362], [-104.98743, 39.823572], [-104.987446, 39.823059], [-104.987449, 39.822705], [-104.987453, 39.822107], [-104.987451, 39.821373], [-104.987442, 39.820598], [-104.987484, 39.819258], [-104.987487, 39.81916], [-104.987487, 39.81914], [-104.987488, 39.819028], [-104.987493, 39.817907], [-104.987492, 39.81697], [-104.987498, 39.816323], [-104.987484, 39.815596], [-104.987478, 39.815088], [-104.987476, 39.81483], [-104.987474, 39.814619], [-104.987475, 39.814418], [-104.987482, 39.812756], [-104.987491, 39.812167], [-104.987472, 39.811736], [-104.987463, 39.811348], [-104.987458, 39.810545], [-104.987473, 39.810009], [-104.987478, 39.809093], [-104.987475, 39.808292], [-104.987463, 39.807919], [-104.987468, 39.80644], [-104.987468, 39.806416], [-104.987473, 39.805578], [-104.987473, 39.805512], [-104.987477, 39.805093], [-104.987478, 39.804998], [-104.98747, 39.804626], [-104.987452, 39.804328], [-104.987441, 39.803238], [-104.987449, 39.802546], [-104.987449, 39.802526], [-104.987457, 39.801812], [-104.986837, 39.801821], [-104.986456, 39.801826], [-104.985735, 39.801841], [-104.984905, 39.801854], [-104.984638, 39.801858], [-104.984433, 39.801862], [-104.983787, 39.801872], [-104.982787, 39.801876]]}}, {"type": "Feature", "properties": {"LINEARID": "110706500559", "FULLNAME": "Lowell Way", "RTTYP": "M", "MTFCC": "S1400"}, "geometry": {"type": "LineString", "coordinates": [[-105.035134, 39.858019], [-105.035146, 39.858982]]}}, {"type": "Feature", "properties": {"LINEARID": "110706500531", "FULLNAME": "Lowell Ct", "RTTYP": "M", "MTFCC": "S1400"}, "geometry": {"type": "LineString", "coordinates": [[-105.034965, 39.886638], [-105.034942, 39.886727], [-105.034902, 39.8868], [-105.03482, 39.886885], [-105.034653, 39.887023], [-105.034619, 39.887058], [-105.034559, 39.887143], [-105.034529, 39.887205], [-105.034509, 39.887298], [-105.034506, 39.887733], [-105.034511, 39.887778], [-105.034521, 39.887811], [-105.034572, 39.887903], [-105.034661, 39.888008], [-105.03478, 39.888127]]}}, {"type": "Feature", "properties": {"LINEARID": "110706487533", "FULLNAME": "State Hwy 128", "RTTYP": "S", "MTFCC": "S1200"}, "geometry": {"type": "LineString", "coordinates": [[-104.989033, 39.913932], [-104.989221, 39.913923], [-104.989682, 39.913917], [-104.989812, 39.913915], [-104.989928, 39.913915], [-104.990512, 39.913915], [-104.990657, 39.913915], [-104.990818, 39.91391], [-104.991131, 39.913901], [-104.991677, 39.913877], [-104.992606, 39.913855], [-104.993201, 39.913844], [-104.993755, 39.913835], [-104.994688, 39.913819], [-104.996299, 39.913808], [-104.996722, 39.913812], [-104.996893, 39.913814], [-105.00144, 39.913838], [-105.006107, 39.913848], [-105.009221, 39.913872], [-105.010815, 39.913898], [-105.012836, 39.913915], [-105.014692, 39.913923], [-105.015523, 39.913926], [-105.018938, 39.913938], [-105.019356, 39.913944], [-105.020227, 39.913957], [-105.023075, 39.914036], [-105.023456, 39.914047], [-105.024033, 39.914074], [-105.02498, 39.914118], [-105.025531, 39.914127], [-105.025738, 39.914131], [-105.026524, 39.914128], [-105.027539, 39.914121], [-105.028625, 39.914107], [-105.029854, 39.914094], [-105.030661, 39.914086], [-105.034353, 39.914056], [-105.035242, 39.914064], [-105.037547, 39.914056], [-105.040005, 39.914038], [-105.041735, 39.914045], [-105.042461, 39.914048], [-105.043849, 39.914045], [-105.044386, 39.914048], [-105.046217, 39.914058], [-105.04644, 39.914059], [-105.048492, 39.914062], [-105.050618, 39.914059], [-105.052889, 39.914077]]}}, {"type": "Feature", "properties": {"LINEARID": "110706500532", "FULLNAME": "Lowell Ct", "RTTYP": "M", "MTFCC": "S1400"}, "geometry": {"type": "LineString", "coordinates": [[-105.034947, 39.886203], [-105.034968, 39.886534], [-105.034965, 39.886638]]}}, {"type": "Feature", "properties": {"LINEARID": "110706500535", "FULLNAME": "Lowell Ct", "RTTYP": "M", "MTFCC": "S1400"}, "geometry": {"type": "LineString", "coordinates": [[-105.034642, 39.858756], [-105.034637, 39.858017]]}}, {"type": "Feature", "properties": {"LINEARID": "11031808719403", "FULLNAME": "Lowell Blvd", "RTTYP": "M", "MTFCC": "S1400"}, "geometry": {"type": "LineString", "coordinates": [[-105.034347, 39.914181], [-105.034362, 39.915428], [-105.034362, 39.915622], [-105.034363, 39.916569], [-105.034383, 39.917107], [-105.034403, 39.917537], [-105.034403, 39.917579], [-105.034405, 39.919181], [-105.034405, 39.919288], [-105.034406, 39.919492], [-105.034409, 39.920221], [-105.034411, 39.920471], [-105.034405, 39.920805], [-105.034404, 39.920888], [-105.034392, 39.921155], [-105.034389, 39.921224], [-105.034395, 39.921305], [-105.0344, 39.921371]]}}, {"type": "Feature", "properties": {"LINEARID": "1104472830261", "FULLNAME": "Wadsworth Byp", "RTTYP": "M", "MTFCC": "S1200"}, "geometry": {"type": "LineString", "coordinates": [[-105.07639, 39.801985], [-105.07642, 39.802983], [-105.076452, 39.803128], [-105.076532, 39.80347], [-105.076599, 39.803849], [-105.076692, 39.804073], [-105.07671, 39.804116], [-105.076855, 39.804466], [-105.076969, 39.804741], [-105.077688, 39.806474]]}}, {"type": "Feature", "properties": {"LINEARID": "110713443197", "FULLNAME": "Old Wadsworth Blvd", "RTTYP": "M", "MTFCC": "S1400"}, "geometry": {"type": "LineString", "coordinates": [[-105.081624, 39.863632], [-105.081599, 39.864297], [-105.081584, 39.864932], [-105.081579, 39.865169], [-105.081579, 39.865185], [-105.08158, 39.865217], [-105.081588, 39.865568], [-105.081594, 39.865824], [-105.081594, 39.865835], [-105.081595, 39.866003], [-105.081596, 39.866074], [-105.081596, 39.86611], [-105.081596, 39.866128], [-105.081596, 39.86625], [-105.081597, 39.866371], [-105.081592, 39.86647], [-105.081589, 39.866516], [-105.081583, 39.866627], [-105.081588, 39.866722], [-105.081608, 39.867037], [-105.081645, 39.867264], [-105.081644, 39.867304], [-105.081641, 39.867559], [-105.081635, 39.867771], [-105.081617, 39.868408], [-105.081595, 39.869491], [-105.081548, 39.870881], [-105.081546, 39.870941], [-105.081543, 39.871016]]}}, {"type": "Feature", "properties": {"LINEARID": "1106087863592", "FULLNAME": "Old Wadsworth Blvd", "RTTYP": "M", "MTFCC": "S1400"}, "geometry": {"type": "LineString", "coordinates": [[-105.081524, 39.872385], [-105.08151, 39.873197], [-105.081508, 39.873299], [-105.081508, 39.873319], [-105.081483, 39.873703], [-105.081479, 39.873958], [-105.08145, 39.874785], [-105.08141, 39.875372], [-105.081409, 39.875451], [-105.081397, 39.876271], [-105.081395, 39.876368], [-105.081379, 39.877175], [-105.081379, 39.877278], [-105.081375, 39.877999], [-105.081368, 39.878278], [-105.081349, 39.878971], [-105.081332, 39.879649], [-105.081324, 39.879957], [-105.08132, 39.880043], [-105.081291, 39.880634], [-105.081291, 39.880696], [-105.08129, 39.880769], [-105.081288, 39.880996], [-105.081286, 39.881363], [-105.081279, 39.881672], [-105.081274, 39.881978], [-105.081274, 39.882006], [-105.081273, 39.882028], [-105.081268, 39.882163], [-105.081251, 39.88265], [-105.081257, 39.882955], [-105.081258, 39.88304], [-105.081259, 39.88309], [-105.08126, 39.883122], [-105.081258, 39.883148], [-105.081228, 39.88346], [-105.081227, 39.883525], [-105.081221, 39.884456], [-105.08122, 39.884568], [-105.08123, 39.884676], [-105.081234, 39.884723], [-105.081267, 39.884874], [-105.081283, 39.884909], [-105.081305, 39.884956], [-105.081337, 39.885025], [-105.081412, 39.885104], [-105.08143, 39.885123], [-105.081547, 39.88523], [-105.081725, 39.885371], [-105.081823, 39.885421], [-105.081897, 39.885458], [-105.081945, 39.885482], [-105.081967, 39.885492], [-105.081995, 39.885505], [-105.082197, 39.885597], [-105.08236, 39.885712], [-105.082477, 39.88587], [-105.082494, 39.885929], [-105.082528, 39.886044], [-105.082525, 39.886142], [-105.082496, 39.88624], [-105.082453, 39.886337], [-105.082397, 39.886433], [-105.081485, 39.887573], [-105.081312, 39.887825], [-105.081238, 39.888023], [-105.081182, 39.888235], [-105.081154, 39.888408], [-105.081157, 39.888515], [-105.081159, 39.888591], [-105.081157, 39.888661], [-105.08115, 39.888937], [-105.08117, 39.889676], [-105.081153, 39.889922], [-105.081136, 39.89016], [-105.081133, 39.890199], [-105.081121, 39.892535], [-105.081106, 39.893471], [-105.081097, 39.894091], [-105.081095, 39.89419], [-105.08107, 39.896395], [-105.081075, 39.896496], [-105.081061, 39.896691], [-105.081064, 39.896766], [-105.081072, 39.897008], [-105.081095, 39.897665], [-105.081085, 39.897923], [-105.081075, 39.898192], [-105.081072, 39.898281], [-105.081056, 39.89898], [-105.08105, 39.899339], [-105.081051, 39.899401], [-105.081055, 39.899821]]}}, {"type": "Feature", "properties": {"LINEARID": "1102648577016", "FULLNAME": "N Sheridan Blvd", "RTTYP": "M", "MTFCC": "S1400"}, "geometry": {"type": "LineString", "coordinates": [[-105.05416, 39.88689], [-105.05416, 39.887343], [-105.053665, 39.887746], [-105.053573, 39.88822], [-105.053634, 39.888646], [-105.053887, 39.888987], [-105.054005, 39.889144], [-105.054901, 39.889618], [-105.055673, 39.889926], [-105.056168, 39.890306], [-105.056569, 39.890495], [-105.057805, 39.890732], [-105.058701, 39.890993]]}}, {"type": "Feature", "properties": {"LINEARID": "110713409170", "FULLNAME": "W 72nd Pl", "RTTYP": "M", "MTFCC": "S1400"}, "geometry": {"type": "LineString", "coordinates": [[-105.149433, 39.827659], [-105.14963, 39.827679], [-105.149861, 39.82767], [-105.150039, 39.827653], [-105.150202, 39.827632], [-105.150295, 39.827636], [-105.150388, 39.827649], [-105.150456, 39.827681], [-105.150548, 39.827755]]}}, {"type": "Feature", "properties": {"LINEARID": "110713413304", "FULLNAME": "W 120th Ave", "RTTYP": "M", "MTFCC": "S1200"}, "geometry": {"type": "LineString", "coordinates": [[-105.148342, 39.913885], [-105.148414, 39.913863], [-105.148489, 39.913841], [-105.149924, 39.913454], [-105.150483, 39.913326], [-105.151232, 39.913269], [-105.152502, 39.913245], [-105.15297, 39.9132], [-105.153307, 39.913143], [-105.154749, 39.912751], [-105.155359, 39.912592], [-105.15637, 39.912301], [-105.15647, 39.912273], [-105.157005, 39.912123], [-105.157311, 39.912037], [-105.1585, 39.911703], [-105.159038, 39.911597], [-105.159413, 39.911576], [-105.159585, 39.911566], [-105.160216, 39.911573], [-105.161108, 39.911566], [-105.162079, 39.911532], [-105.162582, 39.91146], [-105.16289, 39.911411], [-105.163251, 39.911327], [-105.164444, 39.911002], [-105.164645, 39.910945], [-105.165132, 39.910805], [-105.165311, 39.910762], [-105.165395, 39.910739], [-105.165708, 39.91063], [-105.166134, 39.910521], [-105.166435, 39.910434], [-105.167062, 39.910253], [-105.168786, 39.909743], [-105.169412, 39.909563], [-105.169687, 39.909484], [-105.170243, 39.909318], [-105.170614, 39.909213], [-105.17099, 39.909121], [-105.171293, 39.909057], [-105.171791, 39.908962], [-105.172405, 39.908884], [-105.172505, 39.908871], [-105.173096, 39.908843], [-105.173836, 39.908853], [-105.174465, 39.908924], [-105.175287, 39.909077], [-105.175796, 39.909212], [-105.176516, 39.909476], [-105.179534, 39.910823], [-105.179551, 39.910831], [-105.184043, 39.912851], [-105.18462, 39.913046], [-105.185188, 39.913195], [-105.18578, 39.913296], [-105.186367, 39.91337], [-105.186782, 39.913385], [-105.188938, 39.913426], [-105.18977, 39.913489], [-105.190347, 39.913575], [-105.190363, 39.913579], [-105.191108, 39.913739], [-105.191769, 39.913944], [-105.192184, 39.914102]]}}, {"type": "Feature", "properties": {"LINEARID": "110713413043", "FULLNAME": "W 104th Pl", "RTTYP": "M", "MTFCC": "S1400"}, "geometry": {"type": "LineString", "coordinates": [[-105.101898, 39.886397], [-105.102047, 39.886416], [-105.102237, 39.886464], [-105.102631, 39.886621], [-105.102694, 39.886681], [-105.102713, 39.88677], [-105.10252, 39.887261], [-105.10251, 39.887418], [-105.102588, 39.887508], [-105.102788, 39.887642], [-105.103016, 39.887769], [-105.103254, 39.887892]]}}, {"type": "Feature", "properties": {"LINEARID": "1103678885957", "FULLNAME": "W 72nd Pl", "RTTYP": "M", "MTFCC": "S1400"}, "geometry": {"type": "LineString", "coordinates": [[-105.129467, 39.827841], [-105.129403, 39.827813], [-105.129357, 39.82777], [-105.129314, 39.827731], [-105.12927, 39.827689], [-105.129231, 39.827648], [-105.129193, 39.827608]]}}, {"type": "Feature", "properties": {"LINEARID": "1103234989197", "FULLNAME": "W 104th Pl", "RTTYP": "M", "MTFCC": "S1400"}, "geometry": {"type": "LineString", "coordinates": [[-105.120354, 39.885665], [-105.120547, 39.88582], [-105.120784, 39.885981], [-105.121005, 39.886093], [-105.121189, 39.886092]]}}, {"type": "Feature", "properties": {"LINEARID": "1103691585797", "FULLNAME": "W 72nd Pl", "RTTYP": "M", "MTFCC": "S1400"}, "geometry": {"type": "LineString", "coordinates": [[-105.12524, 39.827687], [-105.126353, 39.827678], [-105.12737, 39.827677], [-105.127595, 39.827689], [-105.127714, 39.827727], [-105.1278, 39.827838], [-105.12781, 39.828107], [-105.128471, 39.828103], [-105.128916, 39.828113], [-105.129467, 39.827841]]}}, {"type": "Feature", "properties": {"LINEARID": "110713409153", "FULLNAME": "W 72nd Dr", "RTTYP": "M", "MTFCC": "S1400"}, "geometry": {"type": "LineString", "coordinates": [[-105.156037, 39.82764], [-105.15612, 39.827611], [-105.1562, 39.827598], [-105.156392, 39.827578], [-105.156626, 39.827571]]}}, {"type": "Feature", "properties": {"LINEARID": "11010866147121", "FULLNAME": "W 72nd Pl", "RTTYP": "M", "MTFCC": "S1400"}, "geometry": {"type": "LineString", "coordinates": [[-105.09165, 39.82781], [-105.091919, 39.82796], [-105.092159, 39.82797], [-105.092449, 39.827845]]}}, {"type": "Feature", "properties": {"LINEARID": "1106047721782", "FULLNAME": "W 88th Dr", "RTTYP": "M", "MTFCC": "S1400"}, "geometry": {"type": "LineString", "coordinates": [[-105.160676, 39.855143], [-105.160703, 39.855876]]}}, {"type": "Feature", "properties": {"LINEARID": "1106047721783", "FULLNAME": "W 88th Dr", "RTTYP": "M", "MTFCC": "S1400"}, "geometry": {"type": "LineString", "coordinates": [[-105.159235, 39.856635], [-105.159187, 39.856519], [-105.159178, 39.856383], [-105.159225, 39.856244], [-105.159308, 39.85614], [-105.159459, 39.856045], [-105.159589, 39.855973], [-105.159765, 39.85591], [-105.159977, 39.855887], [-105.160703, 39.855876]]}}, {"type": "Feature", "properties": {"LINEARID": "1109075875668", "FULLNAME": "W 88th Pl", "RTTYP": "M", "MTFCC": "S1400"}, "geometry": {"type": "LineString", "coordinates": [[-105.158128, 39.856633], [-105.158506, 39.856738], [-105.158631, 39.856765], [-105.158745, 39.856778], [-105.158837, 39.856776], [-105.158946, 39.856756], [-105.159055, 39.856721], [-105.159235, 39.856635], [-105.159315, 39.85673], [-105.159391, 39.856778], [-105.159481, 39.856811], [-105.159595, 39.856826], [-105.159751, 39.85683], [-105.16006, 39.856831], [-105.160221, 39.856831], [-105.160382, 39.856828], [-105.160567, 39.856843], [-105.160695, 39.856876], [-105.16078, 39.856902], [-105.16087, 39.856914], [-105.160946, 39.856917], [-105.161046, 39.856907], [-105.161122, 39.856881], [-105.161184, 39.856863], [-105.161255, 39.856823], [-105.161317, 39.856772], [-105.161382, 39.856721], [-105.161505, 39.856794], [-105.161576, 39.856818], [-105.161691, 39.856832], [-105.162269, 39.856844]]}}, {"type": "Feature", "properties": {"LINEARID": "1108296200099", "FULLNAME": "W 88th Dr", "RTTYP": "M", "MTFCC": "S1400"}, "geometry": {"type": "LineString", "coordinates": [[-105.161446, 39.856278], [-105.161466, 39.856406], [-105.161471, 39.856513], [-105.161463, 39.856581], [-105.16146, 39.856609], [-105.161382, 39.856721]]}}, {"type": "Feature", "properties": {"LINEARID": "11031989602417", "FULLNAME": "W 72nd Ave", "RTTYP": "M", "MTFCC": "S1400"}, "geometry": {"type": "LineString", "coordinates": [[-105.053262, 39.827273], [-105.055876, 39.827255], [-105.056389, 39.827171], [-105.056885, 39.826947], [-105.057297, 39.826819], [-105.057655, 39.826783], [-105.058294, 39.826753], [-105.059608, 39.826704], [-105.059997, 39.82671], [-105.060379, 39.826778], [-105.061164, 39.827013], [-105.06182, 39.827209], [-105.06208, 39.82726], [-105.06224, 39.82727], [-105.062651, 39.827294], [-105.063081, 39.827331], [-105.063954, 39.827344], [-105.064009, 39.827344], [-105.064877, 39.827336], [-105.067376, 39.827335], [-105.068315, 39.827335], [-105.06923, 39.827331], [-105.070156, 39.827329], [-105.071064, 39.827318], [-105.071894, 39.82731], [-105.072045, 39.827309], [-105.07538, 39.827246], [-105.077858, 39.827239], [-105.078946, 39.82723], [-105.07912, 39.827229], [-105.079402, 39.827227], [-105.081447, 39.827244], [-105.08179, 39.827243], [-105.08668, 39.827233], [-105.087055, 39.82723], [-105.090522, 39.82721], [-105.090919, 39.827208], [-105.09285, 39.827209], [-105.09329, 39.827201], [-105.093823, 39.827161], [-105.093924, 39.827153], [-105.094792, 39.82708], [-105.095094, 39.827019], [-105.095182, 39.827018], [-105.096151, 39.826952], [-105.097866, 39.827004], [-105.100257, 39.827244], [-105.103231, 39.827545], [-105.104738, 39.827576], [-105.106007, 39.827514], [-105.107535, 39.827306], [-105.108637, 39.827202], [-105.109713, 39.827247], [-105.112383, 39.827145], [-105.11388, 39.827155], [-105.114431, 39.827145], [-105.115571, 39.827146], [-105.116702, 39.82717], [-105.119127, 39.827139], [-105.122828, 39.827121], [-105.123394, 39.827123], [-105.126216, 39.827097], [-105.12846, 39.827117], [-105.128957, 39.827096], [-105.129457, 39.827086], [-105.131337, 39.827079], [-105.131888, 39.827073], [-105.131963, 39.827075], [-105.132393, 39.827084], [-105.133911, 39.827079], [-105.134376, 39.827078], [-105.135006, 39.82708], [-105.135282, 39.827081], [-105.137861, 39.827064], [-105.140723, 39.827058], [-105.140829, 39.827058], [-105.141044, 39.827056], [-105.14176, 39.827042], [-105.14204, 39.827037], [-105.142228, 39.827043], [-105.142705, 39.82706], [-105.144006, 39.827055], [-105.144176, 39.827055], [-105.144396, 39.827054], [-105.14444, 39.827054], [-105.145176, 39.827055], [-105.145636, 39.827056], [-105.146166, 39.827057], [-105.147112, 39.827059], [-105.147234, 39.82706], [-105.147439, 39.827062], [-105.147493, 39.827063], [-105.147628, 39.827064], [-105.1484, 39.827094], [-105.149454, 39.827071], [-105.152556, 39.827065], [-105.153683, 39.827054], [-105.154616, 39.827044], [-105.154789, 39.827042], [-105.154967, 39.82704], [-105.155065, 39.827038], [-105.155495, 39.827029], [-105.155728, 39.827026], [-105.155831, 39.827025], [-105.155903, 39.827024], [-105.156653, 39.826991], [-105.156737, 39.826991], [-105.157013, 39.826991], [-105.157139, 39.826991], [-105.158394, 39.826989], [-105.160965, 39.827012], [-105.163019, 39.827016], [-105.163069, 39.827016], [-105.163342, 39.827015], [-105.163873, 39.827013], [-105.1646, 39.827012], [-105.164767, 39.827011], [-105.165142, 39.82701], [-105.165319, 39.82701], [-105.165406, 39.827009], [-105.16569, 39.827007], [-105.16572, 39.827007], [-105.166141, 39.827007], [-105.166437, 39.827007], [-105.167311, 39.827007], [-105.167363, 39.827006], [-105.16833, 39.827004], [-105.169403, 39.827001], [-105.169458, 39.827004], [-105.170095, 39.82704], [-105.174422, 39.827087], [-105.174585, 39.827089], [-105.174597, 39.827089], [-105.174777, 39.827089], [-105.175209, 39.827063], [-105.175421, 39.827032], [-105.175657, 39.82691], [-105.17592, 39.826731], [-105.176288, 39.826501], [-105.176572, 39.826368], [-105.1768, 39.826277], [-105.176955, 39.826245], [-105.177167, 39.82623], [-105.177398, 39.826231], [-105.177804, 39.826265], [-105.178141, 39.826368], [-105.17842, 39.826511], [-105.178724, 39.826722], [-105.178936, 39.826886], [-105.179102, 39.826979], [-105.179266, 39.827053], [-105.17944, 39.827086], [-105.179487, 39.827095], [-105.179907, 39.827096], [-105.181121, 39.827101], [-105.183748, 39.827115], [-105.183829, 39.827115], [-105.183985, 39.827121], [-105.184828, 39.827114], [-105.184922, 39.827113], [-105.185345, 39.827001], [-105.186338, 39.826991], [-105.188033, 39.826968], [-105.188748, 39.826958], [-105.188938, 39.826957], [-105.189192, 39.826955], [-105.189282, 39.826954], [-105.190191, 39.826948], [-105.190953, 39.826951], [-105.191412, 39.826903], [-105.191805, 39.826874], [-105.192161, 39.826833], [-105.192467, 39.826782], [-105.192762, 39.826665], [-105.192944, 39.826538], [-105.193142, 39.826339], [-105.193444, 39.826028], [-105.193753, 39.825683], [-105.194044, 39.825433], [-105.194264, 39.825314], [-105.194545, 39.82517], [-105.194772, 39.825066], [-105.194943, 39.824981], [-105.195223, 39.824881], [-105.195524, 39.824789], [-105.195702, 39.824747], [-105.196039, 39.824659], [-105.196374, 39.82456], [-105.197049, 39.824371], [-105.197262, 39.824299], [-105.197547, 39.824123], [-105.197599, 39.824071]]}}, {"type": "Feature", "properties": {"LINEARID": "110713409171", "FULLNAME": "W 72nd Pl", "RTTYP": "M", "MTFCC": "S1400"}, "geometry": {"type": "LineString", "coordinates": [[-105.169948, 39.827567], [-105.17015, 39.827675], [-105.170292, 39.827733], [-105.170435, 39.827741], [-105.172358, 39.827752], [-105.173043, 39.827747], [-105.173464, 39.827757], [-105.173625, 39.827786]]}}, {"type": "Feature", "properties": {"LINEARID": "110713413031", "FULLNAME": "W 104th Cir", "RTTYP": "M", "MTFCC": "S1400"}, "geometry": {"type": "LineString", "coordinates": [[-105.125372, 39.886526], [-105.12607, 39.88607]]}}, {"type": "Feature", "properties": {"LINEARID": "110713413018", "FULLNAME": "W 104th Ave", "RTTYP": "M", "MTFCC": "S1400"}, "geometry": {"type": "LineString", "coordinates": [[-105.125172, 39.884253], [-105.125553, 39.884283], [-105.127064, 39.884328], [-105.127722, 39.884364], [-105.127932, 39.884348]]}}, {"type": "Feature", "properties": {"LINEARID": "110713413016", "FULLNAME": "W 104th Ave", "RTTYP": "M", "MTFCC": "S1400"}, "geometry": {"type": "LineString", "coordinates": [[-105.092303, 39.885353], [-105.096024, 39.885398], [-105.096171, 39.8854], [-105.096294, 39.885402], [-105.098481, 39.885438], [-105.099002, 39.88544], [-105.099782, 39.885444], [-105.101968, 39.885454], [-105.102546, 39.885495], [-105.102702, 39.885517], [-105.102994, 39.885592], [-105.10328, 39.8857], [-105.10345, 39.885778], [-105.103958, 39.886046]]}}, {"type": "Feature", "properties": {"LINEARID": "110713409148", "FULLNAME": "W 72nd Cir", "RTTYP": "M", "MTFCC": "S1400"}, "geometry": {"type": "LineString", "coordinates": [[-105.14801, 39.829065], [-105.147347, 39.82851], [-105.147269, 39.828364]]}}, {"type": "Feature", "properties": {"LINEARID": "11010866147123", "FULLNAME": "W 72nd Pl", "RTTYP": "M", "MTFCC": "S1400"}, "geometry": {"type": "LineString", "coordinates": [[-105.082467, 39.827737], [-105.082533, 39.828008], [-105.085878, 39.827782], [-105.088143, 39.827684], [-105.089648, 39.827689], [-105.090354, 39.827701], [-105.090493, 39.827768], [-105.090648, 39.827877], [-105.090925, 39.827922], [-105.091306, 39.827944], [-105.091466, 39.827936], [-105.09165, 39.82781]]}}, {"type": "Feature", "properties": {"LINEARID": "110713413015", "FULLNAME": "W 104th Ave", "RTTYP": "M", "MTFCC": "S1400"}, "geometry": {"type": "LineString", "coordinates": [[-105.1154, 39.882718], [-105.116132, 39.883156], [-105.116839, 39.883583], [-105.117568, 39.884007], [-105.11834, 39.884468], [-105.119221, 39.885014]]}}, {"type": "Feature", "properties": {"LINEARID": "110713413008", "FULLNAME": "W 104th Ave", "RTTYP": "M", "MTFCC": "S1400"}, "geometry": {"type": "LineString", "coordinates": [[-105.10492, 39.8865], [-105.105866, 39.886861]]}}, {"type": "Feature", "properties": {"LINEARID": "110713413010", "FULLNAME": "W 104th Ave", "RTTYP": "M", "MTFCC": "S1400"}, "geometry": {"type": "LineString", "coordinates": [[-105.10492, 39.8865], [-105.105127, 39.886175]]}}, {"type": "Feature", "properties": {"LINEARID": "110713409156", "FULLNAME": "W 72nd Dr", "RTTYP": "M", "MTFCC": "S1400"}, "geometry": {"type": "LineString", "coordinates": [[-105.057186, 39.828354], [-105.057871, 39.828362], [-105.05878, 39.828361], [-105.059314, 39.828345], [-105.060257, 39.828347]]}}, {"type": "Feature", "properties": {"LINEARID": "1102648561514", "FULLNAME": "W 72nd Pl", "RTTYP": "M", "MTFCC": "S1400"}, "geometry": {"type": "LineString", "coordinates": [[-105.057186, 39.827723], [-105.0585, 39.827694]]}}, {"type": "Feature", "properties": {"LINEARID": "1107119975097", "FULLNAME": "W 88th Pl", "RTTYP": "M", "MTFCC": "S1400"}, "geometry": {"type": "LineString", "coordinates": [[-105.053263, 39.859948], [-105.053245, 39.860018], [-105.053284, 39.860436]]}}, {"type": "Feature", "properties": {"LINEARID": "110713409147", "FULLNAME": "W 72nd Cir", "RTTYP": "M", "MTFCC": "S1400"}, "geometry": {"type": "LineString", "coordinates": [[-105.147297, 39.827843], [-105.147325, 39.827762], [-105.147434, 39.827665], [-105.147554, 39.827635], [-105.147769, 39.827619], [-105.148248, 39.82763], [-105.149433, 39.827659]]}}, {"type": "Feature", "properties": {"LINEARID": "1108296186948", "FULLNAME": "W 88th Dr", "RTTYP": "M", "MTFCC": "S1400"}, "geometry": {"type": "LineString", "coordinates": [[-105.161124, 39.855947], [-105.161132, 39.855875], [-105.161136, 39.855842], [-105.161152, 39.855808], [-105.161161, 39.855775], [-105.161172, 39.855747], [-105.16118, 39.855711], [-105.16118, 39.855678], [-105.16118, 39.855639], [-105.161186, 39.855584], [-105.161186, 39.855528], [-105.161174, 39.855353]]}}, {"type": "Feature", "properties": {"LINEARID": "1108296200100", "FULLNAME": "W 88th Dr", "RTTYP": "M", "MTFCC": "S1400"}, "geometry": {"type": "LineString", "coordinates": [[-105.161124, 39.855947], [-105.161204, 39.85599], [-105.16128, 39.856041], [-105.161352, 39.856106], [-105.161401, 39.856173], [-105.161446, 39.856278]]}}, {"type": "Feature", "properties": {"LINEARID": "1106092754854", "FULLNAME": "W 72nd Pl", "RTTYP": "M", "MTFCC": "S1400"}, "geometry": {"type": "LineString", "coordinates": [[-105.13201, 39.828387], [-105.131656, 39.82797], [-105.131462, 39.827795], [-105.131374, 39.827717], [-105.131266, 39.82767], [-105.130851, 39.827671], [-105.130011, 39.82766], [-105.129717, 39.827718], [-105.129643, 39.827755], [-105.129467, 39.827841]]}}, {"type": "Feature", "properties": {"LINEARID": "110713409175", "FULLNAME": "W 72nd Pl", "RTTYP": "M", "MTFCC": "S1400"}, "geometry": {"type": "LineString", "coordinates": [[-105.11239, 39.827947], [-105.112501, 39.827992], [-105.114354, 39.827976]]}}, {"type": "Feature", "properties": {"LINEARID": "1103691614818", "FULLNAME": "W 88th Cir", "RTTYP": "M", "MTFCC": "S1400"}, "geometry": {"type": "LineString", "coordinates": [[-105.098128, 39.857575], [-105.099089, 39.857595], [-105.099362, 39.857593], [-105.099423, 39.857599], [-105.099598, 39.857495], [-105.099734, 39.857408], [-105.099749, 39.857399], [-105.099756, 39.85733], [-105.099735, 39.857273], [-105.099726, 39.857247], [-105.099538, 39.857095], [-105.099473, 39.857031], [-105.099399, 39.856987], [-105.099315, 39.856945], [-105.098135, 39.856942]]}}, {"type": "Feature", "properties": {"LINEARID": "110713409992", "FULLNAME": "W 88th Pl", "RTTYP": "M", "MTFCC": "S1400"}, "geometry": {"type": "LineString", "coordinates": [[-105.09705, 39.857745], [-105.097091, 39.857731], [-105.097568, 39.857744]]}}, {"type": "Feature", "properties": {"LINEARID": "110713413033", "FULLNAME": "W 104th Ct", "RTTYP": "M", "MTFCC": "S1400"}, "geometry": {"type": "LineString", "coordinates": [[-105.103009, 39.885126], [-105.103147, 39.885073], [-105.103297, 39.885041], [-105.103448, 39.885035], [-105.104056, 39.885041], [-105.104583, 39.885037], [-105.10492, 39.885037], [-105.105312, 39.885107], [-105.105455, 39.885152], [-105.10567, 39.885189], [-105.105816, 39.885199], [-105.106072, 39.885198], [-105.106334, 39.885151]]}}, {"type": "Feature", "properties": {"LINEARID": "110713413053", "FULLNAME": "W 104th Way", "RTTYP": "M", "MTFCC": "S1400"}, "geometry": {"type": "LineString", "coordinates": [[-105.104583, 39.885037], [-105.104579, 39.88475], [-105.104449, 39.884559], [-105.104367, 39.884497], [-105.10425, 39.884456], [-105.104079, 39.884428], [-105.102749, 39.884426]]}}, {"type": "Feature", "properties": {"LINEARID": "110713413006", "FULLNAME": "W 104th Ave", "RTTYP": "M", "MTFCC": "S1400"}, "geometry": {"type": "LineString", "coordinates": [[-105.105866, 39.886861], [-105.106022, 39.886604]]}}, {"type": "Feature", "properties": {"LINEARID": "1102653804510", "FULLNAME": "W 104th Cir", "RTTYP": "M", "MTFCC": "S1400"}, "geometry": {"type": "LineString", "coordinates": [[-105.098477, 39.887019], [-105.098475, 39.88667], [-105.098582, 39.886515]]}}, {"type": "Feature", "properties": {"LINEARID": "1108311086716", "FULLNAME": "W 88th Dr", "RTTYP": "M", "MTFCC": "S1400"}, "geometry": {"type": "LineString", "coordinates": [[-105.161446, 39.856278], [-105.161696, 39.856205], [-105.161937, 39.856119], [-105.161987, 39.856088], [-105.162048, 39.85605]]}}, {"type": "Feature", "properties": {"LINEARID": "110713409173", "FULLNAME": "W 72nd Pl", "RTTYP": "M", "MTFCC": "S1400"}, "geometry": {"type": "LineString", "coordinates": [[-105.155604, 39.828546], [-105.155716, 39.828601], [-105.155881, 39.828664], [-105.155984, 39.828678], [-105.156101, 39.828681], [-105.156371, 39.828662], [-105.156607, 39.828627], [-105.156637, 39.828625], [-105.156709, 39.828621], [-105.157078, 39.828601], [-105.157231, 39.828614], [-105.157355, 39.82867], [-105.157457, 39.82877], [-105.157508, 39.82891]]}}, {"type": "Feature", "properties": {"LINEARID": "110713413038", "FULLNAME": "W 104th Dr", "RTTYP": "M", "MTFCC": "S1400"}, "geometry": {"type": "LineString", "coordinates": [[-105.127826, 39.885595], [-105.127698, 39.885516], [-105.127468, 39.885462], [-105.127063, 39.885397], [-105.126351, 39.885338], [-105.126028, 39.885319], [-105.125848, 39.885336], [-105.125709, 39.885383], [-105.125596, 39.885435], [-105.125353, 39.885586], [-105.124764, 39.885998]]}}, {"type": "Feature", "properties": {"LINEARID": "110713413045", "FULLNAME": "W 104th Pl", "RTTYP": "M", "MTFCC": "S1400"}, "geometry": {"type": "LineString", "coordinates": [[-105.115424, 39.884418], [-105.115549, 39.884461], [-105.116018, 39.884737], [-105.116416, 39.884973], [-105.117171, 39.885419], [-105.117176, 39.885494]]}}, {"type": "Feature", "properties": {"LINEARID": "110713413019", "FULLNAME": "W 104th Ave", "RTTYP": "M", "MTFCC": "S1400"}, "geometry": {"type": "LineString", "coordinates": [[-105.055121, 39.885318], [-105.055439, 39.885334], [-105.057025, 39.885354], [-105.057359, 39.885338], [-105.057815, 39.885264], [-105.058174, 39.885205], [-105.058676, 39.88515], [-105.059183, 39.885158], [-105.05976, 39.885185], [-105.060657, 39.885305], [-105.061533, 39.885409], [-105.061631, 39.88542], [-105.061745, 39.885434], [-105.062169, 39.8855], [-105.062505, 39.885584], [-105.062752, 39.885652], [-105.062971, 39.88575], [-105.063452, 39.885992], [-105.063641, 39.886122], [-105.065112, 39.887142], [-105.065152, 39.88717], [-105.065437, 39.887368], [-105.065691, 39.887537], [-105.065941, 39.887667], [-105.066156, 39.887791], [-105.066371, 39.887895], [-105.066652, 39.887989], [-105.067037, 39.888096], [-105.067334, 39.888159], [-105.067798, 39.88822], [-105.068202, 39.888237], [-105.068559, 39.888207], [-105.068918, 39.888163], [-105.068967, 39.888157], [-105.069297, 39.888077], [-105.069574, 39.887976], [-105.069827, 39.887863], [-105.070139, 39.887712], [-105.070715, 39.88746], [-105.071184, 39.887243], [-105.071668, 39.887033], [-105.071802, 39.886979]]}}, {"type": "Feature", "properties": {"LINEARID": "1103691581483", "FULLNAME": "W 104th Dr", "RTTYP": "M", "MTFCC": "S1400"}, "geometry": {"type": "LineString", "coordinates": [[-105.102758, 39.880958], [-105.102796, 39.881601], [-105.102928, 39.88197], [-105.102998, 39.882139], [-105.103062, 39.882295], [-105.103192, 39.882517], [-105.103424, 39.882738], [-105.103623, 39.882857], [-105.104051, 39.882975], [-105.104256, 39.882997], [-105.104503, 39.882987], [-105.104738, 39.882934], [-105.105006, 39.882816], [-105.105181, 39.882716], [-105.105325, 39.88264], [-105.105501, 39.882565], [-105.105695, 39.882548], [-105.106076, 39.882617], [-105.106449, 39.882695], [-105.106883, 39.882823], [-105.10718, 39.882894], [-105.107306, 39.882966], [-105.107358, 39.883054], [-105.107367, 39.883154], [-105.107342, 39.883238], [-105.107302, 39.883479], [-105.107311, 39.883604], [-105.107323, 39.883672], [-105.107351, 39.883735], [-105.107392, 39.88381], [-105.107457, 39.883891], [-105.107575, 39.883997], [-105.107766, 39.884078], [-105.108021, 39.884131], [-105.108546, 39.884105], [-105.10953, 39.884048], [-105.109866, 39.884023], [-105.110211, 39.884045], [-105.110578, 39.884085], [-105.111079, 39.884137], [-105.112667, 39.884332], [-105.112998, 39.884317]]}}, {"type": "Feature", "properties": {"LINEARID": "11010866107267", "FULLNAME": "W 72nd Pl", "RTTYP": "M", "MTFCC": "S1400"}, "geometry": {"type": "LineString", "coordinates": [[-105.091329, 39.827753], [-105.091371, 39.827738], [-105.091469, 39.827741], [-105.091536, 39.827754], [-105.091612, 39.827781], [-105.09165, 39.82781]]}}, {"type": "Feature", "properties": {"LINEARID": "110713413007", "FULLNAME": "W 104th Ave", "RTTYP": "M", "MTFCC": "S1400"}, "geometry": {"type": "LineString", "coordinates": [[-105.105866, 39.886861], [-105.106664, 39.887136], [-105.107022, 39.887264]]}}, {"type": "Feature", "properties": {"LINEARID": "110713413013", "FULLNAME": "W 104th Ave", "RTTYP": "M", "MTFCC": "S1400"}, "geometry": {"type": "LineString", "coordinates": [[-105.107022, 39.887264], [-105.107178, 39.887372], [-105.107445, 39.887649], [-105.107512, 39.887842]]}}, {"type": "Feature", "properties": {"LINEARID": "1105048336667", "FULLNAME": "W 120th Ave", "RTTYP": "M", "MTFCC": "S1400"}, "geometry": {"type": "LineString", "coordinates": [[-105.118536, 39.914078], [-105.118871, 39.914076], [-105.120649, 39.914064]]}}, {"type": "Feature", "properties": {"LINEARID": "1108311419475", "FULLNAME": "W 88th Ave", "RTTYP": "M", "MTFCC": "S1400"}, "geometry": {"type": "LineString", "coordinates": [[-105.053828, 39.856325], [-105.054527, 39.856387], [-105.054657, 39.85639], [-105.055632, 39.856402], [-105.055967, 39.856407], [-105.058206, 39.856439], [-105.06075, 39.856475], [-105.060812, 39.856476], [-105.062042, 39.856494], [-105.062494, 39.8565], [-105.062879, 39.856509], [-105.063424, 39.856531], [-105.064555, 39.856548], [-105.064746, 39.856547], [-105.064976, 39.856545], [-105.066825, 39.856534], [-105.067898, 39.856536], [-105.068776, 39.856542], [-105.070987, 39.856556], [-105.07203, 39.856563], [-105.074117, 39.856547], [-105.076658, 39.856506], [-105.081686, 39.856441], [-105.081832, 39.856439], [-105.083207, 39.856415], [-105.083569, 39.8564], [-105.083706, 39.856406], [-105.083864, 39.856412], [-105.084151, 39.856405], [-105.084447, 39.856397], [-105.085075, 39.856364], [-105.086203, 39.856358], [-105.088741, 39.856317], [-105.090063, 39.856289], [-105.091314, 39.856275], [-105.093426, 39.856295], [-105.098131, 39.856352], [-105.10059, 39.856386], [-105.102768, 39.856391], [-105.104867, 39.856417], [-105.105205, 39.856421], [-105.105307, 39.856421], [-105.105528, 39.856422], [-105.107214, 39.85643], [-105.107246, 39.85643], [-105.107427, 39.856415], [-105.107593, 39.856403], [-105.107673, 39.856397], [-105.107731, 39.856395]]}}, {"type": "Feature", "properties": {"LINEARID": "110713409155", "FULLNAME": "W 72nd Dr", "RTTYP": "M", "MTFCC": "S1400"}, "geometry": {"type": "LineString", "coordinates": [[-105.063082, 39.828416], [-105.063049, 39.828325], [-105.062903, 39.827925], [-105.062787, 39.827824], [-105.062668, 39.827791], [-105.062509, 39.827791], [-105.062381, 39.827847], [-105.061494, 39.828179], [-105.061122, 39.828315], [-105.060939, 39.828347], [-105.060789, 39.828364], [-105.060257, 39.828347]]}}, {"type": "Feature", "properties": {"LINEARID": "110713413034", "FULLNAME": "W 104th Ct", "RTTYP": "M", "MTFCC": "S1400"}, "geometry": {"type": "LineString", "coordinates": [[-105.124152, 39.88545], [-105.124584, 39.885139]]}}, {"type": "Feature", "properties": {"LINEARID": "110713413041", "FULLNAME": "W 104th Pl", "RTTYP": "M", "MTFCC": "S1400"}, "geometry": {"type": "LineString", "coordinates": [[-105.098486, 39.885954], [-105.10041, 39.885968], [-105.100658, 39.886005], [-105.100823, 39.886084]]}}, {"type": "Feature", "properties": {"LINEARID": "110713413044", "FULLNAME": "W 104th Pl", "RTTYP": "M", "MTFCC": "S1400"}, "geometry": {"type": "LineString", "coordinates": [[-105.082767, 39.887456], [-105.083382, 39.886718], [-105.083456, 39.886653], [-105.083598, 39.886588], [-105.083771, 39.886543], [-105.084024, 39.886528], [-105.086197, 39.886536]]}}, {"type": "Feature", "properties": {"LINEARID": "110713413020", "FULLNAME": "W 104th Ave", "RTTYP": "M", "MTFCC": "S1400"}, "geometry": {"type": "LineString", "coordinates": [[-105.055121, 39.885318], [-105.053091, 39.885356]]}}, {"type": "Feature", "properties": {"LINEARID": "110713409159", "FULLNAME": "W 72nd Dr", "RTTYP": "M", "MTFCC": "S1400"}, "geometry": {"type": "LineString", "coordinates": [[-105.070151, 39.827832], [-105.069669, 39.827835], [-105.069378, 39.827873], [-105.069095, 39.82797], [-105.068818, 39.828126]]}}, {"type": "Feature", "properties": {"LINEARID": "110713409146", "FULLNAME": "W 72nd Cir", "RTTYP": "M", "MTFCC": "S1400"}, "geometry": {"type": "LineString", "coordinates": [[-105.175351, 39.827689], [-105.175397, 39.827602], [-105.175461, 39.827552], [-105.175665, 39.827494], [-105.175825, 39.827444], [-105.176002, 39.827374], [-105.176187, 39.827275], [-105.176323, 39.827189], [-105.176468, 39.827069], [-105.176623, 39.82696], [-105.176885, 39.826822]]}}, {"type": "Feature", "properties": {"LINEARID": "1107119975098", "FULLNAME": "W 88th Pl", "RTTYP": "M", "MTFCC": "S1400"}, "geometry": {"type": "LineString", "coordinates": [[-105.053284, 39.860436], [-105.053421, 39.860586], [-105.053507, 39.86073], [-105.053576, 39.860955]]}}, {"type": "Feature", "properties": {"LINEARID": "110713413011", "FULLNAME": "W 104th Ave", "RTTYP": "M", "MTFCC": "S1400"}, "geometry": {"type": "LineString", "coordinates": [[-105.103958, 39.886046], [-105.104481, 39.88632], [-105.10492, 39.8865]]}}, {"type": "Feature", "properties": {"LINEARID": "110713413017", "FULLNAME": "W 104th Ave", "RTTYP": "M", "MTFCC": "S1400"}, "geometry": {"type": "LineString", "coordinates": [[-105.104088, 39.885893], [-105.103958, 39.886046]]}}, {"type": "Feature", "properties": {"LINEARID": "1104486769146", "FULLNAME": "W 120th Ave", "RTTYP": "M", "MTFCC": "S1200"}, "geometry": {"type": "LineString", "coordinates": [[-105.052892, 39.914224], [-105.052957, 39.914224], [-105.052971, 39.914224]]}}, {"type": "Feature", "properties": {"LINEARID": "1104486769043", "FULLNAME": "W 120th Ave", "RTTYP": "M", "MTFCC": "S1200"}, "geometry": {"type": "LineString", "coordinates": [[-105.052889, 39.914077], [-105.052975, 39.914077]]}}, {"type": "Feature", "properties": {"LINEARID": "110713409154", "FULLNAME": "W 72nd Dr", "RTTYP": "M", "MTFCC": "S1400"}, "geometry": {"type": "LineString", "coordinates": [[-105.060257, 39.828347], [-105.060238, 39.828023]]}}, {"type": "Feature", "properties": {"LINEARID": "110713413009", "FULLNAME": "W 104th Ave", "RTTYP": "M", "MTFCC": "S1400"}, "geometry": {"type": "LineString", "coordinates": [[-105.104657, 39.886823], [-105.10492, 39.8865]]}}, {"type": "Feature", "properties": {"LINEARID": "1102653804511", "FULLNAME": "W 104th Cir", "RTTYP": "M", "MTFCC": "S1400"}, "geometry": {"type": "LineString", "coordinates": [[-105.098477, 39.887019], [-105.098319, 39.88709], [-105.098017, 39.887085], [-105.097326, 39.887074], [-105.097052, 39.887027], [-105.096916, 39.886952], [-105.096915, 39.885943], [-105.097348, 39.885951], [-105.098032, 39.885953], [-105.098456, 39.885955], [-105.098486, 39.885954]]}}, {"type": "Feature", "properties": {"LINEARID": "110713409991", "FULLNAME": "W 88th Pl", "RTTYP": "M", "MTFCC": "S1400"}, "geometry": {"type": "LineString", "coordinates": [[-105.103421, 39.856963], [-105.103532, 39.856961], [-105.104739, 39.856976], [-105.104818, 39.857004]]}}, {"type": "Feature", "properties": {"LINEARID": "110713409993", "FULLNAME": "W 88th Pl", "RTTYP": "M", "MTFCC": "S1400"}, "geometry": {"type": "LineString", "coordinates": [[-105.091729, 39.856877], [-105.091824, 39.856831], [-105.092074, 39.856835], [-105.093426, 39.856839], [-105.095331, 39.85686], [-105.096008, 39.85687], [-105.096158, 39.856884]]}}, {"type": "Feature", "properties": {"LINEARID": "110713409158", "FULLNAME": "W 72nd Dr", "RTTYP": "M", "MTFCC": "S1400"}, "geometry": {"type": "LineString", "coordinates": [[-105.068818, 39.828126], [-105.068635, 39.828217], [-105.068391, 39.828291], [-105.067784, 39.828375], [-105.066674, 39.828534], [-105.066386, 39.828609], [-105.066125, 39.828755], [-105.065923, 39.828894]]}}, {"type": "Feature", "properties": {"LINEARID": "110713409152", "FULLNAME": "W 72nd Dr", "RTTYP": "M", "MTFCC": "S1400"}, "geometry": {"type": "LineString", "coordinates": [[-105.178205, 39.82706], [-105.178573, 39.827393]]}}, {"type": "Feature", "properties": {"LINEARID": "110713413014", "FULLNAME": "W 104th Ave", "RTTYP": "M", "MTFCC": "S1400"}, "geometry": {"type": "LineString", "coordinates": [[-105.107022, 39.887264], [-105.107177, 39.887054]]}}, {"type": "Feature", "properties": {"LINEARID": "11012159525881", "FULLNAME": "W 88th Dr", "RTTYP": "M", "MTFCC": "S1400"}, "geometry": {"type": "LineString", "coordinates": [[-105.162048, 39.85605], [-105.162001, 39.856005], [-105.161962, 39.85595], [-105.16194, 39.855875], [-105.161932, 39.855794], [-105.161934, 39.855667], [-105.16193, 39.855606], [-105.162054, 39.855589], [-105.162154, 39.855609], [-105.162204, 39.85565], [-105.162231, 39.855711], [-105.162251, 39.855803], [-105.162242, 39.855933], [-105.162198, 39.856], [-105.162131, 39.856036], [-105.162048, 39.85605]]}}, {"type": "Feature", "properties": {"LINEARID": "110713409983", "FULLNAME": "W 88th Ave", "RTTYP": "M", "MTFCC": "S1400"}, "geometry": {"type": "LineString", "coordinates": [[-105.135158, 39.856426], [-105.140915, 39.856622], [-105.141827, 39.856653], [-105.141916, 39.856656], [-105.141961, 39.856657], [-105.142094, 39.856662], [-105.142953, 39.856685], [-105.143063, 39.856688], [-105.143342, 39.856702], [-105.143538, 39.856691], [-105.144385, 39.856676], [-105.144972, 39.85668], [-105.145156, 39.856682], [-105.145209, 39.856682], [-105.146424, 39.856666], [-105.147702, 39.856661]]}}, {"type": "Feature", "properties": {"LINEARID": "110713409174", "FULLNAME": "W 72nd Pl", "RTTYP": "M", "MTFCC": "S1400"}, "geometry": {"type": "LineString", "coordinates": [[-105.076183, 39.827893], [-105.076287, 39.827834], [-105.076517, 39.82781], [-105.076786, 39.827822], [-105.076892, 39.827873], [-105.076934, 39.827934]]}}, {"type": "Feature", "properties": {"LINEARID": "110713409160", "FULLNAME": "W 72nd Dr", "RTTYP": "M", "MTFCC": "S1400"}, "geometry": {"type": "LineString", "coordinates": [[-105.149108, 39.828336], [-105.149368, 39.828428], [-105.149513, 39.828456], [-105.149703, 39.82847], [-105.149952, 39.828415], [-105.150368, 39.828291], [-105.15059, 39.828265], [-105.151455, 39.828261], [-105.152352, 39.828257], [-105.152686, 39.828317], [-105.153621, 39.828653], [-105.154417, 39.828927], [-105.15471, 39.82907], [-105.154863, 39.829178], [-105.154998, 39.829305], [-105.155105, 39.829456]]}}, {"type": "Feature", "properties": {"LINEARID": "110713409157", "FULLNAME": "W 72nd Dr", "RTTYP": "M", "MTFCC": "S1400"}, "geometry": {"type": "LineString", "coordinates": [[-105.068818, 39.828126], [-105.068574, 39.827867]]}}, {"type": "Feature", "properties": {"LINEARID": "1102653804508", "FULLNAME": "W 104th Cir", "RTTYP": "M", "MTFCC": "S1400"}, "geometry": {"type": "LineString", "coordinates": [[-105.098477, 39.887019], [-105.098657, 39.887096], [-105.099111, 39.887526]]}}, {"type": "Feature", "properties": {"LINEARID": "110713413042", "FULLNAME": "W 104th Pl", "RTTYP": "M", "MTFCC": "S1400"}, "geometry": {"type": "LineString", "coordinates": [[-105.113963, 39.884127], [-105.114101, 39.884497], [-105.114236, 39.884787], [-105.114492, 39.884928], [-105.114711, 39.885074]]}}, {"type": "Feature", "properties": {"LINEARID": "110713413012", "FULLNAME": "W 104th Ave", "RTTYP": "M", "MTFCC": "S1400"}, "geometry": {"type": "LineString", "coordinates": [[-105.053093, 39.885218], [-105.055121, 39.885318]]}}, {"type": "Feature", "properties": {"LINEARID": "1106045730717", "FULLNAME": "W 72nd Pl", "RTTYP": "M", "MTFCC": "S1400"}, "geometry": {"type": "LineString", "coordinates": [[-105.146208, 39.827755], [-105.146486, 39.827714], [-105.14652, 39.827711], [-105.147095, 39.827708]]}}, {"type": "Feature", "properties": {"LINEARID": "1108296200098", "FULLNAME": "W 88th Dr", "RTTYP": "M", "MTFCC": "S1400"}, "geometry": {"type": "LineString", "coordinates": [[-105.160703, 39.855876], [-105.160839, 39.855878], [-105.160942, 39.855888], [-105.161012, 39.855909], [-105.161035, 39.855914], [-105.161124, 39.855947]]}}, {"type": "Feature", "properties": {"LINEARID": "1102217558753", "FULLNAME": "Sheridan Blvd", "RTTYP": "M", "MTFCC": "S1200"}, "geometry": {"type": "LineString", "coordinates": [[-105.053246, 39.791063], [-105.053217, 39.791759], [-105.053207, 39.792014], [-105.053178, 39.792893], [-105.053177, 39.793262], [-105.053175, 39.793631], [-105.053174, 39.793745], [-105.053174, 39.793841], [-105.053172, 39.794284], [-105.053172, 39.794314], [-105.053171, 39.794634], [-105.053173, 39.794678], [-105.053175, 39.794733], [-105.053198, 39.79544], [-105.053199, 39.795462], [-105.053199, 39.795594], [-105.0532, 39.796223], [-105.0532, 39.796244], [-105.053197, 39.796333], [-105.053193, 39.796434], [-105.053191, 39.796488], [-105.053193, 39.796596], [-105.053204, 39.797191], [-105.053205, 39.797244], [-105.053202, 39.79738], [-105.053189, 39.797905], [-105.053185, 39.798025], [-105.053182, 39.798152], [-105.053181, 39.79819], [-105.053179, 39.798274], [-105.053178, 39.7983], [-105.053175, 39.798491], [-105.053174, 39.798552], [-105.053167, 39.798929], [-105.053164, 39.799109], [-105.053162, 39.799211], [-105.053162, 39.799239], [-105.053143, 39.79941], [-105.053141, 39.799427], [-105.053102, 39.799788], [-105.053081, 39.799875], [-105.052949, 39.800437], [-105.052905, 39.800734], [-105.052886, 39.800863], [-105.052858, 39.801057], [-105.052856, 39.801098], [-105.05285, 39.801223], [-105.052841, 39.801407], [-105.052837, 39.801499], [-105.052832, 39.801606], [-105.052828, 39.801698], [-105.052825, 39.801754], [-105.052828, 39.801918], [-105.052839, 39.802535], [-105.052842, 39.802673], [-105.05284, 39.802757], [-105.052836, 39.802889], [-105.052827, 39.80331], [-105.052832, 39.803601], [-105.052829, 39.803874], [-105.052881, 39.804387], [-105.052902, 39.804485], [-105.052974, 39.804821], [-105.053147, 39.805548], [-105.053151, 39.805564], [-105.053256, 39.806497], [-105.053253, 39.806683], [-105.053248, 39.806985], [-105.053248, 39.807021], [-105.053262, 39.807651], [-105.053263, 39.807677], [-105.053249, 39.809178], [-105.053249, 39.809194], [-105.053245, 39.809978], [-105.053247, 39.810147], [-105.053246, 39.810723], [-105.05325, 39.81277], [-105.05325, 39.812802], [-105.053251, 39.814529], [-105.053252, 39.814642], [-105.053253, 39.814798], [-105.053266, 39.816247], [-105.053267, 39.816412], [-105.053252, 39.818207], [-105.053253, 39.818322], [-105.053267, 39.819747], [-105.053267, 39.819757], [-105.05327, 39.819999], [-105.05327, 39.820028], [-105.05327, 39.820059], [-105.053271, 39.820163], [-105.053279, 39.82089], [-105.053282, 39.821125], [-105.053282, 39.821163], [-105.053282, 39.821415], [-105.053281, 39.82184], [-105.053281, 39.821859], [-105.05328, 39.822025], [-105.053276, 39.822836], [-105.053276, 39.822853], [-105.053274, 39.823142], [-105.053273, 39.823336], [-105.053272, 39.823582], [-105.053271, 39.823666], [-105.053271, 39.823728], [-105.053271, 39.823746], [-105.053262, 39.827273], [-105.053262, 39.827283], [-105.053262, 39.828666], [-105.053262, 39.828803], [-105.053263, 39.828935], [-105.053266, 39.829522], [-105.053266, 39.829589], [-105.053266, 39.829676], [-105.053267, 39.829927], [-105.053272, 39.830608], [-105.053272, 39.83065], [-105.053272, 39.830675], [-105.053272, 39.830696], [-105.053272, 39.830738], [-105.053272, 39.830827], [-105.053271, 39.830892], [-105.053271, 39.830905], [-105.05327, 39.830924], [-105.053269, 39.831011], [-105.053264, 39.831309], [-105.053261, 39.83252], [-105.053261, 39.832707], [-105.053262, 39.832993], [-105.053262, 39.833174], [-105.053263, 39.83364], [-105.053266, 39.834527], [-105.053259, 39.834706], [-105.053258, 39.83507], [-105.053255, 39.836157], [-105.053255, 39.836325], [-105.053254, 39.836789], [-105.053254, 39.836845], [-105.053254, 39.83689], [-105.053254, 39.836903], [-105.053253, 39.836944], [-105.053253, 39.837066], [-105.053251, 39.837971], [-105.053251, 39.838157], [-105.05325, 39.838176], [-105.053245, 39.83836], [-105.053238, 39.838622], [-105.053236, 39.838788], [-105.053232, 39.839144], [-105.053246, 39.839394], [-105.053247, 39.839404], [-105.05326, 39.839858], [-105.053259, 39.839927], [-105.053259, 39.839969], [-105.053257, 39.840082], [-105.053252, 39.840453], [-105.053248, 39.840765], [-105.053242, 39.841266], [-105.053241, 39.841288], [-105.053241, 39.841306], [-105.053241, 39.841338], [-105.053241, 39.841363], [-105.053241, 39.841382], [-105.053236, 39.841784], [-105.053236, 39.841807], [-105.053228, 39.843063], [-105.05323, 39.843233], [-105.05323, 39.843253], [-105.05323, 39.843266], [-105.053241, 39.843981], [-105.05324, 39.844052], [-105.053236, 39.844286], [-105.053233, 39.844475], [-105.053219, 39.845243], [-105.053219, 39.845259], [-105.053218, 39.845276], [-105.053218, 39.8453], [-105.053215, 39.845485], [-105.053211, 39.845702], [-105.05321, 39.845763], [-105.053208, 39.846079], [-105.053203, 39.846865], [-105.053202, 39.847131], [-105.053201, 39.847279], [-105.0532, 39.847368], [-105.053198, 39.84788], [-105.053191, 39.849032], [-105.05319, 39.849251], [-105.053189, 39.849422], [-105.053189, 39.849518], [-105.053188, 39.849638], [-105.053188, 39.849649], [-105.053153, 39.85029], [-105.0529, 39.852042], [-105.052835, 39.852545], [-105.052847, 39.853229], [-105.052967, 39.853646], [-105.053013, 39.853775], [-105.053048, 39.853858], [-105.053105, 39.853986], [-105.05318, 39.854104], [-105.053249, 39.854194]]}}, {"type": "Feature", "properties": {"LINEARID": "110713405667", "FULLNAME": "Co Rd 172", "RTTYP": "C", "MTFCC": "S1400"}, "geometry": {"type": "LineString", "coordinates": [[-105.123657, 39.812722], [-105.1243, 39.812744], [-105.128408, 39.812756], [-105.129567, 39.812752], [-105.132053, 39.812736], [-105.133236, 39.812728], [-105.133852, 39.81273], [-105.137845, 39.812715]]}}, {"type": "Feature", "properties": {"LINEARID": "110713409136", "FULLNAME": "72nd Dr", "RTTYP": "M", "MTFCC": "S1400"}, "geometry": {"type": "LineString", "coordinates": [[-105.178205, 39.82706], [-105.178573, 39.827393]]}}, {"type": "Feature", "properties": {"LINEARID": "110713405689", "FULLNAME": "Co Rd 193", "RTTYP": "C", "MTFCC": "S1400"}, "geometry": {"type": "LineString", "coordinates": [[-105.20161, 39.769467], [-105.202496, 39.769383], [-105.203148, 39.769389], [-105.203671, 39.769393], [-105.203222, 39.769498], [-105.202805, 39.769567], [-105.202513, 39.769608], [-105.202122, 39.769631], [-105.201555, 39.769656], [-105.201233, 39.769707], [-105.200614, 39.76998], [-105.199729, 39.770367], [-105.199549, 39.770462], [-105.199357, 39.770582], [-105.198945, 39.770952], [-105.198748, 39.771101], [-105.19858, 39.771138], [-105.198532, 39.771149], [-105.197866, 39.771266], [-105.197423, 39.771341], [-105.197063, 39.771421], [-105.196858, 39.77149], [-105.196603, 39.771616], [-105.195942, 39.771976], [-105.195586, 39.772186], [-105.195448, 39.772267], [-105.194744, 39.772755], [-105.193716, 39.773367], [-105.193467, 39.773619], [-105.193065, 39.774104], [-105.192954, 39.774206], [-105.1928, 39.774347], [-105.192129, 39.774964], [-105.192031, 39.775056], [-105.19174, 39.775331], [-105.191478, 39.775602], [-105.191356, 39.775839], [-105.191228, 39.776257], [-105.191212, 39.77631], [-105.19089, 39.777122], [-105.19076, 39.777517], [-105.190272, 39.779322], [-105.190021, 39.780446], [-105.189924, 39.780988], [-105.189913, 39.78102], [-105.189786, 39.781404], [-105.189756, 39.781494], [-105.189562, 39.782102], [-105.189291, 39.783465], [-105.189283, 39.783504], [-105.189274, 39.783546], [-105.189264, 39.783596], [-105.189113, 39.78435], [-105.189044, 39.784814], [-105.188805, 39.787282], [-105.18877, 39.788021], [-105.188754, 39.788354], [-105.188712, 39.788698], [-105.188644, 39.790436], [-105.188301, 39.790686], [-105.187751, 39.791152], [-105.187532, 39.79143], [-105.187322, 39.791874], [-105.187179, 39.792591], [-105.187068, 39.79324], [-105.186981, 39.793972], [-105.18699, 39.794239], [-105.187023, 39.794524], [-105.187539, 39.796994], [-105.187669, 39.797594], [-105.187704, 39.797813], [-105.187717, 39.797891], [-105.187799, 39.798091], [-105.18788, 39.798196], [-105.188159, 39.798411], [-105.188327, 39.798515], [-105.188783, 39.798854], [-105.189848, 39.799561], [-105.191818, 39.800974], [-105.192649, 39.801529], [-105.192902, 39.801717], [-105.193095, 39.801872], [-105.193164, 39.801996], [-105.19318, 39.802735], [-105.193217, 39.804381], [-105.193224, 39.804699], [-105.193223, 39.80522], [-105.193223, 39.805481], [-105.193314, 39.80547]]}}, {"type": "Feature", "properties": {"LINEARID": "110713435140", "FULLNAME": "Sheridan Ct", "RTTYP": "M", "MTFCC": "S1400"}, "geometry": {"type": "LineString", "coordinates": [[-105.054001, 39.845293], [-105.054015, 39.845765], [-105.054007, 39.846627], [-105.054, 39.849639], [-105.053995, 39.85168], [-105.054017, 39.851765]]}}, {"type": "Feature", "properties": {"LINEARID": "110713405659", "FULLNAME": "State Hwy 128", "RTTYP": "S", "MTFCC": "S1200"}, "geometry": {"type": "LineString", "coordinates": [[-105.148342, 39.913885], [-105.148414, 39.913863], [-105.148489, 39.913841], [-105.149924, 39.913454], [-105.150483, 39.913326], [-105.151232, 39.913269], [-105.152502, 39.913245], [-105.15297, 39.9132], [-105.153307, 39.913143], [-105.154749, 39.912751], [-105.155359, 39.912592], [-105.15637, 39.912301], [-105.15647, 39.912273], [-105.157005, 39.912123], [-105.157311, 39.912037], [-105.1585, 39.911703], [-105.159038, 39.911597], [-105.159413, 39.911576], [-105.159585, 39.911566], [-105.160216, 39.911573], [-105.161108, 39.911566], [-105.162079, 39.911532], [-105.162582, 39.91146], [-105.16289, 39.911411], [-105.163251, 39.911327], [-105.164444, 39.911002], [-105.164645, 39.910945], [-105.165132, 39.910805], [-105.165311, 39.910762], [-105.165395, 39.910739], [-105.165708, 39.91063], [-105.166134, 39.910521], [-105.166435, 39.910434], [-105.167062, 39.910253], [-105.168786, 39.909743], [-105.169412, 39.909563], [-105.169687, 39.909484], [-105.170243, 39.909318], [-105.170614, 39.909213], [-105.17099, 39.909121], [-105.171293, 39.909057], [-105.171791, 39.908962], [-105.172405, 39.908884], [-105.172505, 39.908871], [-105.173096, 39.908843], [-105.173836, 39.908853], [-105.174465, 39.908924], [-105.175287, 39.909077], [-105.175796, 39.909212], [-105.176516, 39.909476], [-105.179534, 39.910823], [-105.179551, 39.910831], [-105.184043, 39.912851], [-105.18462, 39.913046], [-105.185188, 39.913195], [-105.18578, 39.913296], [-105.186367, 39.91337], [-105.186782, 39.913385], [-105.188938, 39.913426], [-105.18977, 39.913489], [-105.190347, 39.913575], [-105.190363, 39.913579], [-105.191108, 39.913739], [-105.191769, 39.913944], [-105.192184, 39.914102]]}}, {"type": "Feature", "properties": {"LINEARID": "110713405656", "FULLNAME": "Co Rd 128", "RTTYP": "C", "MTFCC": "S1200"}, "geometry": {"type": "LineString", "coordinates": [[-105.148342, 39.913885], [-105.148414, 39.913863], [-105.148489, 39.913841], [-105.149924, 39.913454], [-105.150483, 39.913326], [-105.151232, 39.913269], [-105.152502, 39.913245], [-105.15297, 39.9132], [-105.153307, 39.913143], [-105.154749, 39.912751], [-105.155359, 39.912592], [-105.15637, 39.912301], [-105.15647, 39.912273], [-105.157005, 39.912123], [-105.157311, 39.912037], [-105.1585, 39.911703], [-105.159038, 39.911597], [-105.159413, 39.911576], [-105.159585, 39.911566], [-105.160216, 39.911573], [-105.161108, 39.911566], [-105.162079, 39.911532], [-105.162582, 39.91146], [-105.16289, 39.911411], [-105.163251, 39.911327], [-105.164444, 39.911002], [-105.164645, 39.910945], [-105.165132, 39.910805], [-105.165311, 39.910762], [-105.165395, 39.910739], [-105.165708, 39.91063]]}}, {"type": "Feature", "properties": {"LINEARID": "1106087966162", "FULLNAME": "Wadsworth Byp", "RTTYP": "M", "MTFCC": "S1400"}, "geometry": {"type": "LineString", "coordinates": [[-105.078843, 39.899823], [-105.078859, 39.899757], [-105.079083, 39.899304], [-105.079247, 39.899095], [-105.079522, 39.898767], [-105.079629, 39.898656], [-105.08004, 39.898199], [-105.080295, 39.897933], [-105.080441, 39.897781], [-105.080637, 39.897558], [-105.080695, 39.897448], [-105.080753, 39.897338], [-105.080982, 39.896867], [-105.081061, 39.896691]]}}, {"type": "Feature", "properties": {"LINEARID": "1104742660073", "FULLNAME": "Wadsworth Blvd", "RTTYP": "M", "MTFCC": "S1400"}, "geometry": {"type": "LineString", "coordinates": [[-105.081061, 39.896691], [-105.081064, 39.896766], [-105.081072, 39.897008], [-105.081095, 39.897665], [-105.081085, 39.897923]]}}, {"type": "Feature", "properties": {"LINEARID": "1104486769201", "FULLNAME": "Sheridan Blvd", "RTTYP": "M", "MTFCC": "S1400"}, "geometry": {"type": "LineString", "coordinates": [[-105.053207, 39.861835], [-105.053201, 39.862102], [-105.0532, 39.862204], [-105.0532, 39.862294], [-105.053191, 39.863569], [-105.053191, 39.86362], [-105.053233, 39.868829], [-105.053233, 39.86884], [-105.053236, 39.869149], [-105.053234, 39.869217], [-105.05323, 39.869395], [-105.053208, 39.870367], [-105.053207, 39.870389], [-105.053207, 39.870408], [-105.053199, 39.870776], [-105.053198, 39.870826], [-105.053189, 39.872222], [-105.053189, 39.872264], [-105.053189, 39.872296], [-105.053188, 39.872435], [-105.053187, 39.872628], [-105.053189, 39.873345], [-105.053162, 39.874404], [-105.053154, 39.87468], [-105.053146, 39.874963], [-105.053146, 39.874974], [-105.053143, 39.875102], [-105.053141, 39.875115], [-105.053143, 39.875124], [-105.05314, 39.875216], [-105.05314, 39.875303], [-105.053139, 39.875402], [-105.05314, 39.875539], [-105.05314, 39.87565], [-105.053139, 39.876298], [-105.053139, 39.876685], [-105.053139, 39.877108], [-105.053139, 39.877142], [-105.053139, 39.877387], [-105.053139, 39.877428], [-105.053138, 39.877981], [-105.053138, 39.878024], [-105.053133, 39.878291], [-105.053132, 39.878322], [-105.053132, 39.878334], [-105.053132, 39.878344], [-105.053131, 39.878358], [-105.053123, 39.878794], [-105.05312, 39.879275], [-105.053119, 39.879544], [-105.053118, 39.879723], [-105.053117, 39.879845], [-105.053114, 39.880383], [-105.053106, 39.881647], [-105.053106, 39.881673], [-105.0531, 39.882928], [-105.053093, 39.884358], [-105.053093, 39.884591], [-105.053093, 39.885181], [-105.053093, 39.885218], [-105.053092, 39.88533], [-105.053091, 39.885356], [-105.05309, 39.885375], [-105.053074, 39.885832], [-105.053064, 39.886096], [-105.05306, 39.88689], [-105.053051, 39.888959], [-105.053038, 39.891745], [-105.053036, 39.892187], [-105.053035, 39.892557], [-105.053035, 39.893201], [-105.053037, 39.896417], [-105.053042, 39.896838], [-105.053039, 39.896885], [-105.053028, 39.897094], [-105.053013, 39.897378], [-105.053008, 39.897619], [-105.052993, 39.897917], [-105.053005, 39.899769], [-105.053005, 39.899806], [-105.052993, 39.901392], [-105.052972, 39.904209], [-105.052969, 39.904618], [-105.052964, 39.905158], [-105.052964, 39.905209], [-105.05297, 39.9061], [-105.052973, 39.906575], [-105.052973, 39.906637], [-105.052968, 39.907013], [-105.052968, 39.907049], [-105.052968, 39.907888], [-105.052968, 39.908849], [-105.052885, 39.911679], [-105.052886, 39.913612], [-105.052886, 39.913688], [-105.052884, 39.913795], [-105.052889, 39.914077], [-105.052892, 39.914224]]}}, {"type": "Feature", "properties": {"LINEARID": "1104486769346", "FULLNAME": "US Hwy 287", "RTTYP": "U", "MTFCC": "S1200"}, "geometry": {"type": "LineString", "coordinates": [[-105.052889, 39.914077], [-105.052975, 39.914077]]}}, {"type": "Feature", "properties": {"LINEARID": "1104472945989", "FULLNAME": "State Hwy 121", "RTTYP": "S", "MTFCC": "S1200"}, "geometry": {"type": "LineString", "coordinates": [[-105.081401, 39.821984], [-105.081425, 39.823681], [-105.081435, 39.82448], [-105.081442, 39.825026], [-105.081444, 39.825184], [-105.081447, 39.827244], [-105.081493, 39.828759], [-105.081501, 39.82903], [-105.081545, 39.830443], [-105.08161, 39.83273], [-105.081674, 39.834912], [-105.081685, 39.835586], [-105.081711, 39.837123], [-105.081722, 39.837811], [-105.081756, 39.838399], [-105.081776, 39.839943], [-105.081777, 39.839983], [-105.081821, 39.841799], [-105.081802, 39.844427], [-105.081799, 39.844858], [-105.081784, 39.847058], [-105.081789, 39.847153], [-105.081787, 39.847183], [-105.081783, 39.847263], [-105.081777, 39.847787], [-105.081759, 39.849283], [-105.081736, 39.851214], [-105.081743, 39.851392], [-105.081751, 39.851611], [-105.081749, 39.851688], [-105.081708, 39.853064], [-105.081698, 39.853393], [-105.081699, 39.853858], [-105.0817, 39.855167], [-105.081686, 39.856441], [-105.081656, 39.859442]]}}, {"type": "Feature", "properties": {"LINEARID": "11031989600124", "FULLNAME": "Westminster Blvd", "RTTYP": "M", "MTFCC": "S1400"}, "geometry": {"type": "LineString", "coordinates": [[-105.06075, 39.856475], [-105.060757, 39.856708], [-105.060943, 39.857444], [-105.061256, 39.858258], [-105.061377, 39.858415], [-105.062035, 39.859268], [-105.062697, 39.860126], [-105.062733, 39.860172], [-105.062687, 39.861142], [-105.062617, 39.862661], [-105.062587, 39.863299], [-105.062564, 39.863598], [-105.062575, 39.865085], [-105.062577, 39.865342], [-105.062577, 39.865682], [-105.062578, 39.865863], [-105.062578, 39.866169], [-105.062579, 39.866822], [-105.062579, 39.866944], [-105.062576, 39.86715], [-105.062572, 39.867237], [-105.062549, 39.86771], [-105.062508, 39.868577], [-105.062503, 39.868978], [-105.062475, 39.869835], [-105.062458, 39.870137], [-105.062445, 39.870358], [-105.062435, 39.870524], [-105.062432, 39.870539], [-105.062347, 39.870972], [-105.062194, 39.871332], [-105.062157, 39.871419], [-105.061958, 39.871748], [-105.06162, 39.872193], [-105.061198, 39.872651], [-105.061147, 39.872705], [-105.061102, 39.872753], [-105.060701, 39.873208], [-105.060501, 39.873543], [-105.060366, 39.873922], [-105.06033, 39.874262], [-105.06035, 39.874514], [-105.060394, 39.874786], [-105.060559, 39.875129], [-105.060737, 39.875418], [-105.060883, 39.875588], [-105.061104, 39.875795], [-105.061301, 39.875934], [-105.061799, 39.876199], [-105.06215, 39.876438], [-105.062498, 39.876658], [-105.063655, 39.877416], [-105.06409, 39.877741], [-105.064425, 39.878061], [-105.065083, 39.878928], [-105.065995, 39.88016], [-105.066314, 39.880601], [-105.066626, 39.88108], [-105.066796, 39.88137], [-105.067042, 39.881835], [-105.067293, 39.88246], [-105.0674, 39.882789], [-105.067432, 39.882893], [-105.067528, 39.883197], [-105.067632, 39.883718], [-105.067737, 39.884402], [-105.067784, 39.885466], [-105.067792, 39.88596], [-105.067765, 39.886439], [-105.06775, 39.886712], [-105.06767, 39.886943], [-105.06749, 39.887613], [-105.067334, 39.888159], [-105.067275, 39.888323], [-105.067221, 39.888534], [-105.067196, 39.88869], [-105.067184, 39.889065], [-105.067237, 39.889266], [-105.067321, 39.889495], [-105.067423, 39.889706], [-105.0675, 39.889815], [-105.067567, 39.889888], [-105.067809, 39.890146], [-105.068013, 39.890296], [-105.06819, 39.890405], [-105.068527, 39.890555], [-105.069107, 39.890745], [-105.069421, 39.890841], [-105.070577, 39.891242], [-105.070967, 39.891392], [-105.07125, 39.891514], [-105.071347, 39.891563], [-105.071481, 39.891631], [-105.071642, 39.891749], [-105.071829, 39.891902], [-105.071946, 39.892043], [-105.07203, 39.892153], [-105.072163, 39.892393], [-105.072184, 39.892447], [-105.072223, 39.892543], [-105.072272, 39.892745], [-105.072294, 39.892891], [-105.072294, 39.89362], [-105.072295, 39.893675], [-105.07231, 39.894957], [-105.072337, 39.897323], [-105.072316, 39.898446], [-105.07229, 39.899837]]}}, {"type": "Feature", "properties": {"LINEARID": "110713405475", "FULLNAME": "Co Rd 5", "RTTYP": "C", "MTFCC": "S1200"}, "geometry": {"type": "LineString", "coordinates": [[-105.165708, 39.91063], [-105.166134, 39.910521], [-105.166435, 39.910434], [-105.167062, 39.910253], [-105.168786, 39.909743], [-105.169412, 39.909563], [-105.169687, 39.909484]]}}, {"type": "Feature", "properties": {"LINEARID": "1104486509339", "FULLNAME": "Co Rd 5", "RTTYP": "C", "MTFCC": "S1400"}, "geometry": {"type": "LineString", "coordinates": [[-105.165204, 39.850624], [-105.165254, 39.851624], [-105.165256, 39.851769], [-105.165267, 39.852544], [-105.165275, 39.853273], [-105.165283, 39.854122], [-105.165284, 39.854192], [-105.165284, 39.854262], [-105.165285, 39.854422], [-105.165287, 39.855518], [-105.165288, 39.85591], [-105.165289, 39.856051], [-105.165289, 39.856106], [-105.165289, 39.856191], [-105.165296, 39.857349], [-105.165296, 39.857398], [-105.165297, 39.857586], [-105.165298, 39.857736], [-105.165299, 39.857911], [-105.165302, 39.858401], [-105.165302, 39.85881], [-105.165303, 39.859725], [-105.165303, 39.859818], [-105.165304, 39.85993], [-105.165308, 39.862137], [-105.165325, 39.863398], [-105.165337, 39.863951], [-105.165345, 39.864314], [-105.16536, 39.865012], [-105.16536, 39.865109], [-105.165358, 39.867267], [-105.165373, 39.868648], [-105.165409, 39.870527], [-105.165412, 39.870559], [-105.165414, 39.870596], [-105.165424, 39.87068], [-105.165426, 39.870699], [-105.165437, 39.870799], [-105.16545, 39.872455], [-105.165452, 39.87268], [-105.165453, 39.872835], [-105.165453, 39.872866], [-105.165465, 39.876395], [-105.165466, 39.87677], [-105.165462, 39.877956], [-105.165462, 39.877997], [-105.165474, 39.881648], [-105.165474, 39.88169], [-105.165542, 39.886632], [-105.165518, 39.887552], [-105.165523, 39.88869], [-105.165526, 39.889537], [-105.165528, 39.889635], [-105.165533, 39.889987], [-105.165541, 39.890431], [-105.165544, 39.890631], [-105.165554, 39.890898], [-105.165557, 39.890973], [-105.165557, 39.890988], [-105.165559, 39.891155], [-105.165562, 39.891472], [-105.165571, 39.892462], [-105.165571, 39.892495]]}}, {"type": "Feature", "properties": {"LINEARID": "1104472945992", "FULLNAME": "State Hwy 121", "RTTYP": "S", "MTFCC": "S1200"}, "geometry": {"type": "LineString", "coordinates": [[-105.081378, 39.78247], [-105.081424, 39.782987], [-105.081434, 39.783785], [-105.081439, 39.78437], [-105.081439, 39.784417], [-105.081439, 39.78446], [-105.081437, 39.784987], [-105.081436, 39.785147], [-105.081439, 39.785867], [-105.081435, 39.786142], [-105.081473, 39.787214], [-105.081479, 39.788199], [-105.081486, 39.788853], [-105.081463, 39.789491], [-105.081463, 39.789778], [-105.081473, 39.790385], [-105.081402, 39.791196], [-105.081353, 39.7914], [-105.081216, 39.791884], [-105.08121, 39.791902], [-105.081005, 39.792234], [-105.080781, 39.792561], [-105.080447, 39.792985], [-105.079995, 39.793405], [-105.078522, 39.794998], [-105.078168, 39.795485], [-105.077884, 39.795919], [-105.077654, 39.796306], [-105.077275, 39.796959], [-105.076959, 39.797544], [-105.076818, 39.797898], [-105.076669, 39.798379], [-105.076616, 39.798764], [-105.076595, 39.799513], [-105.076587, 39.799662], [-105.076595, 39.799849], [-105.076589, 39.801989], [-105.076607, 39.802546], [-105.07661, 39.802593], [-105.076609, 39.802692], [-105.07662, 39.802854], [-105.076641, 39.80299], [-105.076681, 39.803247], [-105.07672, 39.803376], [-105.076826, 39.803724], [-105.077053, 39.804395], [-105.077218, 39.804811], [-105.077646, 39.805783], [-105.077958, 39.806544], [-105.07799, 39.806615], [-105.07836, 39.807438], [-105.079049, 39.809242], [-105.079275, 39.809801], [-105.079289, 39.809839], [-105.080518, 39.81286], [-105.081199, 39.81414], [-105.081289, 39.814313], [-105.081432, 39.814659], [-105.081506, 39.8153], [-105.081506, 39.816493], [-105.081486, 39.818309], [-105.081472, 39.818609], [-105.081486, 39.82012], [-105.081401, 39.821984]]}}, {"type": "Feature", "properties": {"LINEARID": "1105048336281", "FULLNAME": "Wadsworth Pkwy", "RTTYP": "M", "MTFCC": "S1200"}, "geometry": {"type": "LineString", "coordinates": [[-105.095934, 39.899777], [-105.095897, 39.898351], [-105.095869, 39.897737], [-105.095863, 39.897377], [-105.095862, 39.897314], [-105.095786, 39.893021], [-105.09578, 39.892628], [-105.095797, 39.89213], [-105.095868, 39.890014], [-105.095947, 39.88768], [-105.096024, 39.885398], [-105.096034, 39.885092], [-105.096049, 39.88466], [-105.096063, 39.881773], [-105.096084, 39.880359], [-105.096039, 39.879801], [-105.096033, 39.879749], [-105.095988, 39.87933], [-105.095807, 39.878618], [-105.095638, 39.878088], [-105.095427, 39.877579], [-105.095295, 39.877262], [-105.095126, 39.877004], [-105.094761, 39.876447], [-105.09413, 39.875685], [-105.092905, 39.874204], [-105.090325, 39.871117], [-105.087466, 39.867694], [-105.083866, 39.86343], [-105.083556, 39.863063], [-105.083458, 39.862945], [-105.0832, 39.862636], [-105.083131, 39.862554], [-105.082596, 39.861927], [-105.082198, 39.861307], [-105.081678, 39.860201], [-105.081656, 39.859442], [-105.08181, 39.860084], [-105.081994, 39.860535], [-105.082245, 39.860995], [-105.082635, 39.861608], [-105.082842, 39.86189], [-105.083295, 39.862526], [-105.083687, 39.863007], [-105.08397, 39.86337], [-105.084232, 39.863706], [-105.085014, 39.864602], [-105.087659, 39.867593], [-105.09048, 39.871018], [-105.090531, 39.871079], [-105.090567, 39.871124], [-105.091176, 39.871844], [-105.093074, 39.874117], [-105.094404, 39.875663], [-105.094584, 39.875879], [-105.09511, 39.876536], [-105.095358, 39.876977], [-105.095409, 39.877067], [-105.095624, 39.877475], [-105.095897, 39.878093], [-105.096023, 39.878498], [-105.096175, 39.878958], [-105.096222, 39.879597], [-105.096244, 39.879746], [-105.096245, 39.879781], [-105.096245, 39.879796], [-105.09631, 39.881775], [-105.096325, 39.881934], [-105.096341, 39.882616], [-105.096355, 39.884233], [-105.09635, 39.884688], [-105.096349, 39.884703], [-105.096317, 39.885115], [-105.096294, 39.885402], [-105.096228, 39.887659], [-105.096107, 39.890016], [-105.096031, 39.892536], [-105.096027, 39.892632], [-105.096005, 39.893173], [-105.096029, 39.894357], [-105.096089, 39.897262], [-105.096092, 39.897311], [-105.096096, 39.897378], [-105.096113, 39.897652], [-105.096126, 39.898421], [-105.096145, 39.899314], [-105.09615, 39.89961], [-105.096157, 39.899781]]}}, {"type": "Feature", "properties": {"LINEARID": "1105048336719", "FULLNAME": "State Hwy 121", "RTTYP": "S", "MTFCC": "S1200"}, "geometry": {"type": "LineString", "coordinates": [[-105.081656, 39.859442], [-105.08181, 39.860084], [-105.081994, 39.860535], [-105.082245, 39.860995], [-105.082635, 39.861608], [-105.082842, 39.86189], [-105.083295, 39.862526], [-105.083687, 39.863007], [-105.08397, 39.86337], [-105.084232, 39.863706], [-105.085014, 39.864602], [-105.087659, 39.867593], [-105.09048, 39.871018], [-105.090531, 39.871079], [-105.090567, 39.871124], [-105.091176, 39.871844], [-105.093074, 39.874117], [-105.094404, 39.875663], [-105.094584, 39.875879], [-105.09511, 39.876536], [-105.095358, 39.876977], [-105.095409, 39.877067], [-105.095624, 39.877475], [-105.095897, 39.878093], [-105.096023, 39.878498], [-105.096175, 39.878958], [-105.096222, 39.879597], [-105.096244, 39.879746], [-105.096245, 39.879781], [-105.096245, 39.879796], [-105.09631, 39.881775], [-105.096325, 39.881934], [-105.096341, 39.882616], [-105.096355, 39.884233], [-105.09635, 39.884688], [-105.096349, 39.884703], [-105.096317, 39.885115], [-105.096294, 39.885402], [-105.096228, 39.887659], [-105.096107, 39.890016], [-105.096031, 39.892536], [-105.096027, 39.892632], [-105.096005, 39.893173], [-105.096029, 39.894357], [-105.096089, 39.897262], [-105.096092, 39.897311], [-105.096096, 39.897378], [-105.096113, 39.897652], [-105.096126, 39.898421], [-105.096145, 39.899314], [-105.09615, 39.89961], [-105.096157, 39.899781]]}}, {"type": "Feature", "properties": {"LINEARID": "110713405476", "FULLNAME": "Co Rd 5", "RTTYP": "C", "MTFCC": "S1400"}, "geometry": {"type": "LineString", "coordinates": [[-105.16615, 39.914047], [-105.167305, 39.913033], [-105.167687, 39.912637], [-105.16802, 39.91223], [-105.168353, 39.911768], [-105.169503, 39.910101], [-105.169745, 39.909786], [-105.169754, 39.90962], [-105.169742, 39.909596], [-105.169687, 39.909484]]}}, {"type": "Feature", "properties": {"LINEARID": "1104742652681", "FULLNAME": "Wadsworth Blvd", "RTTYP": "M", "MTFCC": "S1400"}, "geometry": {"type": "LineString", "coordinates": [[-105.081061, 39.896691], [-105.080982, 39.896867], [-105.080753, 39.897338], [-105.080695, 39.897448], [-105.080871, 39.897542], [-105.081016, 39.8977], [-105.081085, 39.897923]]}}, {"type": "Feature", "properties": {"LINEARID": "1102217530289", "FULLNAME": "State Hwy 95", "RTTYP": "S", "MTFCC": "S1200"}, "geometry": {"type": "LineString", "coordinates": [[-105.053246, 39.791063], [-105.053217, 39.791759], [-105.053207, 39.792014], [-105.053178, 39.792893], [-105.053177, 39.793262], [-105.053175, 39.793631], [-105.053174, 39.793745], [-105.053174, 39.793841], [-105.053172, 39.794284], [-105.053172, 39.794314], [-105.053171, 39.794634], [-105.053173, 39.794678], [-105.053175, 39.794733], [-105.053198, 39.79544], [-105.053199, 39.795462], [-105.053199, 39.795594], [-105.0532, 39.796223], [-105.0532, 39.796244], [-105.053197, 39.796333], [-105.053193, 39.796434], [-105.053191, 39.796488], [-105.053193, 39.796596], [-105.053204, 39.797191], [-105.053205, 39.797244], [-105.053202, 39.79738], [-105.053189, 39.797905], [-105.053185, 39.798025], [-105.053182, 39.798152], [-105.053181, 39.79819], [-105.053179, 39.798274], [-105.053178, 39.7983], [-105.053175, 39.798491], [-105.053174, 39.798552], [-105.053167, 39.798929], [-105.053164, 39.799109], [-105.053162, 39.799211], [-105.053162, 39.799239], [-105.053143, 39.79941], [-105.053141, 39.799427], [-105.053102, 39.799788], [-105.053081, 39.799875], [-105.052949, 39.800437], [-105.052905, 39.800734], [-105.052886, 39.800863], [-105.052858, 39.801057], [-105.052856, 39.801098], [-105.05285, 39.801223], [-105.052841, 39.801407], [-105.052837, 39.801499], [-105.052832, 39.801606], [-105.052828, 39.801698], [-105.052825, 39.801754], [-105.052828, 39.801918], [-105.052839, 39.802535], [-105.052842, 39.802673], [-105.05284, 39.802757], [-105.052836, 39.802889], [-105.052827, 39.80331], [-105.052832, 39.803601], [-105.052829, 39.803874], [-105.052881, 39.804387], [-105.052902, 39.804485], [-105.052974, 39.804821], [-105.053147, 39.805548], [-105.053151, 39.805564], [-105.053256, 39.806497], [-105.053253, 39.806683], [-105.053248, 39.806985], [-105.053248, 39.807021], [-105.053262, 39.807651], [-105.053263, 39.807677], [-105.053249, 39.809178], [-105.053249, 39.809194], [-105.053245, 39.809978], [-105.053247, 39.810147], [-105.053246, 39.810723], [-105.05325, 39.81277], [-105.05325, 39.812802], [-105.053251, 39.814529], [-105.053252, 39.814642], [-105.053253, 39.814798], [-105.053266, 39.816247], [-105.053267, 39.816412], [-105.053252, 39.818207], [-105.053253, 39.818322], [-105.053267, 39.819747], [-105.053267, 39.819757], [-105.05327, 39.819999], [-105.05327, 39.820028], [-105.05327, 39.820059], [-105.053271, 39.820163], [-105.053279, 39.82089], [-105.053282, 39.821125], [-105.053282, 39.821163], [-105.053282, 39.821415], [-105.053281, 39.82184], [-105.053281, 39.821859], [-105.05328, 39.822025], [-105.053276, 39.822836], [-105.053276, 39.822853], [-105.053274, 39.823142], [-105.053273, 39.823336], [-105.053272, 39.823582], [-105.053271, 39.823666], [-105.053271, 39.823728], [-105.053271, 39.823746], [-105.053262, 39.827273], [-105.053262, 39.827283], [-105.053262, 39.828666], [-105.053262, 39.828803], [-105.053263, 39.828935], [-105.053266, 39.829522], [-105.053266, 39.829589], [-105.053266, 39.829676], [-105.053267, 39.829927], [-105.053272, 39.830608], [-105.053272, 39.83065], [-105.053272, 39.830675], [-105.053272, 39.830696], [-105.053272, 39.830738], [-105.053272, 39.830827], [-105.053271, 39.830892], [-105.053271, 39.830905], [-105.05327, 39.830924], [-105.053269, 39.831011], [-105.053264, 39.831309], [-105.053261, 39.83252], [-105.053261, 39.832707], [-105.053262, 39.832993], [-105.053262, 39.833174], [-105.053263, 39.83364], [-105.053266, 39.834527], [-105.053259, 39.834706], [-105.053258, 39.83507], [-105.053255, 39.836157], [-105.053255, 39.836325], [-105.053254, 39.836789], [-105.053254, 39.836845], [-105.053254, 39.83689], [-105.053254, 39.836903], [-105.053253, 39.836944], [-105.053253, 39.837066], [-105.053251, 39.837971], [-105.053251, 39.838157], [-105.05325, 39.838176], [-105.053245, 39.83836], [-105.053238, 39.838622], [-105.053236, 39.838788], [-105.053232, 39.839144], [-105.053246, 39.839394], [-105.053247, 39.839404], [-105.05326, 39.839858], [-105.053259, 39.839927], [-105.053259, 39.839969], [-105.053257, 39.840082], [-105.053252, 39.840453], [-105.053248, 39.840765], [-105.053242, 39.841266], [-105.053241, 39.841288], [-105.053241, 39.841306], [-105.053241, 39.841338], [-105.053241, 39.841363], [-105.053241, 39.841382], [-105.053236, 39.841784], [-105.053236, 39.841807], [-105.053228, 39.843063], [-105.05323, 39.843233], [-105.05323, 39.843253], [-105.05323, 39.843266], [-105.053241, 39.843981], [-105.05324, 39.844052], [-105.053236, 39.844286], [-105.053233, 39.844475], [-105.053219, 39.845243], [-105.053219, 39.845259], [-105.053218, 39.845276], [-105.053218, 39.8453], [-105.053215, 39.845485], [-105.053211, 39.845702], [-105.05321, 39.845763], [-105.053208, 39.846079], [-105.053203, 39.846865], [-105.053202, 39.847131], [-105.053201, 39.847279], [-105.0532, 39.847368], [-105.053198, 39.84788], [-105.053191, 39.849032], [-105.05319, 39.849251], [-105.053189, 39.849422], [-105.053189, 39.849518], [-105.053188, 39.849638], [-105.053188, 39.849649], [-105.053153, 39.85029], [-105.0529, 39.852042], [-105.052835, 39.852545], [-105.052847, 39.853229], [-105.052967, 39.853646], [-105.053013, 39.853775], [-105.053048, 39.853858], [-105.053105, 39.853986], [-105.05318, 39.854104], [-105.053249, 39.854194]]}}, {"type": "Feature", "properties": {"LINEARID": "1106092815080", "FULLNAME": "Olde Wadsworth Blvd", "RTTYP": "M", "MTFCC": "S1400"}, "geometry": {"type": "LineString", "coordinates": [[-105.081411, 39.794409], [-105.081451, 39.79531], [-105.081448, 39.796286], [-105.081453, 39.796958], [-105.081427, 39.798333], [-105.08143, 39.798431], [-105.081417, 39.798538], [-105.081411, 39.798591], [-105.081415, 39.799174], [-105.08141, 39.800166], [-105.081421, 39.801139], [-105.081433, 39.801992], [-105.081437, 39.802777], [-105.081431, 39.802868], [-105.081426, 39.803722], [-105.081423, 39.803806], [-105.081419, 39.804213], [-105.081413, 39.804871], [-105.081417, 39.805565], [-105.081415, 39.805967], [-105.081424, 39.807159], [-105.081424, 39.807434], [-105.081424, 39.807479], [-105.081418, 39.807568], [-105.081434, 39.809277], [-105.081434, 39.809705], [-105.081416, 39.811107], [-105.081399, 39.812883], [-105.081427, 39.813766], [-105.081451, 39.814544], [-105.081546, 39.814657]]}}, {"type": "Feature", "properties": {"LINEARID": "1107090290270", "FULLNAME": "Co Rd 172", "RTTYP": "C", "MTFCC": "S1400"}, "geometry": {"type": "LineString", "coordinates": [[-105.10977, 39.80785], [-105.109885, 39.808063], [-105.110065, 39.808272], [-105.111338, 39.809417], [-105.112685, 39.810676], [-105.113397, 39.811339], [-105.113726, 39.81164], [-105.113892, 39.811794], [-105.114149, 39.812014], [-105.114384, 39.812205], [-105.114818, 39.812441], [-105.114898, 39.812467], [-105.115233, 39.812578], [-105.11554, 39.812647], [-105.116069, 39.812713], [-105.117438, 39.812711], [-105.118338, 39.812709], [-105.118984, 39.812708], [-105.120037, 39.812726], [-105.120887, 39.812728], [-105.121739, 39.812741], [-105.122576, 39.81274], [-105.123083, 39.812731], [-105.123553, 39.812722]]}}, {"type": "Feature", "properties": {"LINEARID": "1102217530296", "FULLNAME": "State Hwy 95", "RTTYP": "S", "MTFCC": "S1200"}, "geometry": {"type": "LineString", "coordinates": [[-105.053249, 39.854194], [-105.053291, 39.854253], [-105.053457, 39.854523], [-105.053581, 39.854724], [-105.054657, 39.85639], [-105.055032, 39.856986], [-105.055081, 39.857061], [-105.055397, 39.857549], [-105.055524, 39.857761], [-105.055608, 39.857947], [-105.05566, 39.858189], [-105.055669, 39.85844], [-105.055674, 39.858579], [-105.055631, 39.858789], [-105.055418, 39.85916], [-105.054876, 39.859708], [-105.054764, 39.859811], [-105.054086, 39.860368]]}}, {"type": "Feature", "properties": {"LINEARID": "110713409134", "FULLNAME": "72nd Ave", "RTTYP": "M", "MTFCC": "S1400"}, "geometry": {"type": "LineString", "coordinates": [[-105.163342, 39.827015], [-105.163873, 39.827013], [-105.1646, 39.827012], [-105.164767, 39.827011], [-105.165142, 39.82701]]}}, {"type": "Feature", "properties": {"LINEARID": "1104486769216", "FULLNAME": "State Hwy 128", "RTTYP": "S", "MTFCC": "S1200"}, "geometry": {"type": "LineString", "coordinates": [[-105.052892, 39.914224], [-105.052957, 39.914224], [-105.052971, 39.914224]]}}, {"type": "Feature", "properties": {"LINEARID": "1106087436676", "FULLNAME": "Wadsworth Blvd", "RTTYP": "M", "MTFCC": "S1400"}, "geometry": {"type": "LineString", "coordinates": [[-105.081624, 39.863632], [-105.081599, 39.864297], [-105.081584, 39.864932], [-105.081579, 39.865169], [-105.081579, 39.865185], [-105.08158, 39.865217], [-105.081588, 39.865568], [-105.081594, 39.865824], [-105.081594, 39.865835], [-105.081595, 39.866003], [-105.081596, 39.866074], [-105.081596, 39.86611], [-105.081596, 39.866128], [-105.081596, 39.86625], [-105.081597, 39.866371], [-105.081592, 39.86647], [-105.081589, 39.866516], [-105.081583, 39.866627], [-105.081588, 39.866722], [-105.081608, 39.867037], [-105.081645, 39.867264], [-105.081644, 39.867304], [-105.081641, 39.867559], [-105.081635, 39.867771], [-105.081617, 39.868408], [-105.081595, 39.869491], [-105.081548, 39.870881], [-105.081546, 39.870941], [-105.081543, 39.871016], [-105.081543, 39.87103], [-105.081543, 39.871184], [-105.081543, 39.871547], [-105.081542, 39.871682], [-105.081536, 39.872228], [-105.081536, 39.872247], [-105.081524, 39.872385], [-105.08151, 39.873197], [-105.081508, 39.873299], [-105.081508, 39.873319], [-105.081483, 39.873703], [-105.081479, 39.873958], [-105.08145, 39.874785], [-105.08141, 39.875372], [-105.081409, 39.875451], [-105.081397, 39.876271], [-105.081395, 39.876368], [-105.081379, 39.877175], [-105.081379, 39.877278], [-105.081375, 39.877999], [-105.081368, 39.878278], [-105.081349, 39.878971], [-105.081332, 39.879649], [-105.081324, 39.879957], [-105.08132, 39.880043], [-105.081291, 39.880634], [-105.081291, 39.880696], [-105.08129, 39.880769], [-105.081288, 39.880996], [-105.081286, 39.881363], [-105.081279, 39.881672], [-105.081274, 39.881978], [-105.081274, 39.882006], [-105.081273, 39.882028], [-105.081268, 39.882163], [-105.081251, 39.88265], [-105.081257, 39.882955], [-105.081258, 39.88304], [-105.081259, 39.88309], [-105.08126, 39.883122], [-105.081258, 39.883148], [-105.081228, 39.88346], [-105.081227, 39.883525], [-105.081221, 39.884456], [-105.08122, 39.884568], [-105.08123, 39.884676], [-105.081234, 39.884723], [-105.081267, 39.884874], [-105.081283, 39.884909], [-105.081305, 39.884956], [-105.081337, 39.885025], [-105.081412, 39.885104], [-105.08143, 39.885123], [-105.081547, 39.88523], [-105.081725, 39.885371], [-105.081823, 39.885421], [-105.081897, 39.885458], [-105.081945, 39.885482], [-105.081967, 39.885492], [-105.081995, 39.885505], [-105.082197, 39.885597], [-105.08236, 39.885712], [-105.082477, 39.88587], [-105.082494, 39.885929], [-105.082528, 39.886044], [-105.082525, 39.886142], [-105.082496, 39.88624], [-105.082453, 39.886337], [-105.082397, 39.886433], [-105.081485, 39.887573], [-105.081312, 39.887825], [-105.081238, 39.888023], [-105.081182, 39.888235], [-105.081154, 39.888408], [-105.081157, 39.888515], [-105.081159, 39.888591], [-105.081157, 39.888661], [-105.08115, 39.888937], [-105.08117, 39.889676], [-105.081153, 39.889922], [-105.081136, 39.89016], [-105.081133, 39.890199], [-105.081121, 39.892535], [-105.081106, 39.893471], [-105.081097, 39.894091], [-105.081095, 39.89419], [-105.08107, 39.896395], [-105.081075, 39.896496], [-105.081061, 39.896691]]}}, {"type": "Feature", "properties": {"LINEARID": "1106092760450", "FULLNAME": "Wadsworth Blvd", "RTTYP": "M", "MTFCC": "S1400"}, "geometry": {"type": "LineString", "coordinates": [[-105.081411, 39.794409], [-105.081451, 39.79531], [-105.081448, 39.796286], [-105.081453, 39.796958], [-105.081427, 39.798333], [-105.08143, 39.798431], [-105.081417, 39.798538], [-105.081411, 39.798591], [-105.081415, 39.799174], [-105.08141, 39.800166], [-105.081421, 39.801139], [-105.081433, 39.801992], [-105.081437, 39.802777], [-105.081431, 39.802868], [-105.081426, 39.803722], [-105.081423, 39.803806], [-105.081419, 39.804213], [-105.081413, 39.804871], [-105.081417, 39.805565], [-105.081415, 39.805967], [-105.081424, 39.807159], [-105.081424, 39.807434], [-105.081424, 39.807479], [-105.081418, 39.807568], [-105.081434, 39.809277], [-105.081434, 39.809705], [-105.081416, 39.811107], [-105.081399, 39.812883], [-105.081427, 39.813766], [-105.081451, 39.814544], [-105.081546, 39.814657]]}}, {"type": "Feature", "properties": {"LINEARID": "110713405474", "FULLNAME": "Co Rd 5", "RTTYP": "C", "MTFCC": "S1200"}, "geometry": {"type": "LineString", "coordinates": [[-105.165174, 39.812457], [-105.165182, 39.8126], [-105.165154, 39.813152], [-105.16514, 39.81343], [-105.165138, 39.813812], [-105.165135, 39.814284], [-105.165133, 39.81457], [-105.16513, 39.815122], [-105.16513, 39.815205], [-105.165118, 39.816084], [-105.165114, 39.81652], [-105.165148, 39.817159], [-105.165149, 39.817178], [-105.16515, 39.81719], [-105.165157, 39.817312], [-105.165192, 39.817914], [-105.165195, 39.817994], [-105.165203, 39.818188], [-105.165259, 39.819609], [-105.165261, 39.819735], [-105.165262, 39.819835], [-105.165251, 39.820411], [-105.165246, 39.820674], [-105.165245, 39.820694], [-105.165229, 39.821075], [-105.165225, 39.821201], [-105.165221, 39.821303], [-105.165219, 39.821349], [-105.165185, 39.822202], [-105.165164, 39.823352], [-105.165164, 39.823372], [-105.165164, 39.823408], [-105.165163, 39.823462], [-105.165163, 39.823543], [-105.165162, 39.823856], [-105.165162, 39.823976], [-105.16516, 39.824433], [-105.165156, 39.825364], [-105.165156, 39.825414], [-105.165156, 39.82553], [-105.165156, 39.82565], [-105.165156, 39.825713], [-105.165156, 39.825767], [-105.165144, 39.826791], [-105.165142, 39.82701], [-105.165149, 39.827478], [-105.165149, 39.827538], [-105.165153, 39.827812], [-105.165179, 39.829658], [-105.165182, 39.829883], [-105.16518, 39.829955], [-105.165177, 39.830088], [-105.165177, 39.830115], [-105.165173, 39.830543], [-105.165172, 39.830602], [-105.165172, 39.830636], [-105.165175, 39.830842], [-105.165178, 39.831129], [-105.165179, 39.831209], [-105.165185, 39.831674], [-105.165169, 39.832582], [-105.165168, 39.832791], [-105.165167, 39.832856], [-105.165167, 39.832867], [-105.165162, 39.833315], [-105.165162, 39.83335], [-105.165153, 39.834049], [-105.165152, 39.834151], [-105.165154, 39.834294], [-105.16516, 39.834626], [-105.16516, 39.834648], [-105.165169, 39.835131], [-105.165169, 39.835183], [-105.165161, 39.836606], [-105.165171, 39.83737], [-105.165174, 39.837629], [-105.165191, 39.838143], [-105.165193, 39.838209], [-105.165193, 39.838329], [-105.165198, 39.838799], [-105.165197, 39.839156], [-105.165196, 39.839276], [-105.165217, 39.841002], [-105.165218, 39.841062], [-105.165234, 39.842704], [-105.165241, 39.843426], [-105.165254, 39.845107], [-105.165255, 39.84523], [-105.165256, 39.845345], [-105.165256, 39.846626], [-105.165256, 39.846915], [-105.165256, 39.846972], [-105.165256, 39.847092], [-105.165256, 39.847109], [-105.165256, 39.847187], [-105.165256, 39.847309], [-105.165256, 39.847371], [-105.165256, 39.847451], [-105.165256, 39.847652], [-105.165255, 39.848126], [-105.165241, 39.848787], [-105.165215, 39.850141], [-105.165204, 39.850624]]}}, {"type": "Feature", "properties": {"LINEARID": "1104472979952", "FULLNAME": "Wadsworth Blvd", "RTTYP": "M", "MTFCC": "S1200"}, "geometry": {"type": "LineString", "coordinates": [[-105.081378, 39.78247], [-105.081424, 39.782987], [-105.081434, 39.783785], [-105.081439, 39.78437], [-105.081439, 39.784417], [-105.081439, 39.78446], [-105.081437, 39.784987], [-105.081436, 39.785147], [-105.081439, 39.785867], [-105.081435, 39.786142], [-105.081473, 39.787214], [-105.081479, 39.788199], [-105.081486, 39.788853], [-105.081463, 39.789491], [-105.081463, 39.789778], [-105.081473, 39.790385], [-105.081402, 39.791196], [-105.081353, 39.7914], [-105.081216, 39.791884], [-105.08121, 39.791902], [-105.081005, 39.792234], [-105.080781, 39.792561], [-105.080447, 39.792985], [-105.079995, 39.793405], [-105.078522, 39.794998], [-105.078168, 39.795485], [-105.077884, 39.795919], [-105.077654, 39.796306], [-105.077275, 39.796959], [-105.076959, 39.797544], [-105.076818, 39.797898], [-105.076669, 39.798379], [-105.076616, 39.798764], [-105.076595, 39.799513], [-105.076587, 39.799662], [-105.076595, 39.799849], [-105.076589, 39.801989], [-105.076607, 39.802546], [-105.07661, 39.802593], [-105.076609, 39.802692], [-105.07662, 39.802854], [-105.076641, 39.80299], [-105.076681, 39.803247], [-105.07672, 39.803376], [-105.076826, 39.803724], [-105.077053, 39.804395], [-105.077218, 39.804811], [-105.077646, 39.805783], [-105.077958, 39.806544], [-105.07799, 39.806615], [-105.07836, 39.807438], [-105.079049, 39.809242], [-105.079275, 39.809801], [-105.079289, 39.809839], [-105.080518, 39.81286], [-105.081199, 39.81414], [-105.081289, 39.814313], [-105.081432, 39.814659], [-105.081506, 39.8153], [-105.081506, 39.816493], [-105.081486, 39.818309], [-105.081472, 39.818609], [-105.081486, 39.82012], [-105.081401, 39.821984]]}}, {"type": "Feature", "properties": {"LINEARID": "110713445472", "FULLNAME": "72nd Frontage Rd", "RTTYP": "M", "MTFCC": "S1400"}, "geometry": {"type": "LineString", "coordinates": [[-105.072045, 39.827194], [-105.071064, 39.827124], [-105.070154, 39.827113], [-105.06926, 39.827177], [-105.068336, 39.827178], [-105.06738, 39.827184], [-105.06491, 39.827185], [-105.064018, 39.827184], [-105.063274, 39.827186], [-105.063183, 39.827173], [-105.063159, 39.827158]]}}, {"type": "Feature", "properties": {"LINEARID": "110713443193", "FULLNAME": "Wadsworth Byp", "RTTYP": "M", "MTFCC": "S1200"}, "geometry": {"type": "LineString", "coordinates": [[-105.081216, 39.791884], [-105.08121, 39.791902], [-105.081005, 39.792234], [-105.080781, 39.792561], [-105.080447, 39.792985], [-105.079995, 39.793405], [-105.078522, 39.794998], [-105.078168, 39.795485], [-105.077884, 39.795919], [-105.077654, 39.796306], [-105.077275, 39.796959], [-105.076959, 39.797544], [-105.076818, 39.797898], [-105.076669, 39.798379], [-105.076616, 39.798764], [-105.076595, 39.799513], [-105.076587, 39.799662], [-105.076595, 39.799849], [-105.076589, 39.801989], [-105.076607, 39.802546], [-105.07661, 39.802593], [-105.076609, 39.802692], [-105.07662, 39.802854], [-105.076641, 39.80299], [-105.076681, 39.803247], [-105.07672, 39.803376], [-105.076826, 39.803724], [-105.077053, 39.804395], [-105.077218, 39.804811], [-105.077646, 39.805783], [-105.077958, 39.806544], [-105.07799, 39.806615], [-105.07836, 39.807438], [-105.079049, 39.809242], [-105.079275, 39.809801], [-105.079289, 39.809839], [-105.080518, 39.81286], [-105.081199, 39.81414], [-105.081289, 39.814313], [-105.081432, 39.814659]]}}, {"type": "Feature", "properties": {"LINEARID": "110713446357", "FULLNAME": "Sheridan Frontage Rd", "RTTYP": "M", "MTFCC": "S1400"}, "geometry": {"type": "LineString", "coordinates": [[-105.053263, 39.802299], [-105.053252, 39.80159], [-105.053247, 39.801291], [-105.053244, 39.801092], [-105.053262, 39.800861], [-105.053272, 39.800739], [-105.053291, 39.80051], [-105.053416, 39.800402], [-105.053638, 39.800283], [-105.053777, 39.800159], [-105.0538, 39.800159], [-105.053877, 39.800159], [-105.053965, 39.800159], [-105.054135, 39.800158]]}}, {"type": "Feature", "properties": {"LINEARID": "110713409135", "FULLNAME": "72nd Cir", "RTTYP": "M", "MTFCC": "S1400"}, "geometry": {"type": "LineString", "coordinates": [[-105.175351, 39.827689], [-105.175397, 39.827602], [-105.175461, 39.827552], [-105.175665, 39.827494], [-105.175825, 39.827444], [-105.176002, 39.827374], [-105.176187, 39.827275], [-105.176323, 39.827189], [-105.176468, 39.827069], [-105.176623, 39.82696], [-105.176885, 39.826822]]}}, {"type": "Feature", "properties": {"LINEARID": "1104469668726", "FULLNAME": "Sheridan Blvd", "RTTYP": "M", "MTFCC": "S1400"}, "geometry": {"type": "LineString", "coordinates": [[-105.054086, 39.860368], [-105.053913, 39.860531], [-105.053706, 39.860727], [-105.053576, 39.860955], [-105.053498, 39.861091], [-105.053366, 39.86138], [-105.053207, 39.861835]]}}, {"type": "Feature", "properties": {"LINEARID": "1105048336720", "FULLNAME": "State Hwy 121", "RTTYP": "S", "MTFCC": "S1200"}, "geometry": {"type": "LineString", "coordinates": [[-105.081656, 39.859442], [-105.081678, 39.860201], [-105.082198, 39.861307], [-105.082596, 39.861927], [-105.083131, 39.862554], [-105.0832, 39.862636], [-105.083458, 39.862945], [-105.083556, 39.863063], [-105.083866, 39.86343], [-105.087466, 39.867694], [-105.090325, 39.871117], [-105.092905, 39.874204], [-105.09413, 39.875685], [-105.094761, 39.876447], [-105.095126, 39.877004], [-105.095295, 39.877262], [-105.095427, 39.877579], [-105.095638, 39.878088], [-105.095807, 39.878618], [-105.095988, 39.87933], [-105.096033, 39.879749], [-105.096039, 39.879801], [-105.096084, 39.880359], [-105.096063, 39.881773], [-105.096049, 39.88466], [-105.096034, 39.885092], [-105.096024, 39.885398], [-105.095947, 39.88768], [-105.095868, 39.890014], [-105.095797, 39.89213], [-105.09578, 39.892628], [-105.095786, 39.893021], [-105.095862, 39.897314], [-105.095863, 39.897377], [-105.095869, 39.897737], [-105.095897, 39.898351], [-105.095934, 39.899777]]}}, {"type": "Feature", "properties": {"LINEARID": "110713405729", "FULLNAME": "Co Rd 284", "RTTYP": "C", "MTFCC": "S1400"}, "geometry": {"type": "LineString", "coordinates": [[-105.193314, 39.80547], [-105.195511, 39.805473], [-105.19583, 39.805469], [-105.196937, 39.805463], [-105.197477, 39.80546], [-105.197977, 39.805457], [-105.198202, 39.805464], [-105.200048, 39.805453], [-105.201391, 39.805468], [-105.202523, 39.80548], [-105.202779, 39.805439]]}}, {"type": "Feature", "properties": {"LINEARID": "1104472979951", "FULLNAME": "Wadsworth Blvd", "RTTYP": "M", "MTFCC": "S1200"}, "geometry": {"type": "LineString", "coordinates": [[-105.081401, 39.821984], [-105.081425, 39.823681], [-105.081435, 39.82448], [-105.081442, 39.825026], [-105.081444, 39.825184], [-105.081447, 39.827244], [-105.081493, 39.828759], [-105.081501, 39.82903], [-105.081545, 39.830443], [-105.08161, 39.83273], [-105.081674, 39.834912], [-105.081685, 39.835586], [-105.081711, 39.837123], [-105.081722, 39.837811], [-105.081756, 39.838399], [-105.081776, 39.839943], [-105.081777, 39.839983], [-105.081821, 39.841799], [-105.081802, 39.844427], [-105.081799, 39.844858], [-105.081784, 39.847058], [-105.081789, 39.847153], [-105.081787, 39.847183], [-105.081783, 39.847263], [-105.081777, 39.847787], [-105.081759, 39.849283], [-105.081736, 39.851214], [-105.081743, 39.851392], [-105.081751, 39.851611], [-105.081749, 39.851688], [-105.081708, 39.853064], [-105.081698, 39.853393], [-105.081699, 39.853858], [-105.0817, 39.855167], [-105.081686, 39.856441], [-105.081656, 39.859442]]}}, {"type": "Feature", "properties": {"LINEARID": "1108296281820", "FULLNAME": "US Hwy 36", "RTTYP": "U", "MTFCC": "S1100"}, "geometry": {"type": "LineString", "coordinates": [[-105.053257, 39.856946], [-105.053791, 39.857908], [-105.054381, 39.859025], [-105.054594, 39.859486], [-105.054764, 39.859811], [-105.055101, 39.860575], [-105.055328, 39.861058], [-105.055487, 39.861417], [-105.056042, 39.8626], [-105.056378, 39.863342], [-105.056488, 39.863602], [-105.05729, 39.865276], [-105.05791, 39.866667], [-105.057984, 39.866833], [-105.058672, 39.868286], [-105.059096, 39.869263], [-105.059424, 39.870004], [-105.059447, 39.870056], [-105.059522, 39.870206], [-105.05989, 39.870938], [-105.060311, 39.87166], [-105.06076, 39.872271], [-105.060939, 39.87253], [-105.061102, 39.872753], [-105.061254, 39.87296], [-105.061921, 39.873873], [-105.062721, 39.874941], [-105.0634, 39.87587], [-105.064305, 39.877087], [-105.064917, 39.877922], [-105.06544, 39.878665], [-105.066498, 39.880047], [-105.067122, 39.880926], [-105.068565, 39.882874], [-105.068699, 39.883067], [-105.068746, 39.883134], [-105.069109, 39.883632], [-105.070097, 39.884922], [-105.071395, 39.886678], [-105.071668, 39.887033], [-105.071814, 39.887249], [-105.072367, 39.888015], [-105.07344, 39.889457], [-105.073697, 39.889829], [-105.074126, 39.890452], [-105.074242, 39.890595], [-105.074934, 39.891492], [-105.07545, 39.892179], [-105.075541, 39.8923], [-105.075563, 39.89233], [-105.076153, 39.893132], [-105.07669, 39.893888], [-105.076965, 39.894338], [-105.077861, 39.895883], [-105.078304, 39.896684], [-105.078872, 39.897683], [-105.079249, 39.898327], [-105.079522, 39.898767], [-105.08025, 39.899819]]}}, {"type": "Feature", "properties": {"LINEARID": "1107090290271", "FULLNAME": "Co Rd 172", "RTTYP": "C", "MTFCC": "S1400"}, "geometry": {"type": "LineString", "coordinates": [[-105.104785, 39.802887], [-105.104807, 39.803074], [-105.104845, 39.803214], [-105.104898, 39.803322], [-105.104951, 39.803391], [-105.105116, 39.80357], [-105.105853, 39.804251], [-105.106772, 39.805137], [-105.107714, 39.806012], [-105.108755, 39.807], [-105.109076, 39.807259], [-105.109273, 39.807334], [-105.109423, 39.80736], [-105.109628, 39.807376]]}}, {"type": "Feature", "properties": {"LINEARID": "1103944834569", "FULLNAME": "Co Rd 5", "RTTYP": "C", "MTFCC": "S1400"}, "geometry": {"type": "LineString", "coordinates": [[-105.16569, 39.910515], [-105.165708, 39.91063]]}}, {"type": "Feature", "properties": {"LINEARID": "110713405531", "FULLNAME": "Co Rd 19", "RTTYP": "C", "MTFCC": "S1400"}, "geometry": {"type": "LineString", "coordinates": [[-105.14776, 39.849398], [-105.147759, 39.849479], [-105.147748, 39.850468], [-105.147752, 39.85061], [-105.147767, 39.851142], [-105.147783, 39.851727], [-105.147764, 39.852373], [-105.147752, 39.852807], [-105.147746, 39.853071], [-105.147745, 39.853142], [-105.147743, 39.853193], [-105.147724, 39.853721], [-105.147725, 39.854976], [-105.147697, 39.855793], [-105.147708, 39.855974], [-105.147711, 39.856026], [-105.147708, 39.856414], [-105.147706, 39.856495], [-105.147702, 39.856661], [-105.147689, 39.858134], [-105.147682, 39.858947], [-105.147645, 39.862966], [-105.147644, 39.863078], [-105.147643, 39.863194], [-105.147658, 39.863552], [-105.147653, 39.863741], [-105.147649, 39.863898], [-105.147645, 39.864033], [-105.147639, 39.865436], [-105.147638, 39.865537], [-105.14761, 39.867491], [-105.147609, 39.867535], [-105.147607, 39.867714], [-105.147603, 39.868076], [-105.147589, 39.869412], [-105.147588, 39.86954], [-105.147593, 39.869683], [-105.147617, 39.869816], [-105.147654, 39.86992], [-105.147692, 39.869974], [-105.147743, 39.870034], [-105.14793, 39.87021], [-105.148266, 39.8705], [-105.148653, 39.870833], [-105.148854, 39.871031], [-105.148933, 39.871109], [-105.148743, 39.871116], [-105.148598, 39.871163], [-105.148468, 39.871242], [-105.148434, 39.87128], [-105.148385, 39.871336], [-105.148292, 39.871458], [-105.148259, 39.871506], [-105.148047, 39.87182], [-105.147625, 39.872427], [-105.14751, 39.87266], [-105.147455, 39.872796], [-105.147437, 39.87294], [-105.147437, 39.87295], [-105.147439, 39.873287], [-105.14744, 39.874232], [-105.147441, 39.875357], [-105.14744, 39.8757], [-105.147435, 39.876809], [-105.147432, 39.877581], [-105.147414, 39.878137], [-105.147418, 39.878259], [-105.147258, 39.878302], [-105.147068, 39.87831], [-105.144811, 39.878312], [-105.144188, 39.878313]]}}, {"type": "Feature", "properties": {"LINEARID": "1102217558754", "FULLNAME": "Sheridan Blvd", "RTTYP": "M", "MTFCC": "S1200"}, "geometry": {"type": "LineString", "coordinates": [[-105.053249, 39.854194], [-105.053291, 39.854253], [-105.053457, 39.854523], [-105.053581, 39.854724], [-105.054657, 39.85639], [-105.055032, 39.856986], [-105.055081, 39.857061], [-105.055397, 39.857549], [-105.055524, 39.857761], [-105.055608, 39.857947], [-105.05566, 39.858189], [-105.055669, 39.85844], [-105.055674, 39.858579], [-105.055631, 39.858789], [-105.055418, 39.85916], [-105.054876, 39.859708], [-105.054764, 39.859811], [-105.054086, 39.860368]]}}, {"type": "Feature", "properties": {"LINEARID": "1104472827307", "FULLNAME": "Wadsworth Byp", "RTTYP": "M", "MTFCC": "S1200"}, "geometry": {"type": "LineString", "coordinates": [[-105.079789, 39.793297], [-105.078134, 39.795151], [-105.077854, 39.795545], [-105.077427, 39.796308], [-105.076876, 39.797243], [-105.076689, 39.797691], [-105.076535, 39.798178], [-105.076509, 39.798345], [-105.076468, 39.798612], [-105.076408, 39.799066], [-105.0764, 39.799688], [-105.076397, 39.799873], [-105.07639, 39.801985]]}}, {"type": "Feature", "properties": {"LINEARID": "1104486769343", "FULLNAME": "US Hwy 287", "RTTYP": "U", "MTFCC": "S1200"}, "geometry": {"type": "LineString", "coordinates": [[-105.052892, 39.914224], [-105.052957, 39.914224], [-105.052971, 39.914224]]}}, {"type": "Feature", "properties": {"LINEARID": "1104469067247", "FULLNAME": "State Hwy 128", "RTTYP": "S", "MTFCC": "S1200"}, "geometry": {"type": "LineString", "coordinates": [[-105.140573, 39.914029], [-105.143462, 39.91403], [-105.144734, 39.914031], [-105.145561, 39.914031], [-105.146069, 39.914031], [-105.146271, 39.914031], [-105.146531, 39.914032], [-105.147117, 39.914002]]}}, {"type": "Feature", "properties": {"LINEARID": "1105048336641", "FULLNAME": "120th Ave", "RTTYP": "M", "MTFCC": "S1400"}, "geometry": {"type": "LineString", "coordinates": [[-105.116226, 39.914094], [-105.116338, 39.914093], [-105.116515, 39.914091], [-105.116712, 39.91409], [-105.117353, 39.914086], [-105.118536, 39.914078]]}}, {"type": "Feature", "properties": {"LINEARID": "1104472001044", "FULLNAME": "State Hwy 72", "RTTYP": "S", "MTFCC": "S1200"}, "geometry": {"type": "LineString", "coordinates": [[-105.137901, 39.778325], [-105.137881, 39.779578], [-105.137877, 39.779907], [-105.137904, 39.780155], [-105.13792, 39.781346], [-105.137923, 39.781434], [-105.137924, 39.781459], [-105.137918, 39.781821], [-105.13791, 39.782317], [-105.137937, 39.782859], [-105.137942, 39.782952], [-105.137968, 39.783802], [-105.138017, 39.784261], [-105.13805, 39.78531], [-105.138041, 39.785387], [-105.13796, 39.78612], [-105.137958, 39.786558], [-105.137961, 39.786747], [-105.137962, 39.786963], [-105.138007, 39.787719], [-105.137999, 39.788073], [-105.137973, 39.788573], [-105.137976, 39.790886], [-105.137976, 39.790939], [-105.137999, 39.791514], [-105.138006, 39.791699], [-105.138011, 39.791805], [-105.138011, 39.791821], [-105.138003, 39.792638], [-105.138001, 39.793522], [-105.138001, 39.793584], [-105.137998, 39.7942], [-105.137998, 39.794328], [-105.137998, 39.794457], [-105.137978, 39.795287], [-105.137982, 39.797291], [-105.137982, 39.797349], [-105.137979, 39.797949], [-105.137982, 39.798087], [-105.137984, 39.798142], [-105.137985, 39.798176], [-105.137988, 39.798269], [-105.137987, 39.798449], [-105.137985, 39.798779], [-105.137982, 39.7989], [-105.137977, 39.799113], [-105.137938, 39.799864], [-105.137939, 39.799916], [-105.137936, 39.8], [-105.137898, 39.801178], [-105.137896, 39.801263], [-105.137895, 39.801339], [-105.13789, 39.801691], [-105.137895, 39.801802], [-105.137891, 39.803628], [-105.13789, 39.804152], [-105.137891, 39.804394], [-105.137888, 39.804604], [-105.137884, 39.804835], [-105.137884, 39.805018], [-105.137884, 39.805077], [-105.137882, 39.805711], [-105.137855, 39.807642], [-105.137882, 39.809017], [-105.137873, 39.809337], [-105.137874, 39.811047], [-105.137854, 39.812195], [-105.137845, 39.812715], [-105.138504, 39.812718], [-105.139047, 39.81272], [-105.140116, 39.8127], [-105.140197, 39.812699], [-105.141355, 39.812703], [-105.142713, 39.812704], [-105.143278, 39.812701], [-105.144632, 39.812693], [-105.144818, 39.812692], [-105.145318, 39.812689], [-105.145971, 39.812685], [-105.14684, 39.812682], [-105.147118, 39.81268], [-105.147357, 39.812679], [-105.148699, 39.812665], [-105.149174, 39.812663], [-105.149533, 39.812662], [-105.15003, 39.812654], [-105.150221, 39.812651], [-105.150845, 39.812633], [-105.150905, 39.812631], [-105.151217, 39.812625], [-105.151532, 39.812619], [-105.152301, 39.812605], [-105.154119, 39.812593], [-105.155537, 39.81256], [-105.155726, 39.812561], [-105.156692, 39.812568], [-105.157824, 39.812547], [-105.157942, 39.812547], [-105.157979, 39.812547], [-105.15801, 39.812546], [-105.158412, 39.812537], [-105.158979, 39.812525], [-105.159175, 39.81252], [-105.159189, 39.81252], [-105.159226, 39.812519], [-105.159913, 39.812521], [-105.160241, 39.812513], [-105.160431, 39.812508], [-105.162351, 39.812477], [-105.162524, 39.812476], [-105.162674, 39.812475], [-105.163423, 39.812472], [-105.1637, 39.812469], [-105.164112, 39.812465], [-105.164373, 39.812462], [-105.164973, 39.812458], [-105.16515, 39.812457], [-105.165174, 39.812457], [-105.165182, 39.8126], [-105.165154, 39.813152], [-105.16514, 39.81343], [-105.165138, 39.813812], [-105.165135, 39.814284], [-105.165133, 39.81457], [-105.16513, 39.815122], [-105.16513, 39.815205], [-105.165118, 39.816084], [-105.165114, 39.81652], [-105.165148, 39.817159], [-105.165149, 39.817178], [-105.16515, 39.81719], [-105.165157, 39.817312], [-105.165192, 39.817914], [-105.165195, 39.817994], [-105.165203, 39.818188], [-105.165259, 39.819609], [-105.165261, 39.819735], [-105.165262, 39.819835], [-105.165251, 39.820411], [-105.165246, 39.820674], [-105.165245, 39.820694], [-105.165229, 39.821075], [-105.165225, 39.821201], [-105.165221, 39.821303], [-105.165219, 39.821349], [-105.165185, 39.822202], [-105.165164, 39.823352], [-105.165164, 39.823372], [-105.165164, 39.823408], [-105.165163, 39.823462], [-105.165163, 39.823543], [-105.165162, 39.823856], [-105.165162, 39.823976], [-105.16516, 39.824433], [-105.165156, 39.825364], [-105.165156, 39.825414], [-105.165156, 39.82553], [-105.165156, 39.82565], [-105.165156, 39.825713], [-105.165156, 39.825767], [-105.165144, 39.826791], [-105.165142, 39.82701], [-105.165149, 39.827478], [-105.165149, 39.827538], [-105.165153, 39.827812], [-105.165179, 39.829658], [-105.165182, 39.829883], [-105.16518, 39.829955], [-105.165177, 39.830088], [-105.165177, 39.830115], [-105.165173, 39.830543], [-105.165172, 39.830602], [-105.165172, 39.830636], [-105.165175, 39.830842], [-105.165178, 39.831129], [-105.165179, 39.831209], [-105.165185, 39.831674], [-105.165169, 39.832582], [-105.165168, 39.832791], [-105.165167, 39.832856], [-105.165167, 39.832867], [-105.165162, 39.833315], [-105.165162, 39.83335], [-105.165153, 39.834049], [-105.165152, 39.834151], [-105.165154, 39.834294], [-105.16516, 39.834626], [-105.16516, 39.834648], [-105.165169, 39.835131], [-105.165169, 39.835183], [-105.165161, 39.836606], [-105.165171, 39.83737], [-105.165174, 39.837629], [-105.165191, 39.838143], [-105.165193, 39.838209], [-105.165193, 39.838329], [-105.165198, 39.838799], [-105.165197, 39.839156], [-105.165196, 39.839276], [-105.165217, 39.841002], [-105.165218, 39.841062], [-105.165234, 39.842704], [-105.165241, 39.843426], [-105.165254, 39.845107], [-105.165255, 39.84523], [-105.165256, 39.845345], [-105.165256, 39.846626], [-105.165256, 39.846915], [-105.165256, 39.846972], [-105.165256, 39.847092], [-105.165256, 39.847109], [-105.165256, 39.847187], [-105.165256, 39.847309], [-105.165256, 39.847371], [-105.165256, 39.847451], [-105.165256, 39.847652], [-105.165255, 39.848126], [-105.165241, 39.848787], [-105.165215, 39.850141], [-105.165204, 39.850624], [-105.165418, 39.850638], [-105.165847, 39.850665], [-105.166474, 39.850725], [-105.166548, 39.850732], [-105.166783, 39.850748], [-105.167252, 39.850783], [-105.167371, 39.850792], [-105.167682, 39.85081], [-105.167812, 39.850818], [-105.167887, 39.850823], [-105.168663, 39.85088], [-105.168964, 39.850903], [-105.169365, 39.850934], [-105.171107, 39.851077], [-105.173417, 39.851267], [-105.173463, 39.851271], [-105.173982, 39.851312], [-105.177832, 39.851612], [-105.178068, 39.851638], [-105.178089, 39.851641], [-105.178343, 39.851674], [-105.178545, 39.851708], [-105.178614, 39.851723], [-105.178654, 39.851731], [-105.178668, 39.851734], [-105.179059, 39.851844], [-105.179524, 39.851988], [-105.183928, 39.85375], [-105.184593, 39.854024], [-105.18471, 39.854072], [-105.185163, 39.854314], [-105.187646, 39.855904], [-105.187751, 39.855972], [-105.187916, 39.856079], [-105.18988, 39.857353], [-105.19072, 39.857871], [-105.190748, 39.857887], [-105.191308, 39.858211], [-105.191406, 39.858267], [-105.192126, 39.85868], [-105.192459, 39.858871], [-105.192651, 39.858971], [-105.192684, 39.858988], [-105.192876, 39.859086], [-105.193025, 39.859169], [-105.195419, 39.860508], [-105.196073, 39.860876], [-105.196115, 39.860899], [-105.196802, 39.861259], [-105.197676, 39.861699], [-105.198243, 39.861926], [-105.198945, 39.862158], [-105.199443, 39.86229], [-105.200014, 39.862414], [-105.200714, 39.86254], [-105.201605, 39.86264], [-105.203536, 39.862811], [-105.205991, 39.863015], [-105.206165, 39.863029], [-105.211627, 39.863493], [-105.211997, 39.863524], [-105.214398, 39.863727], [-105.217802, 39.864015], [-105.218781, 39.864099], [-105.2196, 39.864168], [-105.220942, 39.864289], [-105.221248, 39.864316], [-105.221345, 39.864325], [-105.221788, 39.864364], [-105.221967, 39.864381], [-105.222087, 39.864391], [-105.224605, 39.864589], [-105.226677, 39.864752], [-105.227377, 39.864818], [-105.227427, 39.864822], [-105.2312, 39.865153], [-105.234185, 39.865397], [-105.234335, 39.865409], [-105.23436, 39.865411], [-105.236104, 39.865573], [-105.236742, 39.865609], [-105.236802, 39.865614], [-105.237692, 39.865686], [-105.239174, 39.865806], [-105.239269, 39.865814], [-105.239359, 39.865821], [-105.239638, 39.865848], [-105.239834, 39.865867], [-105.240265, 39.865909], [-105.240684, 39.865934], [-105.240915, 39.865948], [-105.241, 39.865953], [-105.241165, 39.865966], [-105.248496, 39.86658], [-105.249242, 39.866673], [-105.249505, 39.866729], [-105.249916, 39.866817], [-105.250961, 39.867185], [-105.251972, 39.867649], [-105.257349, 39.869914], [-105.261928, 39.871919], [-105.262522, 39.872179], [-105.263089, 39.872418], [-105.265478, 39.873434], [-105.265623, 39.873495], [-105.267881, 39.874426], [-105.269273, 39.875052], [-105.271279, 39.875924], [-105.272582, 39.876463], [-105.272609, 39.876474], [-105.273979, 39.877098], [-105.274296, 39.877209], [-105.274767, 39.877391], [-105.27588, 39.877658], [-105.276891, 39.877861], [-105.277888, 39.878078], [-105.278905, 39.878228], [-105.279891, 39.878301], [-105.281309, 39.878323], [-105.281437, 39.878326], [-105.282366, 39.878293], [-105.283245, 39.878214], [-105.283704, 39.878171], [-105.283749, 39.878166], [-105.283936, 39.878146], [-105.284147, 39.878124], [-105.284299, 39.878108], [-105.284877, 39.878027], [-105.285304, 39.878009], [-105.285631, 39.878015], [-105.285815, 39.878053], [-105.286108, 39.878133], [-105.286313, 39.878239], [-105.286517, 39.878365], [-105.286945, 39.878783], [-105.287264, 39.878994], [-105.287612, 39.87912], [-105.288046, 39.879222], [-105.288701, 39.879345], [-105.289538, 39.879484], [-105.289749, 39.879524], [-105.290087, 39.879537], [-105.29039, 39.879537], [-105.290667, 39.879529], [-105.290696, 39.879528], [-105.291009, 39.879505], [-105.291281, 39.879462], [-105.291727, 39.879458], [-105.29207, 39.879505], [-105.292499, 39.87963], [-105.294317, 39.8808], [-105.29463, 39.881083], [-105.295634, 39.88188], [-105.295899, 39.882021], [-105.296155, 39.882148], [-105.296405, 39.882251], [-105.296975, 39.882336], [-105.29772, 39.882337], [-105.29974, 39.882339], [-105.300157, 39.882369], [-105.30043, 39.882429], [-105.30064, 39.882514], [-105.300877, 39.882677], [-105.301174, 39.882916], [-105.301588, 39.883323], [-105.301801, 39.883627], [-105.30199, 39.883833], [-105.302191, 39.883992], [-105.302383, 39.884076], [-105.302418, 39.884083], [-105.302642, 39.884126], [-105.303365, 39.884138], [-105.303814, 39.884161], [-105.303863, 39.884164], [-105.30463, 39.884217], [-105.304994, 39.884196], [-105.305226, 39.884083], [-105.305437, 39.883973], [-105.305499, 39.883842], [-105.305561, 39.883613], [-105.305623, 39.883354], [-105.305734, 39.883177], [-105.305998, 39.882941], [-105.306294, 39.882798], [-105.306741, 39.882611], [-105.307292, 39.882412], [-105.30746, 39.882339], [-105.307673, 39.882239], [-105.307892, 39.882124], [-105.308177, 39.881926], [-105.308407, 39.881746], [-105.308747, 39.881359], [-105.309153, 39.880931], [-105.309282, 39.880841], [-105.309479, 39.880713], [-105.31002, 39.880512], [-105.310263, 39.880392], [-105.310383, 39.880271], [-105.310499, 39.880057], [-105.31068, 39.87932], [-105.310818, 39.878991], [-105.311067, 39.878686], [-105.311407, 39.878415], [-105.311779, 39.878238], [-105.312115, 39.878116], [-105.31237, 39.878053], [-105.312583, 39.87804], [-105.312799, 39.878027], [-105.316544, 39.877989], [-105.316714, 39.877984], [-105.31708, 39.877973], [-105.317907, 39.877973], [-105.318168, 39.878013], [-105.318358, 39.878097], [-105.31855, 39.878233], [-105.319586, 39.879411], [-105.319963, 39.879742], [-105.320524, 39.880087], [-105.321507, 39.880629], [-105.322171, 39.881031], [-105.322481, 39.88132], [-105.322619, 39.881558], [-105.322722, 39.881875], [-105.322783, 39.882655], [-105.322902, 39.883013], [-105.323125, 39.883388], [-105.323691, 39.884039], [-105.32399, 39.884347], [-105.324253, 39.884517], [-105.324512, 39.884613], [-105.324942, 39.884732], [-105.325517, 39.884871], [-105.325566, 39.884894], [-105.325793, 39.885002], [-105.326041, 39.885186], [-105.326571, 39.885689], [-105.327851, 39.887201], [-105.328209, 39.887581], [-105.328916, 39.888207], [-105.329245, 39.888579], [-105.32947, 39.888913], [-105.329649, 39.889179], [-105.329957, 39.88939], [-105.33051, 39.889735], [-105.33094, 39.890122], [-105.331158, 39.890295], [-105.331346, 39.890416], [-105.331484, 39.890514], [-105.331735, 39.890603], [-105.332219, 39.89076], [-105.332472, 39.890863], [-105.332679, 39.890961], [-105.332845, 39.89111], [-105.332933, 39.891223], [-105.333027, 39.891497], [-105.333045, 39.891649], [-105.333097, 39.892081], [-105.333215, 39.892325], [-105.333355, 39.892471], [-105.33369, 39.892676], [-105.334121, 39.892838], [-105.334623, 39.892995], [-105.334924, 39.893097], [-105.33533, 39.893262], [-105.335908, 39.893597], [-105.336294, 39.893857], [-105.336658, 39.8942], [-105.336938, 39.89444], [-105.337156, 39.894559], [-105.337477, 39.894682], [-105.337753, 39.894727], [-105.338, 39.894772], [-105.338275, 39.894832], [-105.33849, 39.894907], [-105.338614, 39.894959], [-105.338718, 39.894989], [-105.338774, 39.895018], [-105.338916, 39.895115], [-105.339117, 39.895319], [-105.339146, 39.895587], [-105.339019, 39.895737], [-105.338744, 39.895903], [-105.338502, 39.896025], [-105.338336, 39.896168], [-105.338309, 39.89631], [-105.338309, 39.896446], [-105.338429, 39.896659], [-105.338645, 39.896853], [-105.340672, 39.898172], [-105.340906, 39.898366], [-105.341121, 39.898644], [-105.341158, 39.898715], [-105.341553, 39.89947], [-105.34181, 39.899916], [-105.341978, 39.900043], [-105.342299, 39.900139], [-105.34261, 39.90018], [-105.342975, 39.900232], [-105.343222, 39.900173], [-105.343525, 39.900047], [-105.343853, 39.899958], [-105.344126, 39.899937], [-105.34442, 39.900019], [-105.344691, 39.900128], [-105.345025, 39.900317], [-105.345264, 39.900525], [-105.345503, 39.900774], [-105.34581, 39.901238], [-105.346078, 39.90181], [-105.346382, 39.902522], [-105.346561, 39.903141], [-105.34676, 39.903873], [-105.346939, 39.904488], [-105.347332, 39.905912], [-105.347401, 39.905975], [-105.347451, 39.906021], [-105.347683, 39.906122], [-105.349375, 39.906617], [-105.349579, 39.906644], [-105.349771, 39.90666], [-105.349976, 39.906706], [-105.350167, 39.906783], [-105.35042, 39.906965], [-105.350702, 39.907224], [-105.351072, 39.907938], [-105.35123, 39.908157], [-105.35212, 39.90874], [-105.35259, 39.909032], [-105.353044, 39.90939], [-105.353378, 39.909631], [-105.353826, 39.909864], [-105.35414, 39.910016], [-105.354541, 39.910072], [-105.354979, 39.910109], [-105.355289, 39.910266], [-105.355586, 39.910461], [-105.355776, 39.910693], [-105.355899, 39.911011], [-105.356064, 39.911318], [-105.356349, 39.91171], [-105.35704, 39.912695], [-105.357666, 39.913485]]}}, {"type": "Feature", "properties": {"LINEARID": "1106049805407", "FULLNAME": "Co Rd 172", "RTTYP": "C", "MTFCC": "S1400"}, "geometry": {"type": "LineString", "coordinates": [[-105.165174, 39.812457], [-105.165499, 39.812466], [-105.166197, 39.812472], [-105.166394, 39.812474], [-105.166712, 39.812477], [-105.167339, 39.812477], [-105.169105, 39.812498], [-105.169198, 39.812498], [-105.16949, 39.812498], [-105.169844, 39.812497], [-105.170101, 39.812491], [-105.170146, 39.812493], [-105.170318, 39.8125], [-105.17111, 39.812484], [-105.171423, 39.812479], [-105.172142, 39.812495], [-105.172324, 39.8125], [-105.174553, 39.812552], [-105.176241, 39.812629], [-105.17633, 39.812633], [-105.177029, 39.812641], [-105.177403, 39.812643], [-105.178107, 39.812647], [-105.178282, 39.812649], [-105.178643, 39.812659], [-105.178689, 39.81266], [-105.178893, 39.812666], [-105.181399, 39.812703], [-105.182363, 39.812701], [-105.183378, 39.812704], [-105.183609, 39.812705], [-105.183652, 39.812705], [-105.183825, 39.81269], [-105.183925, 39.812689], [-105.185284, 39.812673], [-105.185399, 39.812672], [-105.185475, 39.812672], [-105.186148, 39.812673], [-105.18623, 39.812673], [-105.186442, 39.812672], [-105.186721, 39.812671], [-105.186746, 39.812671], [-105.186909, 39.81267], [-105.187093, 39.81267], [-105.187185, 39.812669], [-105.187258, 39.812669], [-105.187406, 39.812669], [-105.188227, 39.812675], [-105.188529, 39.812675], [-105.188997, 39.812676], [-105.18919, 39.812676], [-105.191166, 39.812673], [-105.193293, 39.81267], [-105.195921, 39.812697], [-105.1964, 39.8127], [-105.197248, 39.812706], [-105.198074, 39.812709], [-105.198186, 39.812718], [-105.19869, 39.812759], [-105.19936, 39.812972], [-105.199537, 39.813063], [-105.199758, 39.813177], [-105.200125, 39.813512], [-105.201183, 39.814568], [-105.20182, 39.815223], [-105.202076, 39.815502], [-105.202345, 39.815737], [-105.202541, 39.815861], [-105.202602, 39.815899], [-105.202778, 39.815976], [-105.203247, 39.816163], [-105.203732, 39.816217], [-105.206162, 39.816238], [-105.209583, 39.816258], [-105.210466, 39.816258], [-105.213755, 39.816257], [-105.214, 39.816262], [-105.214285, 39.816268], [-105.214319, 39.816269], [-105.214498, 39.81627], [-105.214579, 39.816271], [-105.214661, 39.816271], [-105.214926, 39.81628], [-105.214991, 39.816282], [-105.2152, 39.81629], [-105.215659, 39.816382], [-105.216044, 39.81653], [-105.216095, 39.816562], [-105.216651, 39.816905], [-105.217137, 39.81725], [-105.217073, 39.817335], [-105.216962, 39.817481], [-105.216916, 39.817613], [-105.216908, 39.818843], [-105.216933, 39.818979], [-105.21713, 39.819194], [-105.217317, 39.819384], [-105.21775, 39.819824], [-105.217961, 39.82001], [-105.217972, 39.82002], [-105.218072, 39.820068], [-105.21824, 39.820107], [-105.218829, 39.820112], [-105.221659, 39.820105]]}}, {"type": "Feature", "properties": {"LINEARID": "1104469066949", "FULLNAME": "Co Rd 5", "RTTYP": "C", "MTFCC": "S1400"}, "geometry": {"type": "LineString", "coordinates": [[-105.165625, 39.901774], [-105.165627, 39.901889], [-105.165658, 39.9044], [-105.165658, 39.904417], [-105.165658, 39.904437], [-105.165658, 39.904453], [-105.165659, 39.90447], [-105.165659, 39.904503], [-105.165659, 39.904518], [-105.16566, 39.904612], [-105.16566, 39.90465], [-105.16566, 39.904667], [-105.165661, 39.904759], [-105.165683, 39.906683], [-105.165678, 39.906857], [-105.165673, 39.907068], [-105.165682, 39.909656], [-105.165682, 39.909835], [-105.165689, 39.910503], [-105.16569, 39.910515]]}}, {"type": "Feature", "properties": {"LINEARID": "110713405473", "FULLNAME": "Co Rd 4", "RTTYP": "C", "MTFCC": "S1400"}, "geometry": {"type": "LineString", "coordinates": [[-105.148933, 39.871109], [-105.15153, 39.871043], [-105.152202, 39.871026], [-105.152266, 39.871024], [-105.154672, 39.870947], [-105.156166, 39.8709], [-105.156918, 39.870876], [-105.162686, 39.870679], [-105.163635, 39.870647], [-105.16406, 39.87064], [-105.164741, 39.870621]]}}, {"type": "Feature", "properties": {"LINEARID": "1104742660072", "FULLNAME": "Wadsworth Blvd", "RTTYP": "M", "MTFCC": "S1400"}, "geometry": {"type": "LineString", "coordinates": [[-105.081085, 39.897923], [-105.081075, 39.898192], [-105.081072, 39.898281], [-105.081056, 39.89898], [-105.08105, 39.899339], [-105.081051, 39.899401], [-105.081055, 39.899821]]}}, {"type": "Feature", "properties": {"LINEARID": "110713405532", "FULLNAME": "Co Rd 19", "RTTYP": "C", "MTFCC": "S1400"}, "geometry": {"type": "LineString", "coordinates": [[-105.14775, 39.846234], [-105.147757, 39.846344], [-105.147748, 39.847438], [-105.147745, 39.847756], [-105.147745, 39.847776], [-105.147747, 39.847975]]}}, {"type": "Feature", "properties": {"LINEARID": "1104472945991", "FULLNAME": "State Hwy 121", "RTTYP": "S", "MTFCC": "S1200"}, "geometry": {"type": "LineString", "coordinates": [[-105.081378, 39.78247], [-105.081317, 39.782983], [-105.081318, 39.783295], [-105.081323, 39.78427], [-105.081324, 39.784368], [-105.081324, 39.784402], [-105.081324, 39.78444], [-105.081324, 39.784595], [-105.081327, 39.784985], [-105.081328, 39.785137], [-105.081324, 39.785897], [-105.081328, 39.786168], [-105.081327, 39.786196], [-105.081303, 39.787365], [-105.081298, 39.787631], [-105.081272, 39.788208], [-105.081228, 39.789204], [-105.081182, 39.791193], [-105.081055, 39.791569], [-105.080901, 39.791896], [-105.080721, 39.792203], [-105.080467, 39.792564], [-105.079789, 39.793297], [-105.078134, 39.795151], [-105.077854, 39.795545], [-105.077427, 39.796308], [-105.076876, 39.797243], [-105.076689, 39.797691], [-105.076535, 39.798178], [-105.076509, 39.798345], [-105.076468, 39.798612], [-105.076408, 39.799066], [-105.0764, 39.799688], [-105.076397, 39.799873], [-105.07639, 39.801985], [-105.07642, 39.802983], [-105.076452, 39.803128], [-105.076532, 39.80347], [-105.076599, 39.803849], [-105.076692, 39.804073], [-105.07671, 39.804116], [-105.076855, 39.804466], [-105.076969, 39.804741], [-105.077688, 39.806474], [-105.078087, 39.80744], [-105.078832, 39.809241], [-105.079077, 39.809833], [-105.080149, 39.812493], [-105.080296, 39.812857], [-105.080344, 39.812974], [-105.080467, 39.813209], [-105.080902, 39.813964], [-105.08098, 39.814106], [-105.081134, 39.814472], [-105.081181, 39.814601], [-105.081287, 39.815005], [-105.081325, 39.815259], [-105.081332, 39.81546], [-105.081331, 39.816508], [-105.08133, 39.818308], [-105.081329, 39.818606], [-105.081319, 39.82012], [-105.081401, 39.821984]]}}, {"type": "Feature", "properties": {"LINEARID": "1104486509338", "FULLNAME": "Co Rd 5", "RTTYP": "C", "MTFCC": "S1400"}, "geometry": {"type": "LineString", "coordinates": [[-105.165571, 39.892495], [-105.165574, 39.892669], [-105.165574, 39.892685], [-105.165574, 39.892706], [-105.165574, 39.892733], [-105.165578, 39.893128], [-105.165585, 39.893905], [-105.165585, 39.89399], [-105.165582, 39.894477], [-105.165582, 39.894487], [-105.165577, 39.895235], [-105.16558, 39.896252], [-105.165606, 39.897252], [-105.165606, 39.89728], [-105.165617, 39.89767], [-105.165615, 39.898193], [-105.165615, 39.898224], [-105.165615, 39.898235], [-105.165607, 39.899701], [-105.165607, 39.899816], [-105.16562, 39.900606], [-105.165621, 39.901017], [-105.165622, 39.901499]]}}, {"type": "Feature", "properties": {"LINEARID": "1104486769151", "FULLNAME": "State Hwy 128", "RTTYP": "S", "MTFCC": "S1200"}, "geometry": {"type": "LineString", "coordinates": [[-105.052889, 39.914077], [-105.052975, 39.914077]]}}, {"type": "Feature", "properties": {"LINEARID": "1108296281846", "FULLNAME": "US Hwy 36", "RTTYP": "U", "MTFCC": "S1100"}, "geometry": {"type": "LineString", "coordinates": [[-105.053289, 39.856764], [-105.053321, 39.856812], [-105.053482, 39.857053], [-105.053951, 39.857859], [-105.053995, 39.857935], [-105.054409, 39.858741], [-105.054876, 39.859708], [-105.05635, 39.862904], [-105.056532, 39.863295], [-105.056668, 39.863591], [-105.057298, 39.864965], [-105.058537, 39.867664], [-105.059505, 39.869806], [-105.059601, 39.870028], [-105.059643, 39.870125], [-105.059702, 39.87023], [-105.0601, 39.870945], [-105.060308, 39.871321], [-105.060507, 39.87166], [-105.060717, 39.871967], [-105.060881, 39.872194], [-105.061011, 39.872381], [-105.061198, 39.872651], [-105.062427, 39.874325], [-105.064354, 39.876897], [-105.065113, 39.877939], [-105.065384, 39.878306], [-105.068861, 39.883009], [-105.068896, 39.883057], [-105.069054, 39.883262], [-105.069608, 39.884013], [-105.06986, 39.884311], [-105.070582, 39.885325], [-105.071802, 39.886979], [-105.072495, 39.887941], [-105.073868, 39.889798], [-105.074238, 39.890298], [-105.074264, 39.890333], [-105.07543, 39.891915], [-105.075597, 39.892139], [-105.075896, 39.892542], [-105.076131, 39.892862], [-105.076326, 39.893118], [-105.076658, 39.893585], [-105.077031, 39.894154], [-105.077204, 39.894434], [-105.078774, 39.897181], [-105.078992, 39.897546], [-105.079339, 39.898178], [-105.079629, 39.898656], [-105.08, 39.899198], [-105.080411, 39.899799], [-105.080424, 39.899819]]}}, {"type": "Feature", "properties": {"LINEARID": "110713446360", "FULLNAME": "Sheridan Frontage Rd", "RTTYP": "M", "MTFCC": "S1740"}, "geometry": {"type": "LineString", "coordinates": [[-105.054734, 39.802831], [-105.053918, 39.80285]]}}, {"type": "Feature", "properties": {"LINEARID": "1104472979953", "FULLNAME": "Wadsworth Blvd", "RTTYP": "M", "MTFCC": "S1200"}, "geometry": {"type": "LineString", "coordinates": [[-105.081378, 39.78247], [-105.081317, 39.782983], [-105.081318, 39.783295], [-105.081323, 39.78427], [-105.081324, 39.784368], [-105.081324, 39.784402], [-105.081324, 39.78444], [-105.081324, 39.784595], [-105.081327, 39.784985], [-105.081328, 39.785137], [-105.081324, 39.785897], [-105.081328, 39.786168], [-105.081327, 39.786196], [-105.081303, 39.787365], [-105.081298, 39.787631], [-105.081272, 39.788208], [-105.081228, 39.789204], [-105.081182, 39.791193], [-105.081055, 39.791569], [-105.080901, 39.791896], [-105.080721, 39.792203], [-105.080467, 39.792564], [-105.079789, 39.793297], [-105.078134, 39.795151], [-105.077854, 39.795545], [-105.077427, 39.796308], [-105.076876, 39.797243], [-105.076689, 39.797691], [-105.076535, 39.798178], [-105.076509, 39.798345], [-105.076468, 39.798612], [-105.076408, 39.799066], [-105.0764, 39.799688], [-105.076397, 39.799873], [-105.07639, 39.801985], [-105.07642, 39.802983], [-105.076452, 39.803128], [-105.076532, 39.80347], [-105.076599, 39.803849], [-105.076692, 39.804073], [-105.07671, 39.804116], [-105.076855, 39.804466], [-105.076969, 39.804741], [-105.077688, 39.806474], [-105.078087, 39.80744], [-105.078832, 39.809241], [-105.079077, 39.809833], [-105.080149, 39.812493], [-105.080296, 39.812857], [-105.080344, 39.812974], [-105.080467, 39.813209], [-105.080902, 39.813964], [-105.08098, 39.814106], [-105.081134, 39.814472], [-105.081181, 39.814601], [-105.081287, 39.815005], [-105.081325, 39.815259], [-105.081332, 39.81546], [-105.081331, 39.816508], [-105.08133, 39.818308], [-105.081329, 39.818606], [-105.081319, 39.82012], [-105.081401, 39.821984]]}}, {"type": "Feature", "properties": {"LINEARID": "1104472831957", "FULLNAME": "Wadsworth Byp", "RTTYP": "M", "MTFCC": "S1200"}, "geometry": {"type": "LineString", "coordinates": [[-105.077688, 39.806474], [-105.078087, 39.80744], [-105.078832, 39.809241], [-105.079077, 39.809833], [-105.080149, 39.812493], [-105.080296, 39.812857], [-105.080344, 39.812974], [-105.080467, 39.813209], [-105.080902, 39.813964]]}}]}