{"type": "FeatureCollection", "features": [{"type": "Feature", "properties": {"PRESSUREZONE": "02", "LOCATIONDESC": null}, "geometry": {"type": "Polygon", "coordinates": [[[-104.99707424821773, 39.96853017896655], [-104.98845366422684, 39.968480521008026], [-104.9880007178272, 39.968480787396494], [-104.98804744876793, 39.957583754917046], [-104.98804119394508, 39.957309395156145], [-104.98790554811349, 39.94318384645276], [-104.98772639925694, 39.928476236592935], [-104.996535930737, 39.92849120658603], [-104.9965733076415, 39.92958451251542], [-104.99659942378393, 39.92959649118891], [-104.99701464139847, 39.92957462295182], [-104.99703493774379, 39.92957099181548], [-104.99710403442822, 39.929559664972224], [-104.99711074294277, 39.92878349399318], [-104.99727472482202, 39.92857431315998], [-105.00453853660493, 39.92853444684306], [-105.00459552692745, 39.928478371299796], [-105.00462674317872, 39.92844944725307], [-105.00462614910275, 39.92840443552569], [-105.0150747751341, 39.92835634864783], [-105.01523542102784, 39.92522932907609], [-105.01547917519763, 39.92522649721877], [-105.01538363811636, 39.92843046592112], [-105.01538326232173, 39.92851273957084], [-105.01543688342525, 39.9284962739697], [-105.01549025764452, 39.928512283634944], [-105.01554388226974, 39.93566329102603], [-105.0155441725864, 39.93570184537054], [-105.01554476433394, 39.93578019072403], [-105.01566314007495, 39.94229695000998], [-105.01567381314521, 39.942884258468034], [-105.01567724046637, 39.943121877245815], [-105.01567717656005, 39.94318365200479], [-105.01455477382872, 39.94318363385849], [-105.01413948661434, 39.94318362685724], [-105.01335157266071, 39.94318360844708], [-105.01280107969183, 39.94318359191701], [-105.0034600693968, 39.943187794684164], [-104.99731164428977, 39.943197654033014], [-104.99701995957793, 39.94319811378499], [-104.99706117947188, 39.94795256261229], [-104.99811757165148, 39.94795596151329], [-104.99810792268786, 39.9467651163785], [-105.00624862945062, 39.94682313174349], [-105.00627365917, 39.95043842153745], [-105.01098733265835, 39.95047230549021], [-105.01098887504793, 39.95122766524119], [-105.01098929949258, 39.951342857053476], [-105.01141067586221, 39.951037562025256], [-105.01240183455688, 39.95042743070672], [-105.01250314621002, 39.95040652710213], [-105.01259858074783, 39.95039644618953], [-105.01269330562089, 39.95039970558981], [-105.01327413281733, 39.95055701616242], [-105.01451334835419, 39.95114009039298], [-105.01553464825594, 39.95164177125842], [-105.0156681086917, 39.95176952012021], [-105.01579997249426, 39.95190151596682], [-105.01660386998861, 39.952535802759016], [-105.01685076960212, 39.95283985798862], [-105.01682952304088, 39.953114896656935], [-105.01639160807912, 39.95411971102431], [-105.01565593998951, 39.95503726504912], [-105.01555843840461, 39.955184521359776], [-105.01232544989229, 39.95574614863296], [-105.01167765378925, 39.956043982129394], [-105.01173703438143, 39.95628499027546], [-105.0114633037653, 39.95675590133792], [-105.011382175223, 39.957070765704536], [-105.01131336928614, 39.95714433494191], [-105.01102292897427, 39.95746167694875], [-105.01108164871789, 39.95747590807619], [-105.01100084744222, 39.95748570401427], [-105.01100151092685, 39.9577903215336], [-105.01070418876087, 39.95778895040751], [-105.00997824486868, 39.95778501709234], [-105.00998823276572, 39.95893784081992], [-105.00913565645232, 39.95893402026444], [-105.00914063942301, 39.9595060120814], [-105.00866846246447, 39.95951003961212], [-105.00871013921322, 39.9649393657838], [-105.00638056518753, 39.964931469746034], [-104.99709474485753, 39.9648990078753], [-104.99711874878615, 39.9685304335001], [-104.99707424821773, 39.96853017896655]]]}}, {"type": "Feature", "properties": {"PRESSUREZONE": "10", "LOCATIONDESC": null}, "geometry": {"type": "Polygon", "coordinates": [[[-105.02505580568901, 39.841680012689395], [-105.02505849015861, 39.84110901025054], [-105.02505972362, 39.84084958802987], [-105.0250604849939, 39.84068350336248], [-105.02506125397261, 39.84052153660483], [-105.02506202128201, 39.84035476474534], [-105.02506277146817, 39.840195501729696], [-105.02506367356244, 39.840004284340864], [-105.0252075411173, 39.83980472156329], [-105.02533950707533, 39.83962163595635], [-105.02544130357889, 39.839480400729094], [-105.02554391001424, 39.83933805642137], [-105.02564877846307, 39.83919260592099], [-105.02575183220335, 39.839049824645926], [-105.02585930974449, 39.83890051361714], [-105.02596980410665, 39.8387472348446], [-105.02610446396095, 39.83856039825615], [-105.02624624012098, 39.8383638464335], [-105.02639294255974, 39.838160175081484], [-105.02661220183755, 39.83809770265577], [-105.02707616755329, 39.83794929505872], [-105.02723372610633, 39.837880103620186], [-105.02733513454311, 39.83785048651513], [-105.02753570697524, 39.83779190391319], [-105.02780646495457, 39.83771282606392], [-105.02807818821988, 39.837633450715025], [-105.02838116563714, 39.83754493674855], [-105.02861861789273, 39.83761170069552], [-105.02889328301106, 39.837688938287485], [-105.02908801629012, 39.83774370675057], [-105.02928058111243, 39.83779784904722], [-105.02948391586986, 39.83785504152366], [-105.0296814919276, 39.8379105897813], [-105.02988681785754, 39.83796833819417], [-105.03008396889243, 39.838023775039005], [-105.03028268410675, 39.838079628639], [-105.030539901369, 39.838151973328664], [-105.03079509380176, 39.83822373275016], [-105.03105554688847, 39.8382969811478], [-105.031272709893, 39.83835802856593], [-105.03149539458715, 39.83842405356725], [-105.03168950534588, 39.83848161526493], [-105.03189918438018, 39.83854379829764], [-105.0320890499109, 39.83860804215054], [-105.03212903414381, 39.838622167031524], [-105.03229612403419, 39.838681193067146], [-105.03248348500146, 39.838747374238054], [-105.03266974355209, 39.83881319395656], [-105.03286294789818, 39.83888145718539], [-105.03308368380503, 39.83895941320905], [-105.03328841601521, 39.839031757528666], [-105.03358857109856, 39.839137789032065], [-105.03369926902322, 39.839176891126975], [-105.03378183138648, 39.83923734662674], [-105.03412521953302, 39.83948872334128], [-105.0341682455453, 39.839520218502024], [-105.0341665306837, 39.839946569504086], [-105.03414215188252, 39.83996677644969], [-105.03394754614438, 39.83996855956609], [-105.03393491926788, 39.84006218651811], [-105.0339538180129, 39.8401368271157], [-105.03416577263181, 39.84013530248685], [-105.03416489101599, 39.84035451104353], [-105.03416428073716, 39.84050698532334], [-105.03391030041645, 39.84050878460951], [-105.03366275079046, 39.840510581484736], [-105.03340985816952, 39.84051238317495], [-105.03332175057201, 39.84051304171232], [-105.03321390980068, 39.840540138626814], [-105.03304389268733, 39.840582851115364], [-105.03287972414093, 39.84062403614469], [-105.03276169499017, 39.840684441388476], [-105.03263989377652, 39.84074677754092], [-105.03241932451431, 39.840859589355524], [-105.03223730094875, 39.840952685947066], [-105.03218229760313, 39.840980817259535], [-105.03193322612913, 39.8411081995053], [-105.0316181983426, 39.84115531577894], [-105.03135753355059, 39.841194266514634], [-105.03112549604673, 39.841228967788545], [-105.03086846675886, 39.8412673972368], [-105.03062377295939, 39.841303953509396], [-105.03038250649094, 39.84134686579591], [-105.03011459708324, 39.84139334709749], [-105.03002369855395, 39.841408569109916], [-105.02981583778588, 39.84144332509162], [-105.02972608264368, 39.84146080232548], [-105.02958885188364, 39.84148363079664], [-105.02958915262228, 39.841416839895494], [-105.0293552393121, 39.84141591100616], [-105.02934940607919, 39.84179747810336], [-105.02941285237384, 39.84179793132065], [-105.02940945407997, 39.841838243264], [-105.02940851850812, 39.84191049685248], [-105.02947616065578, 39.84191077265401], [-105.02948355747927, 39.84284778592163], [-105.02948765616001, 39.84354578391159], [-105.02741148246292, 39.843532469047325], [-105.02740897200043, 39.84310230435191], [-105.02740227194435, 39.84228915881666], [-105.02739977715197, 39.84187735978999], [-105.0272890956506, 39.84188459315701], [-105.02671386013789, 39.841878872838116], [-105.02670944258804, 39.84226005208377], [-105.02555911021919, 39.84243631363095], [-105.0255393032866, 39.84177109897178], [-105.02551773176046, 39.84177726157031], [-105.02537235424901, 39.841769944601545], [-105.02505467850999, 39.841767746247584], [-105.02505580568901, 39.841680012689395]]]}}, {"type": "Feature", "properties": {"PRESSUREZONE": "09", "LOCATIONDESC": null}, "geometry": {"type": "Polygon", "coordinates": [[[-105.0343374224265, 39.88437516848989], [-105.03428570520005, 39.88497798092695], [-105.03386037381901, 39.88497664383165], [-105.03296091434002, 39.88498093177982], [-105.03235102962981, 39.88497950572598], [-105.03160737544228, 39.88497776184383], [-105.03124440437036, 39.884976908405186], [-105.03073068365191, 39.884975700524336], [-105.03004714748266, 39.884974088964654], [-105.02981973233754, 39.88497355113238], [-105.02982445089594, 39.884034037112464], [-105.02961160240348, 39.884003462430215], [-105.02872035029479, 39.884008150629256], [-105.02883830456115, 39.8841316895292], [-105.02884587758503, 39.884379079066065], [-105.02899992961967, 39.884378280180336], [-105.02900480675744, 39.88447838722273], [-105.02882478256721, 39.88447765043696], [-105.02882408375112, 39.88484797024123], [-105.02933625896254, 39.88484682506074], [-105.02943333822175, 39.884799346804485], [-105.02947033850751, 39.88481261453614], [-105.02947891890744, 39.884805967532074], [-105.02947576338485, 39.88468036865167], [-105.02948277827653, 39.88467491494181], [-105.0294912292823, 39.88468043187242], [-105.02950345157423, 39.88469125566085], [-105.02950746430045, 39.88481156570047], [-105.02948960964979, 39.884825789971195], [-105.02947114058573, 39.88481260610618], [-105.02941923018865, 39.884939053473204], [-105.02866152285361, 39.88494112670411], [-105.02863282315369, 39.884182389140875], [-105.02845170405222, 39.884147811768514], [-105.02838245714567, 39.884295349825486], [-105.02815602618816, 39.884296183551044], [-105.02815871896236, 39.88498115505112], [-105.02545661399496, 39.884962070404086], [-105.02545450244465, 39.88179164510693], [-105.02537937309928, 39.88176235982563], [-105.0254544639405, 39.881733738974475], [-105.02545225748663, 39.87842317894862], [-105.0259918256194, 39.87841824026487], [-105.02604523726515, 39.878387337516735], [-105.02597753504338, 39.87824898663018], [-105.02545214036168, 39.87824683324906], [-105.02545179220989, 39.87772137181921], [-105.02545173233794, 39.8776333876513], [-105.025450136575, 39.87523631869152], [-105.0255550296134, 39.87518871742424], [-105.02545001317868, 39.875050442923175], [-105.0254491666687, 39.87377914281405], [-105.0255120230777, 39.87376260084827], [-105.03434783689485, 39.87374589990946], [-105.03434853846738, 39.87665922077037], [-105.03382039687743, 39.876637070701555], [-105.03374540064125, 39.87672425541443], [-105.033802798467, 39.87676854246773], [-105.03434858163189, 39.87684224005911], [-105.03434896765283, 39.87843660630262], [-105.0343435465763, 39.87923247779286], [-105.03433502439056, 39.8804843221731], [-105.03433204616233, 39.8809215940512], [-105.0343166819492, 39.88317778217508], [-105.03405107732931, 39.88317551568445], [-105.03400200153591, 39.88330294388702], [-105.03405152690031, 39.88333637193721], [-105.03431553790236, 39.88334578150281], [-105.0343125519282, 39.88378415299246], [-105.0343374224265, 39.88437516848989]], [[-105.02949020903371, 39.884648971762196], [-105.02948176306062, 39.884659189576986], [-105.02947504193823, 39.88465033912786], [-105.0294812532332, 39.88463492971695], [-105.02949020903371, 39.884648971762196]], [[-105.0294827777311, 39.88467465464559], [-105.02947585693919, 39.88466678601257], [-105.02948176306062, 39.884659189576986], [-105.02949101091221, 39.88466732441327], [-105.0294827777311, 39.88467465464559]], [[-105.02948277827653, 39.88467491494181], [-105.02948260951521, 39.884674804370036], [-105.0294827777311, 39.88467465464559], [-105.02948291345389, 39.884674809215184], [-105.02948277827653, 39.88467491494181]]]}}, {"type": "Feature", "properties": {"PRESSUREZONE": "03", "LOCATIONDESC": null}, "geometry": {"type": "Polygon", "coordinates": [[[-105.0538435751798, 39.856258463098754], [-105.05381364406816, 39.85629068563481], [-105.05384711707401, 39.85663603375476], [-105.05318801307801, 39.856873120403215], [-105.05291343396951, 39.85697188779328], [-105.05301375352526, 39.85774798526067], [-105.0530397531222, 39.85794912690724], [-105.05268101686083, 39.85795726549885], [-105.05269377939791, 39.858105172922116], [-105.05300839608077, 39.8581350414525], [-105.05302141421845, 39.85844892913563], [-105.05302624352834, 39.858565375871216], [-105.05305280430603, 39.85920576444639], [-105.05308429288236, 39.85996498057121], [-105.05309691601242, 39.86026932226497], [-105.0530986594901, 39.86031135435425], [-105.05299144711857, 39.860310292112935], [-105.05292467632442, 39.860309630995914], [-105.05137576165136, 39.860294277633265], [-105.05131564623092, 39.86029368116071], [-105.05075773950212, 39.86028814566331], [-105.04932312433552, 39.86027447361214], [-105.04855454412288, 39.860267281562486], [-105.04855393018047, 39.860360216735664], [-105.04870202473826, 39.860360978719854], [-105.04970137002474, 39.860366118907955], [-105.04991062208803, 39.86036719431637], [-105.05049886337048, 39.86037021436054], [-105.05079433428419, 39.86037166277729], [-105.05251106626397, 39.86038006426406], [-105.05288906280656, 39.86038191018147], [-105.05298792203531, 39.86040627735782], [-105.05298783966497, 39.860408507099706], [-105.05298106268721, 39.860499036053845], [-105.05298502582387, 39.86081544552607], [-105.05298559757318, 39.86086114600096], [-105.05299387307863, 39.86152188888952], [-105.05299503544803, 39.86161469675705], [-105.05300146366221, 39.86212798897907], [-105.05300216258756, 39.862183731526606], [-105.05312318491347, 39.862241873370515], [-105.05310271267847, 39.86226019727409], [-105.05300359513203, 39.86229813222829], [-105.05301007883172, 39.862815826224896], [-105.05301099278338, 39.86288872738928], [-105.05301812000016, 39.86345779093835], [-105.0530187464013, 39.86350782925022], [-105.05307412639849, 39.863530779998534], [-105.0530208130943, 39.863562634103744], [-105.05287026378095, 39.86356372264847], [-105.05286793004692, 39.8636512029631], [-105.05284483291292, 39.86467928861057], [-105.05284369872659, 39.864934057002145], [-105.05284972997846, 39.86523103795982], [-105.0528874923954, 39.867091252948015], [-105.05298043313196, 39.87023418494473], [-105.0530346265859, 39.87027478421855], [-105.05298312819363, 39.8703137462514], [-105.05301193691002, 39.87103622124536], [-105.05213500140411, 39.870782527106314], [-105.04379246730879, 39.870795137055794], [-105.04379714809906, 39.87809815318495], [-105.0448658733421, 39.878773185916835], [-105.04455463106207, 39.87987930583901], [-105.04421496650453, 39.88044230254579], [-105.04380241855267, 39.88066808473959], [-105.04425035213623, 39.88206035500788], [-105.04434639837343, 39.88215981173033], [-105.04594324034326, 39.882407429797674], [-105.04623655514206, 39.88251268599876], [-105.04648585415421, 39.88270273366633], [-105.046601156273, 39.88292667845373], [-105.04621042922835, 39.88388183068876], [-105.04562784961782, 39.884432343135245], [-105.0442458051729, 39.885067351306915], [-105.04267578802386, 39.88506415401164], [-105.04257692462417, 39.88513811151713], [-105.04153665808808, 39.88513516441596], [-105.04145364806419, 39.88515911583265], [-105.04120712840796, 39.88515584669928], [-105.04118348860119, 39.885129733902374], [-105.04126277919562, 39.885105332833064], [-105.04118175785086, 39.885078796788825], [-105.03906372811163, 39.88506767405484], [-105.03569713898213, 39.8850398442783], [-105.03467171897869, 39.88503713369208], [-105.03463676283516, 39.88506807722411], [-105.03465327232156, 39.88508160539649], [-105.03459738171148, 39.88510293698442], [-105.03454190492636, 39.88513061904752], [-105.03224052037835, 39.88512272001901], [-105.03220436595143, 39.88512241186989], [-105.03218627957239, 39.88514049769207], [-105.03216428114003, 39.8851220697213], [-105.02969841611892, 39.88512254710433], [-105.02963723275103, 39.8850847418182], [-105.02969519641185, 39.88505104227898], [-105.02967895159566, 39.884954384330136], [-105.02958617300698, 39.88489141035418], [-105.02958374181375, 39.88485108727917], [-105.0295366807437, 39.88484314196001], [-105.02958271557256, 39.88483407301008], [-105.02957399173398, 39.88468939947958], [-105.02952858336369, 39.8846749139325], [-105.02950345157423, 39.88469125566085], [-105.0294827777311, 39.88467465464559], [-105.02949101091221, 39.88466732441327], [-105.02948176306062, 39.884659189576986], [-105.02949020903371, 39.884648971762196], [-105.0294812532332, 39.88463492971695], [-105.02947504193823, 39.88465033912786], [-105.02948176306062, 39.884659189576986], [-105.02947585693919, 39.88466678601257], [-105.0294827777311, 39.88467465464559], [-105.02947576338485, 39.88468036865167], [-105.02947891890744, 39.884805967532074], [-105.02947033850751, 39.88481261453614], [-105.02943333822175, 39.884799346804485], [-105.02933625896254, 39.88484682506074], [-105.02882408375112, 39.88484797024123], [-105.02882478256721, 39.88447765043696], [-105.02900480675744, 39.88447838722273], [-105.02899992961967, 39.884378280180336], [-105.02884587758503, 39.884379079066065], [-105.02883830456115, 39.8841316895292], [-105.02872035029479, 39.884008150629256], [-105.02961160240348, 39.884003462430215], [-105.02982445089594, 39.884034037112464], [-105.02981973233754, 39.88497355113238], [-105.03004714748266, 39.884974088964654], [-105.03073068365191, 39.884975700524336], [-105.03124440437036, 39.884976908405186], [-105.03160737544228, 39.88497776184383], [-105.03235102962981, 39.88497950572598], [-105.03296091434002, 39.88498093177982], [-105.03386037381901, 39.88497664383165], [-105.03428570520005, 39.88497798092695], [-105.0343374224265, 39.88437516848989], [-105.0343125519282, 39.88378415299246], [-105.03431553790236, 39.88334578150281], [-105.03405152690031, 39.88333637193721], [-105.03400200153591, 39.88330294388702], [-105.03405107732931, 39.88317551568445], [-105.0343166819492, 39.88317778217508], [-105.03433204616233, 39.8809215940512], [-105.03433502439056, 39.8804843221731], [-105.0343435465763, 39.87923247779286], [-105.03434896765283, 39.87843660630262], [-105.03434858163189, 39.87684224005911], [-105.033802798467, 39.87676854246773], [-105.03374540064125, 39.87672425541443], [-105.03382039687743, 39.876637070701555], [-105.03434853846738, 39.87665922077037], [-105.03434783689485, 39.87374589990946], [-105.0255120230777, 39.87376260084827], [-105.0254491666687, 39.87377914281405], [-105.02545001317868, 39.875050442923175], [-105.0255550296134, 39.87518871742424], [-105.025450136575, 39.87523631869152], [-105.02545173233794, 39.8776333876513], [-105.02545179220989, 39.87772137181921], [-105.02545214036168, 39.87824683324906], [-105.02597753504338, 39.87824898663018], [-105.02604523726515, 39.878387337516735], [-105.0259918256194, 39.87841824026487], [-105.02545225748663, 39.87842317894862], [-105.0254544639405, 39.881733738974475], [-105.02537937309928, 39.88176235982563], [-105.02545450244465, 39.88179164510693], [-105.02545661399496, 39.884962070404086], [-105.02815871896236, 39.88498115505112], [-105.02815602618816, 39.884296183551044], [-105.02838245714567, 39.884295349825486], [-105.02845170405222, 39.884147811768514], [-105.02863282315369, 39.884182389140875], [-105.02866152285361, 39.88494112670411], [-105.02941923018865, 39.884939053473204], [-105.02947114058573, 39.88481260610618], [-105.02948960964979, 39.884825789971195], [-105.02950746430045, 39.88481156570047], [-105.02952485531262, 39.884839706201404], [-105.0295366807437, 39.88484314196001], [-105.02950972725547, 39.884852374452045], [-105.02951213711296, 39.88495163736031], [-105.02957310797878, 39.88499192139316], [-105.0295720846744, 39.885050539192186], [-105.02963597240206, 39.885084745674625], [-105.02947328808814, 39.885176889521], [-105.02846474084058, 39.88519420913478], [-105.02840508071436, 39.885322648110815], [-105.02840314550907, 39.88569272505961], [-105.02834553578336, 39.8858626104815], [-105.02823550267475, 39.88604853994336], [-105.02769716851338, 39.88655320211825], [-105.02767627136902, 39.88658392743092], [-105.02766168830605, 39.8866184470577], [-105.02764863328936, 39.88662456488479], [-105.02760436856069, 39.88666300851431], [-105.02760526780001, 39.88686096260607], [-105.02762032908855, 39.886875817938844], [-105.02760565886044, 39.88689384951501], [-105.02760357859744, 39.887505576791604], [-105.02761589662525, 39.887516788459166], [-105.02760341297805, 39.88752952585678], [-105.02759093665316, 39.888718546882195], [-105.02767068540892, 39.88889551643975], [-105.02776458473991, 39.889028100380884], [-105.0278816469268, 39.88915517887307], [-105.02774165655121, 39.889268275614285], [-105.02768304081964, 39.88922263860247], [-105.02765971132541, 39.88924113002352], [-105.02771927514841, 39.88928391130666], [-105.02764178195248, 39.889351152671736], [-105.02764218957492, 39.889371673430624], [-105.02763860479523, 39.88937319526523], [-105.02758758488737, 39.88940454810709], [-105.02721831233833, 39.88971273046532], [-105.02709696126848, 39.88981422578083], [-105.02709162115733, 39.88983352503647], [-105.02706679507384, 39.88983963497055], [-105.02689240460751, 39.88998652753327], [-105.02670808380763, 39.89008490669391], [-105.02648255131783, 39.89017582691406], [-105.02647389855328, 39.890191761118075], [-105.02644579989197, 39.89018973970917], [-105.02611824642874, 39.89031504590946], [-105.02606618524733, 39.890330957193875], [-105.02586454086395, 39.890364402763744], [-105.02565874565296, 39.89037493401833], [-105.02543407330327, 39.89037519869332], [-105.02543295691251, 39.89031323602925], [-105.0254047292414, 39.89031311965438], [-105.02540507781194, 39.890374185687584], [-105.02530878576361, 39.890374980238484], [-105.02529493623769, 39.890381388143496], [-105.02529474828768, 39.89038117751206], [-105.02529456668671, 39.89038139922889], [-105.02527939706387, 39.89037485904528], [-105.02514019421969, 39.890373689554636], [-105.02515067239638, 39.89128282508185], [-105.02517520064508, 39.8913073821778], [-105.02515787705589, 39.89203770985212], [-105.02518598781674, 39.89206332559851], [-105.02515571248927, 39.892082658815056], [-105.02478254126842, 39.8920875740244], [-105.02477926490103, 39.892217335477575], [-105.02477290815364, 39.89237809881777], [-105.02020029323775, 39.8924148873378], [-105.02021585136526, 39.893909054860536], [-105.01898271442164, 39.89438979038342], [-105.01792995567702, 39.89442854239958], [-105.01762236642173, 39.89451169007664], [-105.01753179899791, 39.894536171773886], [-105.01719111530198, 39.89462826557101], [-105.01551990787696, 39.894606037572366], [-105.0155142301187, 39.88874633310141], [-105.01550939875096, 39.88536802443741], [-105.01550964092209, 39.88512073338345], [-105.0251211041303, 39.88512929958607], [-105.025169079021, 39.87843284789408], [-105.02455687563138, 39.87838729996475], [-105.02446189490539, 39.878349753054685], [-105.02455272515337, 39.8783169835871], [-105.0251701086066, 39.878288914892465], [-105.0252031182397, 39.87368074282257], [-105.02520996873108, 39.87272437180532], [-105.02521156384296, 39.87222753346379], [-105.02520335851572, 39.87197347316317], [-105.02517136950128, 39.871539621641055], [-105.02513158577078, 39.87115215857447], [-105.0251047575065, 39.87085076493674], [-105.02509935451862, 39.870771442962585], [-105.02509725969884, 39.87074069257658], [-105.02509135403437, 39.870617320255235], [-105.02509116859902, 39.870613224133784], [-105.02508915706345, 39.870568810894575], [-105.02508728062038, 39.870511016025915], [-105.0250832158855, 39.87030239547444], [-105.02507406055847, 39.8694937846445], [-105.02505666815478, 39.86777733959072], [-105.02506047595318, 39.867405069615934], [-105.02506201630112, 39.867324712585535], [-105.02507128024662, 39.86710982338376], [-105.0250812364266, 39.866945838532764], [-105.025113542814, 39.86641940818329], [-105.02512134553102, 39.86620400495812], [-105.02512349827299, 39.86599632779922], [-105.0251206784593, 39.86522732567074], [-105.02511627300272, 39.864873682779404], [-105.02511287532917, 39.864530094643676], [-105.02511111409504, 39.864372830864575], [-105.02510232110326, 39.8635869875568], [-105.02442756451407, 39.86358808179264], [-105.02442550361545, 39.8634235573289], [-105.02510049729682, 39.863427634851256], [-105.02501585951353, 39.856266459345754], [-105.02501582844314, 39.856263699555804], [-105.02499701653738, 39.856263581363024], [-105.02256304099447, 39.85624838583666], [-105.02128396373237, 39.856240378944285], [-105.02090886746792, 39.856238027769514], [-105.02057565101235, 39.85623593815362], [-105.015495137385, 39.85618891572586], [-105.01549351033901, 39.85611906615574], [-105.0154133942705, 39.852681920856575], [-105.01515481701414, 39.85267933902985], [-105.0151558596534, 39.8525821130084], [-105.0154134324351, 39.85258127615006], [-105.01537655745548, 39.851037176217964], [-105.01534803696315, 39.84970051668035], [-105.01533420404022, 39.849085686441306], [-105.01533237931595, 39.8489936659245], [-105.01533411630682, 39.8488940533219], [-105.01537845799722, 39.84631274687314], [-105.01539706415751, 39.845229539734554], [-105.01550386914255, 39.845230126511346], [-105.01570779033872, 39.84510678944929], [-105.01635403210872, 39.845008648073104], [-105.01706172323632, 39.84494798591179], [-105.01777304668715, 39.84497348137494], [-105.01879918935805, 39.845146887020576], [-105.01885593296434, 39.84183164593643], [-105.02191939382824, 39.84184834476226], [-105.02192228478611, 39.84239724353727], [-105.02236731049281, 39.842399668644724], [-105.02236442647649, 39.84185076992461], [-105.0235313825323, 39.841692431713426], [-105.02378430724546, 39.84169375287394], [-105.0247000137194, 39.84169852908234], [-105.02469935569698, 39.84176526987675], [-105.02505467850999, 39.841767746247584], [-105.02537235424901, 39.841769944601545], [-105.02551773176046, 39.84177726157031], [-105.0255393032866, 39.84177109897178], [-105.02555911021919, 39.84243631363095], [-105.02670944258804, 39.84226005208377], [-105.02671386013789, 39.841878872838116], [-105.0272890956506, 39.84188459315701], [-105.02739977715197, 39.84187735978999], [-105.02740227194435, 39.84228915881666], [-105.02740897200043, 39.84310230435191], [-105.02741148246292, 39.843532469047325], [-105.02948765616001, 39.84354578391159], [-105.02948355747927, 39.84284778592163], [-105.0294759478172, 39.84188381192977], [-105.02947861618252, 39.84184735278144], [-105.02947924028427, 39.84183883946823], [-105.02948220009648, 39.841798400535886], [-105.02953690735488, 39.8417987783092], [-105.02987337948355, 39.84180110325144], [-105.03013601874643, 39.841802915794545], [-105.03039231512949, 39.84180468473102], [-105.03070398358003, 39.84180683482846], [-105.03100597356347, 39.841808917601604], [-105.03124342124653, 39.84181055465248], [-105.03145715058015, 39.84181202705626], [-105.03170394146046, 39.84181372733199], [-105.03194814215374, 39.84181540933361], [-105.03232959885482, 39.84181803621387], [-105.03285373500691, 39.841821643943476], [-105.03316827537999, 39.84182380713255], [-105.03346566811767, 39.84182585128066], [-105.03417743089211, 39.84183074157826], [-105.03587986305162, 39.84184241999473], [-105.03591927101665, 39.841842690671434], [-105.03716947937043, 39.841851250218596], [-105.03722983795362, 39.841851663283016], [-105.03782287609738, 39.84185571828385], [-105.03783668115457, 39.84185581337899], [-105.03787969462279, 39.84185610777721], [-105.03800781205668, 39.84185698266521], [-105.03797421993978, 39.842469561960456], [-105.04049732720756, 39.84376189468892], [-105.04222554733148, 39.84506232185867], [-105.04441071096726, 39.84725989967425], [-105.04442926579725, 39.84727858284448], [-105.04443139204766, 39.84728074477197], [-105.04473325446862, 39.847590705521974], [-105.04501693274065, 39.84786790905515], [-105.04528378303876, 39.84812866303662], [-105.04534591480092, 39.84818937702925], [-105.045395066229, 39.848237379847056], [-105.04550407534153, 39.848343891725015], [-105.04564236333599, 39.848485829087934], [-105.0456808344012, 39.848517582004035], [-105.04577083421184, 39.84860454331925], [-105.0461038578557, 39.84892993666209], [-105.04614953189906, 39.84897456412351], [-105.04648544765567, 39.84930278415221], [-105.04648678047258, 39.84930408637401], [-105.04696650259481, 39.849772801987875], [-105.04705350502908, 39.84985780592688], [-105.04724534253035, 39.850045243336226], [-105.04739881400191, 39.850195191233574], [-105.04745958418192, 39.85025456661297], [-105.04771884958946, 39.850507876077614], [-105.04785717392872, 39.85064302430699], [-105.04818322407101, 39.85096287470171], [-105.04818489939017, 39.85096452230528], [-105.04818566441652, 39.850965285476775], [-105.04823906656371, 39.85101908606383], [-105.04847920320512, 39.8512610035265], [-105.04860678542366, 39.85144573839881], [-105.04864362934798, 39.851499085636675], [-105.04895723273953, 39.85185541080612], [-105.0489764086793, 39.851877389420565], [-105.04899811528837, 39.85190226910878], [-105.04901207801272, 39.85191827023739], [-105.04902599317258, 39.85193421983959], [-105.04903865575554, 39.85194873516412], [-105.04905599812622, 39.8519686107146], [-105.04907431936235, 39.85198960963406], [-105.04908857668963, 39.85200595146116], [-105.0491016974234, 39.85202099096388], [-105.04923531058787, 39.85217412977248], [-105.050273091495, 39.85334075024377], [-105.05043750143665, 39.853536635891984], [-105.0515312301802, 39.85489552256659], [-105.05156805936329, 39.85494996580251], [-105.05230795732156, 39.85608280173261], [-105.05276901159169, 39.85689827035303], [-105.05374371985363, 39.85655234588732], [-105.05374617785166, 39.85624696929106], [-105.05380946818245, 39.85624760113813], [-105.0538435751798, 39.856258463098754]], [[-105.04118348860119, 39.885129733902374], [-105.04115052477043, 39.88515552469896], [-105.04115222505368, 39.88527087043963], [-105.04124502388024, 39.885370612204845], [-105.04128279430657, 39.885396847051375], [-105.0413142113379, 39.8860191436933], [-105.04071080004206, 39.88643058665482], [-105.03935445544701, 39.886857295804646], [-105.03933251784564, 39.887325492715036], [-105.04099224789435, 39.887197551169926], [-105.04124652590703, 39.88717426926875], [-105.04184790496753, 39.88711322212023], [-105.04223032165966, 39.88710719415636], [-105.0427847437357, 39.88711315798161], [-105.04287733529745, 39.88712247568325], [-105.04352995683482, 39.887211019216934], [-105.0434751878673, 39.88759423084851], [-105.04343541136691, 39.887690979800624], [-105.04331844494904, 39.88788911089469], [-105.04329123285156, 39.88793520190985], [-105.04325616111096, 39.887984148380625], [-105.04303805073245, 39.888241775089554], [-105.04277520175782, 39.888427133146806], [-105.04271643598605, 39.888458937451645], [-105.04248771680982, 39.88856269731258], [-105.04222711672145, 39.88868092170004], [-105.04214791834143, 39.88870652260222], [-105.04143763425988, 39.888924797207494], [-105.04134646509033, 39.888950047246944], [-105.03925134920722, 39.889574624621545], [-105.03917559117242, 39.889599824749084], [-105.03841107849306, 39.89015071177721], [-105.03835803534633, 39.89018469121792], [-105.03786622006099, 39.890460591751996], [-105.03747125429467, 39.89067475473783], [-105.03742193885002, 39.89069476131647], [-105.0373680853485, 39.890711181180095], [-105.03696292875412, 39.89080396135766], [-105.03695365888179, 39.89080606586429], [-105.03690971127538, 39.89081604593724], [-105.03685617554365, 39.89082747082181], [-105.0366131311026, 39.890874081438845], [-105.03637596000732, 39.890919564142166], [-105.03622188174519, 39.89094911234549], [-105.03553045999324, 39.89115422190195], [-105.0352804760357, 39.8913217023112], [-105.03461128628939, 39.8917700303094], [-105.03333612058164, 39.89191816215654], [-105.03245833894168, 39.89204335307533], [-105.03172871881267, 39.89237941155599], [-105.02781863608065, 39.8923880515049], [-105.02531272239088, 39.89237952982509], [-105.02531510952839, 39.892080449366176], [-105.0252822189364, 39.89208089376864], [-105.02522532987179, 39.89208161836989], [-105.02518598781674, 39.89206332559851], [-105.02522005713544, 39.89203796632104], [-105.02522408391194, 39.89129176621603], [-105.02519139747592, 39.891265418272106], [-105.02518952910489, 39.89039712766851], [-105.02528117150135, 39.8903978028518], [-105.02529456668671, 39.89038139922889], [-105.02529474504668, 39.8903814756208], [-105.02529493623769, 39.890381388143496], [-105.0253105528267, 39.89039881838048], [-105.02551121795845, 39.89040321954278], [-105.02553301595829, 39.89041716171069], [-105.02551108760319, 39.89042198538711], [-105.02531993630647, 39.89041961303859], [-105.02530583412171, 39.89042940012148], [-105.02532049989684, 39.89044535203766], [-105.02555847639478, 39.890447203152505], [-105.02553301595829, 39.89041716171069], [-105.02555839352958, 39.89040341398684], [-105.02575482172344, 39.89040541498683], [-105.02587035553728, 39.890395882648626], [-105.02607246820938, 39.89035882460349], [-105.02613662741896, 39.89034121581641], [-105.02646514643133, 39.890209883543235], [-105.02647389855328, 39.890191761118075], [-105.0265015984676, 39.890194969765666], [-105.0267206524745, 39.89010150279511], [-105.0269063547682, 39.88999931945381], [-105.02708539826313, 39.88985215236732], [-105.02709162115733, 39.88983352503647], [-105.0271166764787, 39.88982622174907], [-105.02723864273132, 39.88972520629505], [-105.02760560477286, 39.88941129512943], [-105.0276399579689, 39.88938226697204], [-105.02764224484358, 39.88937162772322], [-105.0276469564719, 39.88936963675951], [-105.02773765530536, 39.88931008095488], [-105.02792618971525, 39.88915571911855], [-105.02785385902315, 39.889087617253374], [-105.02779791341882, 39.88901751371561], [-105.02766846914426, 39.88880227168459], [-105.02762973608802, 39.88869964250386], [-105.02762614180794, 39.887530691830925], [-105.02761589662525, 39.887516788459166], [-105.02762538901348, 39.88750530873117], [-105.02763474613143, 39.88689253951844], [-105.02762032908855, 39.886875817938844], [-105.02763496693639, 39.88686060803064], [-105.02763775321787, 39.88666648160452], [-105.02766168830605, 39.8866184470577], [-105.02768979800706, 39.88660276913303], [-105.02828051298565, 39.88607064764584], [-105.02840807112544, 39.885875285160864], [-105.0284658445268, 39.88570656494667], [-105.02846678978513, 39.88534554019173], [-105.02852900052241, 39.88529575103227], [-105.02967334130898, 39.885297517999504], [-105.02967454127717, 39.885190643865606], [-105.03037447439108, 39.88519225067445], [-105.0303835219674, 39.88536100579485], [-105.0305487119025, 39.8853602493676], [-105.03054801479428, 39.88519152831928], [-105.03216727124641, 39.88517302022194], [-105.03218627957239, 39.88514049769207], [-105.03220473883594, 39.885171933176075], [-105.03229346314144, 39.8851722631017], [-105.03232086732889, 39.88517964376546], [-105.03457760601029, 39.885185970929285], [-105.03464803359954, 39.885108528686196], [-105.03465327232156, 39.88508160539649], [-105.03469379802927, 39.88506682079323], [-105.03570246327621, 39.88507561157734], [-105.03906539534823, 39.885095561890736], [-105.0411459324347, 39.88511618672087], [-105.04118348860119, 39.885129733902374]], [[-105.06394248517147, 39.85907616255393], [-105.06392986409817, 39.85908722449499], [-105.06389721452985, 39.86018971440089], [-105.06391343107957, 39.860205154813855], [-105.06389628349463, 39.860221147880374], [-105.06387026976901, 39.86109953098602], [-105.06386810356965, 39.86117268604977], [-105.06388698430202, 39.86118897238519], [-105.06386721421526, 39.861202711937274], [-105.0638634464675, 39.861329949802034], [-105.06375770490534, 39.86134977081107], [-105.06385932175246, 39.861367169691405], [-105.06384850364626, 39.86144011452727], [-105.06373014622744, 39.8618157075123], [-105.06353354780012, 39.86209520649407], [-105.06297596804221, 39.86259390261568], [-105.06298358443948, 39.862610580438094], [-105.06293835779823, 39.86261602704436], [-105.06280668072705, 39.86275422197922], [-105.06274601301708, 39.862809270115015], [-105.06264297297012, 39.862978703557545], [-105.06261576739823, 39.8630766678631], [-105.06258056481661, 39.86314893805524], [-105.06255284586977, 39.86327850852672], [-105.06256229217391, 39.86330966260564], [-105.06257951781113, 39.86332090180753], [-105.06254666992115, 39.86338571618253], [-105.06249880638046, 39.86342049643996], [-105.06249733006631, 39.86347072482638], [-105.05783482469067, 39.86336067159462], [-105.0578281620962, 39.86295889187246], [-105.05776903389656, 39.862958707876345], [-105.05776790699636, 39.862989444341046], [-105.05763711413462, 39.86298751223342], [-105.05748077236784, 39.862919709337305], [-105.05738520364224, 39.862778981220735], [-105.05732579763983, 39.86240223444817], [-105.05721622321295, 39.862132450110586], [-105.05523175032359, 39.86212479657596], [-105.05531776910739, 39.86222252579369], [-105.0555243781008, 39.86272696665447], [-105.05579354127546, 39.8632162192255], [-105.05542541192789, 39.863331338026924], [-105.0551887036278, 39.863405324837494], [-105.05482516112696, 39.863482177338526], [-105.0547018415911, 39.863492800944606], [-105.0546822152854, 39.86349449210829], [-105.05412630537874, 39.86348376228729], [-105.0534157486222, 39.86347004381596], [-105.05334631070411, 39.863498237309294], [-105.05329482695103, 39.863519141078974], [-105.05323935409818, 39.86354023739286], [-105.05309205971554, 39.86354384633314], [-105.05307412639849, 39.863530779998534], [-105.05307365416185, 39.863530431406005], [-105.05312529975316, 39.863504093714525], [-105.05313218704316, 39.86336686540184], [-105.05313450795408, 39.863320612348055], [-105.05314039546282, 39.86320329308706], [-105.0531436650682, 39.863138144035744], [-105.05314943562483, 39.8630231552557], [-105.05315952116338, 39.86282219796665], [-105.05316662215671, 39.862680685984856], [-105.05317526170316, 39.862508530139486], [-105.05350255647222, 39.86252836254938], [-105.05351349371479, 39.86246358639504], [-105.0531790405709, 39.862433229797375], [-105.05318218912446, 39.86237049587223], [-105.05317971976098, 39.86229503796737], [-105.05312318491347, 39.862241873370515], [-105.05317620910867, 39.86218775620969], [-105.05316947242174, 39.86198186185587], [-105.05316777653456, 39.86193003605905], [-105.05315906247117, 39.86166371970628], [-105.05315795777847, 39.86162997627625], [-105.0531533017133, 39.86148768278023], [-105.05313099968065, 39.8608060943413], [-105.05312806680963, 39.860716462567474], [-105.05311981946308, 39.860559150833865], [-105.05317820253947, 39.860500669116846], [-105.05319243948621, 39.86048640823355], [-105.05332836310244, 39.860350253710806], [-105.0533278547819, 39.86028480176455], [-105.05332486951147, 39.85990008198833], [-105.05331850047465, 39.85907933863037], [-105.05331405137767, 39.8585059234169], [-105.05331313110109, 39.85838728342475], [-105.05331088533086, 39.85809792775328], [-105.0532558908617, 39.857842358614114], [-105.05318326233125, 39.85750483553127], [-105.05315125427339, 39.857356086947895], [-105.05312605599495, 39.857238986472666], [-105.0530718137451, 39.85698690484733], [-105.05312360315807, 39.85696784154686], [-105.0532487110938, 39.85692179060385], [-105.05372689631785, 39.85674577185737], [-105.05379804957862, 39.85671958069117], [-105.05397975616351, 39.85665170450711], [-105.05393196961565, 39.85654188863692], [-105.053929319611, 39.85631675826483], [-105.05440365482251, 39.85631537097239], [-105.05482700000508, 39.856346464403416], [-105.05484034880277, 39.85634744464363], [-105.05522571836032, 39.856355369412725], [-105.0557183351734, 39.85634654928125], [-105.05577331566302, 39.85634768475954], [-105.0564940728821, 39.856362564028395], [-105.05705811840986, 39.85637420562155], [-105.05829215801015, 39.856399037458615], [-105.0583194579243, 39.85638267979471], [-105.05834145888302, 39.85639964823104], [-105.05855189498074, 39.85640225446501], [-105.05897362611107, 39.85640747537522], [-105.05922466567218, 39.85641058276825], [-105.05961175890756, 39.856415372316924], [-105.05961671937987, 39.856415433635014], [-105.06044161501237, 39.85642563755465], [-105.0605754297777, 39.85642729165087], [-105.06078006889335, 39.85642982213194], [-105.06081391497932, 39.85641763915975], [-105.06082829007931, 39.85643041780961], [-105.06112672366524, 39.85643410724775], [-105.06269158616574, 39.85645343790811], [-105.06270816088352, 39.856463129976866], [-105.0627231322333, 39.856453827105234], [-105.06332938795245, 39.85646131026762], [-105.0633290817949, 39.85648581455837], [-105.06331645218401, 39.85711882654364], [-105.06333576037268, 39.857136056701904], [-105.06331577017448, 39.85715350068268], [-105.06331016062923, 39.85743862997213], [-105.06332895624934, 39.85745653188725], [-105.06330944583726, 39.857474958518374], [-105.06330725444555, 39.85758636318001], [-105.06332082333238, 39.857672202671836], [-105.06333308349302, 39.857681934115], [-105.06332082686296, 39.857701279040626], [-105.06332083354586, 39.85775180939971], [-105.06333742052621, 39.857771351157965], [-105.06335709839303, 39.857770260368326], [-105.06336137126064, 39.857771136724246], [-105.0633675160555, 39.85780680859299], [-105.0635080732524, 39.8579724051348], [-105.06394754491805, 39.85849016122974], [-105.06393058364843, 39.85906292172252], [-105.06394248517147, 39.85907616255393]], [[-105.06802851111053, 39.86119704909727], [-105.06800101089902, 39.861180265437845], [-105.06390680077406, 39.8611320674664], [-105.06392987606361, 39.86022270996425], [-105.06391343107957, 39.860205154813855], [-105.06393138535826, 39.86019076349242], [-105.06394203999251, 39.85977085537], [-105.06403763893695, 39.85975551353409], [-105.06406275511554, 39.8597436423845], [-105.0640353199359, 39.859731197447665], [-105.06394250120461, 39.85972513277012], [-105.06395859377594, 39.859090897328194], [-105.06394248517147, 39.85907616255393], [-105.0639592731906, 39.8590640914396], [-105.0639738258416, 39.85849055804719], [-105.06385772673575, 39.85834253862063], [-105.063599550107, 39.85803413194063], [-105.06336737197807, 39.85775747380362], [-105.06336637956576, 39.857769580457024], [-105.06336137126064, 39.857771136724246], [-105.06335637845413, 39.85776203631322], [-105.06334830669091, 39.85773475588596], [-105.06334930418858, 39.85769423488968], [-105.06333308349302, 39.857681934115], [-105.0633493751692, 39.85766812741465], [-105.06335459364607, 39.857479300869606], [-105.06332895624934, 39.85745653188725], [-105.06335561964661, 39.85743761000953], [-105.06336261675706, 39.857153306495405], [-105.06333577309927, 39.857135345220236], [-105.06336339960882, 39.857121502276165], [-105.0633747386887, 39.856660785525015], [-105.06337904322278, 39.85648584834879], [-105.06337909997723, 39.85648355005215], [-105.06337896284603, 39.85644538270359], [-105.06158433159459, 39.85641867334925], [-105.06156961248581, 39.856406850896704], [-105.06155217960206, 39.856418194165734], [-105.06083167822418, 39.85640746273136], [-105.06081391497932, 39.85641763915975], [-105.0607811394894, 39.85640670959727], [-105.0606667922447, 39.85640500578437], [-105.05961193402456, 39.856389285050305], [-105.0594708918875, 39.85638718154772], [-105.0583396755564, 39.85637089376491], [-105.0583194579243, 39.85638267979471], [-105.05828978533137, 39.85637016093981], [-105.05760475586496, 39.85635934371792], [-105.05738711826616, 39.85635609559119], [-105.05709034475794, 39.856351664291346], [-105.05660801090418, 39.85634446195015], [-105.05589836375424, 39.85633502850441], [-105.05571337807244, 39.85633230854063], [-105.05570742264916, 39.85631380106771], [-105.05572062187177, 39.85629410752099], [-105.05576375930812, 39.85629525131274], [-105.05585766640621, 39.85629774033825], [-105.05586613414954, 39.855160918728515], [-105.05586839416931, 39.85485756604598], [-105.05593662914725, 39.85390078417705], [-105.05593663428381, 39.85390071304384], [-105.05597123835513, 39.85341548741066], [-105.05846898907582, 39.854356874219654], [-105.06009563029497, 39.85497213717844], [-105.06090896946583, 39.85527976275705], [-105.06270794593401, 39.85603793593843], [-105.06270816987623, 39.85595618199025], [-105.06387374749151, 39.856393427975526], [-105.06526426954804, 39.85640565529711], [-105.0652659568063, 39.85644170291357], [-105.06530855661498, 39.85682027437797], [-105.06762468561378, 39.857846929526], [-105.06911845347328, 39.858781914358886], [-105.06937342026556, 39.85892585121686], [-105.06932710977564, 39.861140310177596], [-105.06829392645938, 39.861151100463836], [-105.06822817456022, 39.86117937167915], [-105.06805744231235, 39.86118047729065], [-105.06802851111053, 39.86119704909727]], [[-105.06802851111053, 39.86119704909727], [-105.06805724650145, 39.86121145601435], [-105.06823540918533, 39.861211886907746], [-105.06831095993996, 39.861195965515925], [-105.06932562113126, 39.86121147287317], [-105.07025773072658, 39.86121760945999], [-105.0703226313503, 39.861250991094344], [-105.07031805610352, 39.86212454669896], [-105.06922337848444, 39.86212617298035], [-105.06921414884066, 39.863590271589295], [-105.06588260708826, 39.863581933666836], [-105.06581281087632, 39.86325086670094], [-105.06576510417979, 39.86358163801505], [-105.06419972147252, 39.86357768533178], [-105.06410457027596, 39.863639448670575], [-105.06402716620251, 39.86357724784251], [-105.06283633245246, 39.863574224947605], [-105.06269774804042, 39.863636664236836], [-105.06257167679982, 39.863573384896966], [-105.06257504184042, 39.86343422877782], [-105.06260252181717, 39.8633923917124], [-105.06257951781113, 39.86332090180753], [-105.06261669554763, 39.863303797089486], [-105.06264112361113, 39.8631590017692], [-105.06269659068222, 39.86299621372429], [-105.06280972303136, 39.862804998033816], [-105.06299282499309, 39.8626477898099], [-105.06298379009934, 39.86261040378706], [-105.063007846411, 39.86261368352265], [-105.0635696178659, 39.86211250108323], [-105.0637773560363, 39.861831614908404], [-105.0638939634399, 39.861439571700494], [-105.06390498644038, 39.86120356753092], [-105.06388698430202, 39.86118897238519], [-105.06390583898701, 39.86116996674205], [-105.06800004138873, 39.861211241256775], [-105.06802851111053, 39.86119704909727]], [[-105.06269774804042, 39.863636664236836], [-105.06274735637551, 39.86375498200054], [-105.06264809995935, 39.8689240854204], [-105.06260926617577, 39.868984320562284], [-105.06264539148836, 39.86902419453432], [-105.06262176378729, 39.8698974756617], [-105.06258855224436, 39.86991106393614], [-105.0623157355221, 39.87045290742349], [-105.0601940110955, 39.8702736287989], [-105.05867369308143, 39.86717923918268], [-105.06250009056143, 39.867261784275634], [-105.06250651461646, 39.867031369483435], [-105.0623476610695, 39.86694129914759], [-105.06250745750457, 39.86688410265344], [-105.06252094525536, 39.86540524589945], [-105.06242423753065, 39.86532797624925], [-105.06251690716796, 39.865263202021296], [-105.06249034526581, 39.86376083937864], [-105.06244413897804, 39.863730967677256], [-105.06252587556587, 39.86364547607746], [-105.06260563086715, 39.863689267244276], [-105.06269774804042, 39.863636664236836]], [[-105.0551549470911, 39.85631116917068], [-105.05514369699182, 39.85633193928611], [-105.0548831172841, 39.85632700905518], [-105.05467789866093, 39.856312870598494], [-105.05466082833415, 39.85631162374686], [-105.05460261470597, 39.856307373308944], [-105.05440222239206, 39.85629273875995], [-105.0542859958262, 39.856287522217826], [-105.0538708340442, 39.856285248484646], [-105.0538435751798, 39.856258463098754], [-105.0539285198147, 39.856248790504594], [-105.05449132522773, 39.85626151798195], [-105.05454074646444, 39.85626282796917], [-105.05465918239949, 39.85626596865232], [-105.05469267321438, 39.85626685664366], [-105.05513300687656, 39.85627853137844], [-105.05513619930062, 39.856299580701034], [-105.0551549470911, 39.85631116917068]], [[-105.05516759506264, 39.856318917009325], [-105.0551549470911, 39.85631116917068], [-105.05516546597681, 39.856279391825495], [-105.0556992465263, 39.85629354131949], [-105.05570741566297, 39.85631451617371], [-105.05569683439829, 39.85633129985229], [-105.05516835191989, 39.85633298571882], [-105.05516759506264, 39.856318917009325]]]}}, {"type": "Feature", "properties": {"PRESSUREZONE": "14", "LOCATIONDESC": null}, "geometry": {"type": "Polygon", "coordinates": [[[-105.06616671436079, 39.82726742286265], [-105.07208905017126, 39.82725644444021], [-105.07212857770014, 39.830895177047005], [-105.06439659597936, 39.830899645077864], [-105.06439592700022, 39.830213317897616], [-105.06507222823683, 39.8294723537573], [-105.06507167696851, 39.82887847378271], [-105.06530680733165, 39.82898182046877], [-105.06559872040093, 39.8287375659595], [-105.06549812447673, 39.828671124367894], [-105.06530893991165, 39.828578424749196], [-105.06530939460944, 39.82854016411983], [-105.06533501682324, 39.82856041169371], [-105.06539049162647, 39.82858540513249], [-105.0655155557463, 39.82865164924187], [-105.06562544539234, 39.828724186541464], [-105.06570146317333, 39.82875846948813], [-105.06566048208559, 39.828704335655516], [-105.06576467851922, 39.828647912922], [-105.06606892076523, 39.82837457874779], [-105.06571677257631, 39.82792639374516], [-105.06602507084622, 39.827468514702005], [-105.06404947431929, 39.82746335224301], [-105.06401576072868, 39.82738473807327], [-105.0640473537945, 39.8273719899334], [-105.06402979118147, 39.82726970788132], [-105.06616671436079, 39.82726742286265]], [[-105.06513110688257, 39.828471948728854], [-105.0650862654904, 39.8285032315348], [-105.06480163684803, 39.8284497285262], [-105.06464191493708, 39.82843863839848], [-105.0635889767445, 39.8284341091608], [-105.06358598313791, 39.82872155090028], [-105.06344311245591, 39.828830330452575], [-105.06338087165841, 39.8288229734671], [-105.06343741813407, 39.82881452095684], [-105.06356557422416, 39.828718793054946], [-105.0635703632757, 39.828411054277865], [-105.06389988570824, 39.82841068665102], [-105.06393308658363, 39.82838494613848], [-105.06394339394576, 39.8283994887417], [-105.06472276462252, 39.82841034808311], [-105.06487965546029, 39.828429053377924], [-105.06509438632955, 39.828475535055915], [-105.06513110688257, 39.828471948728854]], [[-105.06401576072868, 39.82738473807327], [-105.0639757421137, 39.82741631073259], [-105.06397333761845, 39.82767226902715], [-105.06397422774938, 39.82825969074005], [-105.06396480663938, 39.828362435216256], [-105.06393308658363, 39.82838494613848], [-105.06392692959504, 39.82837444797726], [-105.06393686523512, 39.82772784632078], [-105.06392015921425, 39.827699147008225], [-105.0639385968073, 39.82767430612822], [-105.06393827367067, 39.827378993431836], [-105.0640044133942, 39.82737924418814], [-105.06401576072868, 39.82738473807327]], [[-105.06530939460944, 39.82854016411983], [-105.06526370120348, 39.82849913692523], [-105.06517732800924, 39.82847259724286], [-105.06513110688257, 39.828471948728854], [-105.06512799268803, 39.82845429909353], [-105.0651812490041, 39.82843924937448], [-105.06529970689334, 39.82847496568551], [-105.06530939460944, 39.82854016411983]]]}}, {"type": "Feature", "properties": {"PRESSUREZONE": "04", "LOCATIONDESC": null}, "geometry": {"type": "Polygon", "coordinates": [[[-105.12204658475059, 39.87806633883094], [-105.12193564357015, 39.87812385852649], [-105.12027154657679, 39.87813506143952], [-105.11838799354621, 39.87765699278154], [-105.11671749085178, 39.87747391575198], [-105.11497967941519, 39.87650280255401], [-105.11389420981845, 39.876272968009296], [-105.11105847967731, 39.874559560112964], [-105.10949308028421, 39.872469114993855], [-105.10966328787832, 39.87172857245915], [-105.11073003780528, 39.87122698490412], [-105.10867170735422, 39.86882268427933], [-105.10677633094832, 39.86633907043246], [-105.10569352624914, 39.86577246640845], [-105.1055335579264, 39.865100284317144], [-105.10542242578842, 39.864825736226436], [-105.10539347397528, 39.864814401108205], [-105.10521601063037, 39.86486610593031], [-105.10517022076122, 39.86485973601472], [-105.10526082983719, 39.86477525794832], [-105.10498934061049, 39.86421109417818], [-105.1050217642093, 39.86373800145183], [-105.10104600840889, 39.863702402290805], [-105.1010061706978, 39.86368808133297], [-105.10091057320226, 39.863701485012676], [-105.10050020112313, 39.86369939450601], [-105.10049945020047, 39.863779059649794], [-105.10051286350031, 39.86483194468427], [-105.10039045963535, 39.864928270402686], [-105.1001085372045, 39.86481696450906], [-105.10013184125421, 39.8647329176334], [-105.10003768167049, 39.86469826320616], [-105.09998176837757, 39.86469569738837], [-105.09995281882134, 39.86477417738926], [-105.09961599238255, 39.86473922632715], [-105.09961526420729, 39.86453118012851], [-105.09949516193917, 39.86446142148822], [-105.0974522057723, 39.86445299942342], [-105.09746758595473, 39.86478191082806], [-105.09725998503357, 39.8648457902998], [-105.09714337600487, 39.86484933965557], [-105.09711557659962, 39.86489076766379], [-105.09677588443145, 39.864996565584974], [-105.09665663411836, 39.8647673768686], [-105.09665628992933, 39.86376732428791], [-105.09402068287173, 39.86372780400742], [-105.09401251913735, 39.8639599244438], [-105.09394706431188, 39.86396020506733], [-105.09387867618511, 39.86395945214101], [-105.09388007908862, 39.863725955947054], [-105.09258930237804, 39.86371532617816], [-105.09101746743842, 39.86370152261714], [-105.08786030948258, 39.86367620214903], [-105.0878117490623, 39.86340971470388], [-105.08766312376022, 39.863031710792505], [-105.0874466030199, 39.86283647928485], [-105.0871676292752, 39.86274206400901], [-105.08602180469121, 39.86279154440673], [-105.08581687965068, 39.86274674261165], [-105.08558985683815, 39.862652510486164], [-105.08542933878189, 39.862606178264066], [-105.08562556784244, 39.86227106866765], [-105.0852663632921, 39.86235318104645], [-105.08370763666466, 39.862388063593436], [-105.08337483507356, 39.86205333032978], [-105.08283613700299, 39.86144087226794], [-105.08247000955471, 39.860789280599015], [-105.08227272662107, 39.86026309041362], [-105.0821807780549, 39.859885338107404], [-105.0821354690453, 39.85958772467427], [-105.0821416633528, 39.85944452626257], [-105.0823887070641, 39.85942855992272], [-105.08249856580811, 39.859387090063], [-105.0827669907611, 39.859394218008546], [-105.0828758806609, 39.85940324933317], [-105.08300023003369, 39.85942127482967], [-105.08320633689988, 39.859484601040734], [-105.0832721640861, 39.85951341051645], [-105.08333901830302, 39.85955089532153], [-105.08336920184333, 39.859548054924694], [-105.08338813381883, 39.859501602081735], [-105.08336312671597, 39.85948829240441], [-105.08345651108878, 39.859390459311065], [-105.08340352037507, 39.85936478661538], [-105.08330948758608, 39.85946622089735], [-105.0832119479059, 39.859427667514595], [-105.083082525663, 39.859388493253114], [-105.08288412736222, 39.85935530865696], [-105.08269377401969, 39.85934287010192], [-105.08269786565994, 39.85930917467326], [-105.08261556186841, 39.85930787820395], [-105.08261268499443, 39.859342058994116], [-105.08249856580811, 39.859387090063], [-105.08214466681565, 39.85938987281817], [-105.08203815966, 39.859342677269034], [-105.08200024981163, 39.8592211580863], [-105.08189263863528, 39.85919344258003], [-105.08182283074012, 39.85649252393571], [-105.08199818634168, 39.85645616431897], [-105.08216743305394, 39.856493816419125], [-105.08317650456101, 39.85647184161169], [-105.08312675109343, 39.85636109061614], [-105.08305783999604, 39.85639808902043], [-105.08214095605608, 39.856420477784496], [-105.08199818634168, 39.85645616431897], [-105.08182483251153, 39.856420538860526], [-105.08150560889473, 39.85642283676512], [-105.0815045282419, 39.856351979829824], [-105.08182123315838, 39.85635368616041], [-105.08182509437712, 39.85591173333469], [-105.08207444561769, 39.8559077252879], [-105.08210206492467, 39.85171048423721], [-105.0821026529412, 39.851621195734026], [-105.08347985284071, 39.85158339103836], [-105.08371960286412, 39.85162997769281], [-105.08533162630103, 39.85210449525707], [-105.08740649877022, 39.852489316717374], [-105.08736406960436, 39.852166213149616], [-105.087821484473, 39.85172161320978], [-105.08960225648657, 39.851449639011186], [-105.09118456411308, 39.85131235423731], [-105.09207487051775, 39.85154106465268], [-105.0933450827326, 39.851965007767525], [-105.09570717476352, 39.85223094572259], [-105.09840261693374, 39.85273648023455], [-105.10059918359691, 39.85293245029022], [-105.10059236975167, 39.85637276756881], [-105.10529289736628, 39.856437360310494], [-105.10526187175138, 39.8588823967436], [-105.10527224047088, 39.86009615005572], [-105.10587952108418, 39.86007212497399], [-105.10587785662884, 39.86078060503954], [-105.10549339459666, 39.86149419504036], [-105.1054322654156, 39.86429971744327], [-105.10565578520762, 39.86479233960028], [-105.10578316050854, 39.86506754655881], [-105.10589862453999, 39.86563700867192], [-105.10711094858358, 39.86622940326688], [-105.10900046798591, 39.86865698994655], [-105.11139107503891, 39.87136743458737], [-105.11017544423594, 39.87194478088816], [-105.11017503403683, 39.87219737900342], [-105.11178873567567, 39.87395435515654], [-105.11426864943513, 39.87569038390489], [-105.11616746041119, 39.8762805718873], [-105.11715337038028, 39.876963016521685], [-105.1183897131571, 39.87738533563979], [-105.1203064704288, 39.877973131338464], [-105.12193940805506, 39.87800233668641], [-105.12204658475059, 39.87806633883094]], [[-105.12525120765075, 39.87817993159242], [-105.12516727107138, 39.87813234442877], [-105.12508698434837, 39.87811669142894], [-105.12214906882359, 39.878122176233944], [-105.12204658475059, 39.87806633883094], [-105.12217447163378, 39.87800310858897], [-105.12520754537029, 39.878016044577784], [-105.1252850899485, 39.87808874040855], [-105.1253021598478, 39.87813454985949], [-105.12525120765075, 39.87817993159242]], [[-105.12525120765075, 39.87817993159242], [-105.12527515972604, 39.87820864808318], [-105.12527777574292, 39.87835084848035], [-105.12541277943306, 39.87835200307589], [-105.1254132596229, 39.87837422679192], [-105.12541515377045, 39.878423201312515], [-105.12521167845101, 39.878420595261844], [-105.1252097540022, 39.878207547057045], [-105.12525120765075, 39.87817993159242]]]}}, {"type": "Feature", "properties": {"PRESSUREZONE": "12", "LOCATIONDESC": null}, "geometry": {"type": "Polygon", "coordinates": [[[-105.05299370129492, 39.90519533411301], [-105.05324751551706, 39.90508896581882], [-105.05326166104473, 39.903124817062974], [-105.05376024754251, 39.903127807040896], [-105.05415475235719, 39.903130173002545], [-105.05440047080356, 39.90313164573731], [-105.0546268124396, 39.90313300156401], [-105.05497868128798, 39.9031351088], [-105.05555249141248, 39.90313854206508], [-105.05558002650288, 39.899924173134636], [-105.05619077364503, 39.8999258373829], [-105.05794156801993, 39.89993058985677], [-105.05838590686899, 39.899931792530865], [-105.05868192736064, 39.899932592573414], [-105.05868897274063, 39.90037437416951], [-105.0587823661052, 39.90039953023199], [-105.05887459649634, 39.90037699225564], [-105.05887004263865, 39.899933100047924], [-105.06235600616871, 39.89994245729995], [-105.06236423217446, 39.904455631698205], [-105.06207807023655, 39.90445597030543], [-105.06206551801468, 39.904531170696096], [-105.06208742790474, 39.90458897876058], [-105.06236447090122, 39.90458645557241], [-105.06236891410255, 39.907023260871604], [-105.06234488556964, 39.90702324699903], [-105.06237018247474, 39.910633309667546], [-105.06237705950285, 39.911253262796045], [-105.06237863590977, 39.911395276185516], [-105.06237877168535, 39.911407669890984], [-105.06237967691295, 39.911408039002424], [-105.06278220419892, 39.91157219626954], [-105.06237179653367, 39.91175401591082], [-105.06237281050751, 39.91245901297778], [-105.05647827485559, 39.91244513000013], [-105.05648162383561, 39.911638155092625], [-105.05619151331896, 39.91176450167401], [-105.05574407587659, 39.9117642813177], [-105.05574720667813, 39.911686465760646], [-105.05574317303295, 39.91160427053376], [-105.05332473601031, 39.91158761649628], [-105.05320422518132, 39.91158609427899], [-105.05320151023844, 39.911476035588876], [-105.05321973397383, 39.908946163048306], [-105.05316288319202, 39.90885136865349], [-105.05322125291273, 39.908735271116356], [-105.05323320739899, 39.907075518712986], [-105.05317162272723, 39.906970910264405], [-105.05323444914713, 39.906903230135214], [-105.05324586228636, 39.905318444382075], [-105.05299370129492, 39.90519533411301]]]}}, {"type": "Feature", "properties": {"PRESSUREZONE": "16", "LOCATIONDESC": null}, "geometry": {"type": "Polygon", "coordinates": [[[-105.1054659607749, 39.86547670129602], [-105.10503787809134, 39.865455154178996], [-105.10433338319555, 39.86535502856212], [-105.10378317905437, 39.86531262423616], [-105.10298758346505, 39.86545762953993], [-105.10208269101365, 39.865646135633135], [-105.10130945404937, 39.86580594521172], [-105.10091569934845, 39.86597949554305], [-105.09994220586819, 39.866400292338206], [-105.09956366835377, 39.86663640547142], [-105.09890306071836, 39.866940005171934], [-105.0984598332396, 39.86711003770549], [-105.0982154518987, 39.86735058371598], [-105.09804707323327, 39.86758591504112], [-105.09787932213636, 39.8677140129048], [-105.09773550722697, 39.867750924042916], [-105.0975468807785, 39.86774788134653], [-105.09710197350462, 39.867677216208634], [-105.09674607756273, 39.86757849834233], [-105.09623590234102, 39.86740799706021], [-105.0958705479101, 39.86704279844925], [-105.09536483355629, 39.86648675784719], [-105.09501474871318, 39.86622782873767], [-105.0950929186023, 39.86618201389357], [-105.0950837249487, 39.866059699535356], [-105.09526644808378, 39.86590876248863], [-105.09524559421948, 39.865882942619635], [-105.0951875284635, 39.86583715371314], [-105.09483076660192, 39.866091750214494], [-105.09450888199108, 39.865853674749935], [-105.09417162174506, 39.8657673410863], [-105.09363774117566, 39.86571337131307], [-105.09295163263742, 39.86554410194211], [-105.09259366260765, 39.86541796457285], [-105.09207863943037, 39.86518117436721], [-105.09087989807995, 39.86456209669972], [-105.08942688088852, 39.864058568596114], [-105.08906695698664, 39.863685196627586], [-105.09024261713236, 39.86369462382354], [-105.09258424134569, 39.86371459222708], [-105.09388007908862, 39.863725955947054], [-105.09387867618511, 39.86395945214101], [-105.09394706431188, 39.86396020506733], [-105.09401251913735, 39.8639599244438], [-105.09402068287173, 39.86372780400742], [-105.09665628992933, 39.86376732428791], [-105.09665663411836, 39.8647673768686], [-105.09677588443145, 39.864996565584974], [-105.09711557659962, 39.86489076766379], [-105.09714337600487, 39.86484933965557], [-105.09725998503357, 39.8648457902998], [-105.09746758595473, 39.86478191082806], [-105.0974546800135, 39.864453008079], [-105.09949516193917, 39.86446142148822], [-105.09961526420729, 39.86453118012851], [-105.09961599238255, 39.86473922632715], [-105.09995281882134, 39.86477417738926], [-105.09998176837757, 39.86469569738837], [-105.10003768167049, 39.86469826320616], [-105.10013184125421, 39.8647329176334], [-105.1001085372045, 39.86481696450906], [-105.10039045963535, 39.864928270402686], [-105.10051286350031, 39.86483194468427], [-105.10049514000178, 39.86369866180356], [-105.10091304741664, 39.86370149359387], [-105.10100864491176, 39.863688089912124], [-105.10104848262336, 39.8637024108691], [-105.1050217642093, 39.86373800145183], [-105.10498934061049, 39.86421109417818], [-105.10526082983719, 39.86477525794832], [-105.10517022076122, 39.86485973601472], [-105.10525407173414, 39.86487140093659], [-105.10530712892431, 39.86489742761596], [-105.1054659607749, 39.86547670129602]]]}}, {"type": "Feature", "properties": {"PRESSUREZONE": "05", "LOCATIONDESC": null}, "geometry": {"type": "Polygon", "coordinates": [[[-105.12525120765075, 39.87817993159242], [-105.12525180720559, 39.878179531847195], [-105.1253021598478, 39.87813454985949], [-105.1252850899485, 39.87808874040855], [-105.12520754537029, 39.878016044577784], [-105.12217447163378, 39.87800310858897], [-105.12204658475059, 39.87806633883094], [-105.12193940805506, 39.87800233668641], [-105.1203064704288, 39.877973131338464], [-105.1183897131571, 39.87738533563979], [-105.1183960348222, 39.876387065144534], [-105.12058376508324, 39.87600095341486], [-105.12511108167368, 39.87543036682675], [-105.12635204764983, 39.874577687104214], [-105.12881337310887, 39.87487616194915], [-105.13095627181562, 39.87491736878077], [-105.13093589537422, 39.876875673586326], [-105.12961885024586, 39.87803759261286], [-105.12879585561497, 39.87805412989711], [-105.12874556017672, 39.88717502605335], [-105.12917534767867, 39.88765063198636], [-105.12874029110138, 39.888130320470005], [-105.1287347016467, 39.88914367343529], [-105.13511357051938, 39.88920012381442], [-105.13708095259156, 39.89087258203932], [-105.13671028832735, 39.8908714128614], [-105.136522057442, 39.89092328064645], [-105.13637817073028, 39.891033487420735], [-105.13629274772406, 39.891180278249415], [-105.13626380801414, 39.89160232160058], [-105.13624647608783, 39.89205929340002], [-105.13303416275524, 39.89204476140866], [-105.13214090406287, 39.89251052144456], [-105.13160437211457, 39.89279930644528], [-105.1289481895826, 39.89291230696329], [-105.12894185066824, 39.8946499933554], [-105.12879924317404, 39.89464956063552], [-105.12877960833998, 39.90003938125235], [-105.12873005042047, 39.90273921993141], [-105.12871603904166, 39.90350250928989], [-105.12866242248298, 39.9064232628774], [-105.12844864303584, 39.90642095293045], [-105.12781707660281, 39.90713146626823], [-105.12535398883702, 39.90713580391384], [-105.12434779704705, 39.90713757743993], [-105.12413426984901, 39.90712368406233], [-105.12335320025319, 39.90707286237032], [-105.12279088031742, 39.9069497370795], [-105.12211168653528, 39.906734863830884], [-105.12009484904216, 39.90567488075353], [-105.12023548541104, 39.905516148469815], [-105.12132911890168, 39.904495618992264], [-105.12135829694745, 39.904468391461016], [-105.12136926472031, 39.9044581563395], [-105.1215718422789, 39.90423745766828], [-105.12158715058249, 39.904221175313275], [-105.12160502936113, 39.904201722054786], [-105.12162752608641, 39.90417724024255], [-105.12164184109878, 39.90416166343983], [-105.1216942148853, 39.904104676599864], [-105.12180267302767, 39.90398665934022], [-105.12353213562135, 39.902104739464974], [-105.1229242479627, 39.90141059405357], [-105.12150404483098, 39.90180045071754], [-105.1204182443214, 39.90195832400699], [-105.11842274023388, 39.90192411066033], [-105.11786424721515, 39.90252772011909], [-105.11859688409712, 39.903225819144055], [-105.11773294422093, 39.90420083377368], [-105.11574566011902, 39.90315627336133], [-105.11376421305692, 39.90173359566255], [-105.11418512169583, 39.900062746566064], [-105.10941272379958, 39.90006955064665], [-105.10210882545174, 39.89976845145817], [-105.09993857995309, 39.89822485956938], [-105.09635980903425, 39.8982438281904], [-105.0963174452333, 39.89730831891765], [-105.09631739008064, 39.89730637328342], [-105.09625037200024, 39.8927407021281], [-105.09949976418953, 39.89278071199197], [-105.10286263262766, 39.89284726709031], [-105.10320824472032, 39.89268738988733], [-105.10323458715689, 39.89267123895378], [-105.10326477080554, 39.89268665522089], [-105.10628173041259, 39.892740466727396], [-105.10631055657278, 39.89269494113135], [-105.10637384149733, 39.89272677274967], [-105.10644039390176, 39.89269905530385], [-105.10653216473396, 39.89273568479805], [-105.10780992685956, 39.89277578980194], [-105.109363473669, 39.89279179536085], [-105.10955875871169, 39.892724631356984], [-105.11687482735344, 39.89271514119758], [-105.11687624131962, 39.89265441937105], [-105.11687676470206, 39.892645326183434], [-105.11770729415012, 39.89264698575415], [-105.1177064394051, 39.89231607177913], [-105.11761665204003, 39.89231829903742], [-105.11760760945079, 39.8922658078843], [-105.1175345269468, 39.89215531632379], [-105.11753683704649, 39.89190792354154], [-105.11855608665445, 39.89190422254159], [-105.11854942863361, 39.89118173632462], [-105.11850160206659, 39.89102207971644], [-105.11793282778119, 39.89112901458285], [-105.11770197213015, 39.89119122364241], [-105.11745461384184, 39.890674654148015], [-105.11737737080975, 39.89030826658249], [-105.11754405413328, 39.89013554036004], [-105.11734191467555, 39.8900279135371], [-105.1174403222246, 39.889936495122676], [-105.11745002840779, 39.88990256864754], [-105.11721467511666, 39.889777395209855], [-105.11813937261908, 39.888734756493264], [-105.11829883327447, 39.88880779803083], [-105.11839383722042, 39.88885251858199], [-105.11845020235045, 39.888803592977055], [-105.11848502995475, 39.8887762011542], [-105.118374960956, 39.88871748121023], [-105.11822983459747, 39.88864235634125], [-105.1189890947886, 39.88782183562685], [-105.1190422401438, 39.88772192494848], [-105.11868570040053, 39.887587295347494], [-105.11871383276758, 39.88754165718803], [-105.11876554135377, 39.88746165741649], [-105.11873826031463, 39.887361479579404], [-105.11939000122263, 39.88621681488043], [-105.11964644235474, 39.88580569039404], [-105.11803469948792, 39.884837781902476], [-105.11794919530885, 39.884924217034914], [-105.11828921785404, 39.88513766830997], [-105.11839410015685, 39.88521991009948], [-105.11839725399324, 39.88522815625227], [-105.11827417080272, 39.8851454821318], [-105.11791591652006, 39.884932739464006], [-105.11791021004316, 39.88493420121777], [-105.1179187063269, 39.88476797443246], [-105.11512755951473, 39.88308724029046], [-105.11512505491362, 39.88302422935557], [-105.11500589712799, 39.88301397575696], [-105.11468560431248, 39.882805616364145], [-105.11421362878765, 39.882534275700095], [-105.11343764624915, 39.88206696487627], [-105.11328229364183, 39.88194578964538], [-105.11284449047149, 39.88167204796398], [-105.11286662787022, 39.881647918794584], [-105.11283038619659, 39.88161316713695], [-105.11274642883063, 39.88157125765339], [-105.11271630121774, 39.88159800337308], [-105.11248879247476, 39.881465148475], [-105.11225272831284, 39.88131951355528], [-105.11204896027843, 39.88114095863888], [-105.11197898702854, 39.881054389302605], [-105.1118960692875, 39.88091632565594], [-105.11155766594054, 39.87981011568483], [-105.11153799524129, 39.87971028777404], [-105.11152323623078, 39.87959227485009], [-105.1115203803503, 39.879518252867804], [-105.11151983136254, 39.87938269156474], [-105.1115170819174, 39.879151184641344], [-105.11155840926827, 39.87915056216248], [-105.11155852466156, 39.87911566889498], [-105.11154559016417, 39.87909847383119], [-105.11146050970578, 39.87909151360154], [-105.11143253571016, 39.879041236676194], [-105.111439924479, 39.87862861363027], [-105.11145076806645, 39.87836780523493], [-105.11148437596773, 39.87825823270277], [-105.11153013470488, 39.87823495719596], [-105.11158729581541, 39.878325406901844], [-105.11838505380776, 39.87835302042739], [-105.11845606560361, 39.87823448668221], [-105.11847026259925, 39.8782471538937], [-105.1184700764894, 39.87840461331238], [-105.11848661200318, 39.87840735931901], [-105.11849484195282, 39.878402732852244], [-105.11849539525237, 39.87830364869045], [-105.11862190218893, 39.878239089326286], [-105.1186481300674, 39.87825332571391], [-105.12194089447594, 39.878250235753534], [-105.12197917051154, 39.878228614871446], [-105.12202719065391, 39.8782498049579], [-105.12515512956776, 39.87824168547347], [-105.12515448757753, 39.87847140567092], [-105.1257674988492, 39.87847578369909], [-105.12576779665227, 39.87876031702477], [-105.1258855355096, 39.878760699795336], [-105.12587675437422, 39.879573519423886], [-105.1261690505822, 39.8795732775908], [-105.12616409953438, 39.879554515031906], [-105.1261615457807, 39.87953155054298], [-105.12593114931377, 39.87952484405868], [-105.12593643929846, 39.87872821787652], [-105.12581396571413, 39.87872639040652], [-105.12581044322833, 39.87842826273994], [-105.12541515377045, 39.878423201312515], [-105.1254132596229, 39.87837422679192], [-105.12541277943306, 39.87835200307589], [-105.12527777574292, 39.87835084848035], [-105.12527515972604, 39.87820864808318], [-105.12525120765075, 39.87817993159242]], [[-105.09887193250229, 39.89259396130038], [-105.09882211224644, 39.89261657096898], [-105.09632807687277, 39.89256488876434], [-105.09624788071845, 39.892544011059215], [-105.09624190777453, 39.89245546081378], [-105.09612216630724, 39.89230133558427], [-105.09637438950996, 39.88566754275695], [-105.09577501267216, 39.88564828172625], [-105.09570899748415, 39.88541892179589], [-105.09560924753808, 39.885417674330725], [-105.09557604911737, 39.88539788530678], [-105.09560989584105, 39.885385577708995], [-105.09574770788349, 39.88538545744153], [-105.09590931987962, 39.885534368496955], [-105.09641598942186, 39.88553757545786], [-105.09649443924084, 39.885585313880696], [-105.09653423049039, 39.88562949781641], [-105.09625225139943, 39.892275578879044], [-105.09636742285832, 39.89241777302062], [-105.09637481330682, 39.89252825137321], [-105.09881621248937, 39.89256774595329], [-105.09887193250229, 39.89259396130038]], [[-105.12525120765075, 39.87817993159242], [-105.1252097540022, 39.878207547057045], [-105.12202278547302, 39.878207610453885], [-105.12197917051154, 39.878228614871446], [-105.12193741634887, 39.87820804519192], [-105.11848847702164, 39.87821091738582], [-105.11845606560361, 39.87823448668221], [-105.11838461729837, 39.87819007207892], [-105.11838799354621, 39.87765699278154], [-105.12027154657679, 39.87813506143952], [-105.12193564357015, 39.87812385852649], [-105.12204658475059, 39.87806633883094], [-105.12214906882359, 39.878122176233944], [-105.12508698434837, 39.87811669142894], [-105.12516727107138, 39.87813234442877], [-105.12525087782774, 39.878179535125774], [-105.12525120765075, 39.87817993159242]], [[-105.10644039390176, 39.89269905530385], [-105.10636667641504, 39.89268170950164], [-105.10631055657278, 39.89269494113135], [-105.10624516689609, 39.8926779425671], [-105.10617734847216, 39.892681061959145], [-105.10426655597522, 39.89267096418036], [-105.10324966584398, 39.892659971339874], [-105.10323458715689, 39.89267123895378], [-105.10322115108623, 39.89265697471452], [-105.10315121394511, 39.89265202675362], [-105.10070131379597, 39.89264616610925], [-105.10063444634169, 39.89260718565074], [-105.10069660071171, 39.89259253124492], [-105.10324895532139, 39.89261722953862], [-105.10426610919764, 39.892641318091535], [-105.10639996351145, 39.892645869597246], [-105.106448810852, 39.892679055048966], [-105.10644039390176, 39.89269905530385]], [[-105.11205128784758, 39.87767271347808], [-105.11204234160635, 39.87775709928133], [-105.11153013470488, 39.87823495719596], [-105.1115082216143, 39.878100103748935], [-105.11186573437023, 39.877668727482636], [-105.11205128784758, 39.87767271347808]], [[-105.10063444634169, 39.89260718565074], [-105.10055824192054, 39.89264447817721], [-105.10015689953157, 39.89262774381464], [-105.09891615479611, 39.8926174705865], [-105.09887193250229, 39.89259396130038], [-105.09891321469303, 39.8925701807174], [-105.10055585218338, 39.892590256027354], [-105.10063444634169, 39.89260718565074]], [[-105.09557604911737, 39.88539788530678], [-105.09551041997867, 39.885416437225835], [-105.0932648544404, 39.88539585363679], [-105.0932577103507, 39.88537908407538], [-105.09326538316076, 39.88536910296644], [-105.09550317816795, 39.88538567108483], [-105.09557604911737, 39.88539788530678]], [[-105.11211883344323, 39.877685736020034], [-105.11205128784758, 39.87767271347808], [-105.11192946540115, 39.877591829041336], [-105.11207724423825, 39.877413516814656], [-105.11230002891196, 39.87751668960788], [-105.11211883344323, 39.877685736020034]], [[-105.0932577103507, 39.88537908407538], [-105.09325087707091, 39.88539572498693], [-105.09322990750405, 39.88539553289722], [-105.09322985252354, 39.88544599802606], [-105.09323021024176, 39.88546387124329], [-105.09321432597872, 39.885637895298835], [-105.09320407930005, 39.88564895261289], [-105.0931925228102, 39.885637103113794], [-105.09319258212872, 39.88539332044452], [-105.09320018640955, 39.885378750194725], [-105.09319990770119, 39.885368617596484], [-105.09324898565535, 39.88536898107587], [-105.0932577103507, 39.88537908407538]], [[-105.11839850793196, 39.88523515859024], [-105.11839725399324, 39.88522815625227], [-105.11842265818731, 39.88524506852872], [-105.11852219663389, 39.885301994556634], [-105.11840110759046, 39.88538237758955], [-105.11843268117309, 39.885295502166564], [-105.11839850793196, 39.88523515859024]], [[-105.09320407930005, 39.88564895261289], [-105.09321419827016, 39.88565934155126], [-105.09320389411589, 39.88567769407205], [-105.09319238657754, 39.8856599795967], [-105.09320407930005, 39.88564895261289]]]}}, {"type": "Feature", "properties": {"PRESSUREZONE": "01", "LOCATIONDESC": null}, "geometry": {"type": "Polygon", "coordinates": [[[-105.11842265818731, 39.88524506852872], [-105.11839725399324, 39.88522815625227], [-105.11839410015685, 39.88521991009948], [-105.11828921785404, 39.88513766830997], [-105.11794919530885, 39.884924217034914], [-105.11803469948792, 39.884837781902476], [-105.11964644235474, 39.88580569039404], [-105.11938566962402, 39.88621680055757], [-105.11873826031463, 39.887361479579404], [-105.11876554135377, 39.88746165741649], [-105.11871383276758, 39.88754165718803], [-105.11868570040053, 39.887587295347494], [-105.1190422401438, 39.88772192494848], [-105.1189890947886, 39.88782183562685], [-105.11822983459747, 39.88864235634125], [-105.11848069936326, 39.888776186801174], [-105.11844709296894, 39.8888043122105], [-105.11838950662404, 39.888852504225554], [-105.11813937261908, 39.888734756493264], [-105.11721467511666, 39.889777395209855], [-105.11745002840779, 39.88990256864754], [-105.1174403222246, 39.889936495122676], [-105.11734191467555, 39.8900279135371], [-105.11754405413328, 39.89013554036004], [-105.11737737080975, 39.89030826658249], [-105.11745461384184, 39.890674654148015], [-105.11770197213015, 39.89119122364241], [-105.11793282778119, 39.89112901458285], [-105.11850160206659, 39.89102207971644], [-105.11854509788955, 39.891181721974036], [-105.11855608665445, 39.89190422254159], [-105.11753683704649, 39.89190792354154], [-105.1175345269468, 39.89215531632379], [-105.11760760945079, 39.8922658078843], [-105.11761665204003, 39.89231829903742], [-105.1177064394051, 39.89231607177913], [-105.11770729415012, 39.89264698575415], [-105.11687676470206, 39.892645326183434], [-105.11687624131962, 39.89265441937105], [-105.11687482735344, 39.89271514119758], [-105.10955875871169, 39.892724631356984], [-105.109363473669, 39.89279179536085], [-105.10780992685956, 39.89277578980194], [-105.10653216473396, 39.89273568479805], [-105.10644039390176, 39.89269905530385], [-105.106448810852, 39.892679055048966], [-105.10639996351145, 39.892645869597246], [-105.10634794861924, 39.89264597274912], [-105.10624963837853, 39.892647271239944], [-105.10624516689609, 39.8926779425671], [-105.10624802118045, 39.89264729182774], [-105.10426610919764, 39.892641318091535], [-105.10324895532139, 39.89261722953862], [-105.10069660071171, 39.89259253124492], [-105.10063444634169, 39.89260718565074], [-105.10055585218338, 39.892590256027354], [-105.09891321469303, 39.8925701807174], [-105.09887193250229, 39.89259396130038], [-105.09881621248937, 39.89256774595329], [-105.09637481330682, 39.89252825137321], [-105.09636742285832, 39.89241777302062], [-105.09625225139943, 39.892275578879044], [-105.09653423049039, 39.88562949781641], [-105.09649443924084, 39.885585313880696], [-105.09641598942186, 39.88553757545786], [-105.09590931987962, 39.885534368496955], [-105.09574770788349, 39.88538545744153], [-105.09560989584105, 39.885385577708995], [-105.09557604911737, 39.88539788530678], [-105.09550317816795, 39.88538567108483], [-105.09326538316076, 39.88536910296644], [-105.0932577103507, 39.88537908407538], [-105.09324898565535, 39.88536898107587], [-105.09319990770119, 39.885368617596484], [-105.09320018640955, 39.885378750194725], [-105.09319258212872, 39.88539332044452], [-105.0931925228102, 39.885637103113794], [-105.09320407930005, 39.88564895261289], [-105.09319238657754, 39.8856599795967], [-105.09320389411589, 39.88567769407205], [-105.09321419827016, 39.88565934155126], [-105.09320407930005, 39.88564895261289], [-105.09321432597872, 39.885637895298835], [-105.09323021024176, 39.88546387124329], [-105.09322985252354, 39.88544599802606], [-105.09322990750405, 39.88539553289722], [-105.09325087707091, 39.88539572498693], [-105.0932577103507, 39.88537908407538], [-105.0932648544404, 39.88539585363679], [-105.09551041997867, 39.885416437225835], [-105.09557604911737, 39.88539788530678], [-105.09560924753808, 39.885417674330725], [-105.09570899748415, 39.88541892179589], [-105.09577501267216, 39.88564828172625], [-105.09637438950996, 39.88566754275695], [-105.09612216630724, 39.89230133558427], [-105.09624190777453, 39.89245546081378], [-105.09624788071845, 39.892544011059215], [-105.09632807687277, 39.89256488876434], [-105.09882211224644, 39.89261657096898], [-105.09887193250229, 39.89259396130038], [-105.09891615479611, 39.8926174705865], [-105.10015689953157, 39.89262774381464], [-105.10055824192054, 39.89264447817721], [-105.10063444634169, 39.89260718565074], [-105.10070131379597, 39.89264616610925], [-105.10315121394511, 39.89265202675362], [-105.10322115108623, 39.89265697471452], [-105.10323458715689, 39.89267123895378], [-105.10320824472032, 39.89268738988733], [-105.10286263262766, 39.89284726709031], [-105.09949976418953, 39.89278071199197], [-105.09625037200024, 39.8927407021281], [-105.0963130577838, 39.89730635809234], [-105.09556482531406, 39.89731614048191], [-105.0952262895706, 39.89771515133315], [-105.09522157554348, 39.89896161383552], [-105.08428084042305, 39.89895500299118], [-105.08118942339426, 39.8989688137766], [-105.08118052015875, 39.899768149154696], [-105.07175236504268, 39.89985449619669], [-105.07177037594687, 39.90165367010168], [-105.0718003166365, 39.907027891566344], [-105.06236458119709, 39.90702324440303], [-105.06236447090122, 39.90458645557241], [-105.06208742790474, 39.90458897876058], [-105.06206551801468, 39.904531170696096], [-105.06207807023655, 39.90445597030543], [-105.06236423217446, 39.904455631698205], [-105.06235167488181, 39.89994244083532], [-105.05887004263865, 39.899933100047924], [-105.05887459649634, 39.90037699225564], [-105.0587823661052, 39.90039953023199], [-105.05868897274063, 39.90037437416951], [-105.05868192736064, 39.899932592573414], [-105.05838157558378, 39.89993177591688], [-105.0579372355655, 39.89993057322159], [-105.05618644236068, 39.899925820686335], [-105.05557569521883, 39.8999241564151], [-105.05554815992454, 39.90313852534451], [-105.05497434980043, 39.903135092057845], [-105.05462247978289, 39.903132984804095], [-105.05439613931638, 39.90313162897341], [-105.05415042087017, 39.90313015622941], [-105.05375591605569, 39.90312779025292], [-105.05325732955826, 39.903124800256215], [-105.05324751551706, 39.90508896581882], [-105.05299370129492, 39.90519533411301], [-105.05324586228636, 39.905318444382075], [-105.05323444914713, 39.906903230135214], [-105.05317162272723, 39.906970910264405], [-105.05323320739899, 39.907075518712986], [-105.05322125291273, 39.908735271116356], [-105.05316288319202, 39.90885136865349], [-105.05321973397383, 39.908946163048306], [-105.05319989198857, 39.911586077465536], [-105.05574317303295, 39.91160427053376], [-105.05574720667813, 39.911686465760646], [-105.05574407587659, 39.9117642813177], [-105.05619151331896, 39.91176450167401], [-105.05648162383561, 39.911638155092625], [-105.05647394277713, 39.912445113314405], [-105.05530153472276, 39.91243532629162], [-105.05529916277099, 39.9137409814364], [-105.0529432626813, 39.913731394540754], [-105.05293885124101, 39.91423905252897], [-105.04722738923921, 39.914221394721906], [-105.04181804672496, 39.914204086891175], [-105.03424207211033, 39.914178537717255], [-105.03425033955507, 39.92135842790843], [-105.02350267888606, 39.92128646027686], [-105.02352350734138, 39.91922980775558], [-105.0215074723772, 39.919226637665574], [-105.02152672208955, 39.92135689086535], [-105.01549296256302, 39.92130629915599], [-105.01548908267367, 39.92490864942585], [-105.01547917519763, 39.92522649721877], [-105.01523542102784, 39.92522932907609], [-105.0150747751341, 39.92835634864783], [-105.00462614910275, 39.92840443552569], [-105.00462674317872, 39.92844944725307], [-105.00459552692745, 39.928478371299796], [-105.00453853660493, 39.92853444684306], [-104.99727472482202, 39.92857431315998], [-104.99711074294277, 39.92878349399318], [-104.99710403442822, 39.929559664972224], [-104.99703493774379, 39.92957099181548], [-104.99701464139847, 39.92957462295182], [-104.99659942378393, 39.92959649118891], [-104.9965733076415, 39.92958451251542], [-104.996535930737, 39.92849120658603], [-104.98772639925694, 39.928476236592935], [-104.98772090685549, 39.92765896959241], [-104.98772168526911, 39.926785070127245], [-104.98772218680698, 39.92622230164744], [-104.98772302221062, 39.92528623622858], [-104.98772381865749, 39.92471378318136], [-104.98769495721969, 39.92224671751202], [-104.98768334402017, 39.92146815716706], [-104.9876939943915, 39.92071973950877], [-104.98778462314712, 39.91969166964286], [-104.98793221074132, 39.91880845571984], [-104.98816405379324, 39.91786903409496], [-104.98837599646576, 39.91719827942884], [-104.9886223477713, 39.916548154828924], [-104.98925260840811, 39.915118083456925], [-104.9897401944725, 39.91401808238854], [-104.99061348421006, 39.914029913373916], [-104.99162795435385, 39.914036388742765], [-104.99320154653917, 39.914047014129444], [-104.9931990578015, 39.913338149537665], [-104.99268416310768, 39.913338490610506], [-104.99266917336722, 39.9114311327746], [-104.99550943839395, 39.91142930348546], [-104.9955008617295, 39.90114454633887], [-104.99175639758666, 39.901156398202744], [-104.99175976691058, 39.90070363609796], [-104.99506701089516, 39.89970241650697], [-104.99667077920384, 39.899745185905005], [-105.00079937412991, 39.89972805331858], [-105.0060916674062, 39.89970590851805], [-105.01195566094573, 39.89971639346147], [-105.01199576089269, 39.89971646346746], [-105.01267184462071, 39.89971765288218], [-105.01551373012276, 39.899722609305684], [-105.0155175750219, 39.89877935178039], [-105.0155167593817, 39.897075401938274], [-105.0155155769404, 39.89460601934576], [-105.01718678319432, 39.89462824740235], [-105.01752746806525, 39.894536153622965], [-105.01761803549059, 39.8945116719291], [-105.01792562358182, 39.89442852425872], [-105.01897838349782, 39.894389772287084], [-105.02021152047166, 39.893909036810584], [-105.02019596360809, 39.89241486929213], [-105.02477290815364, 39.89237809881777], [-105.02477926490103, 39.892217335477575], [-105.02478254126842, 39.8920875740244], [-105.02515571248927, 39.892082658815056], [-105.02518598781674, 39.89206332559851], [-105.02522532987179, 39.89208161836989], [-105.0252778881573, 39.89208087590928], [-105.02531510952839, 39.892080449366176], [-105.02531470948108, 39.8921038597572], [-105.02531272239088, 39.89237952982509], [-105.02781430411223, 39.892388033736154], [-105.03172438684378, 39.892379393934405], [-105.03245400816316, 39.89204333548593], [-105.03333178981083, 39.891918144600176], [-105.03460695552761, 39.89177001280101], [-105.03527614530215, 39.891321684827986], [-105.03552612927027, 39.89115420442814], [-105.03621755103502, 39.89094909489767], [-105.03637162812981, 39.89091954669544], [-105.03660879922792, 39.890874064001046], [-105.03685184484104, 39.890827453397876], [-105.0369053794043, 39.89081602851061], [-105.0369493281805, 39.890806048444], [-105.03695859688379, 39.890803943933015], [-105.03736375465314, 39.890711163775414], [-105.03741760815572, 39.89069474391382], [-105.03746692477077, 39.89067473734173], [-105.03786188821222, 39.890460574361356], [-105.03835370351493, 39.89018467384577], [-105.03840674783295, 39.89015069441178], [-105.03917126054705, 39.889599807412395], [-105.03924701741427, 39.889574607283016], [-105.04134213333647, 39.888950029987264], [-105.04143330250758, 39.888924779951246], [-105.04214358777199, 39.88870650537734], [-105.04222278498443, 39.8886809044735], [-105.04248338624937, 39.88856268010049], [-105.04271210543217, 39.888458920248176], [-105.04277087120596, 39.88842711594553], [-105.04303372019221, 39.88824175789817], [-105.04325183058704, 39.88798413119744], [-105.04328690233073, 39.887935184727986], [-105.04331411443107, 39.88788909371385], [-105.04343108086154, 39.88769096262418], [-105.04347085619887, 39.887594213668926], [-105.04352562519068, 39.887211002039415], [-105.04287300482825, 39.88712245848583], [-105.04278041443624, 39.88711314078532], [-105.04222599002243, 39.88710717692992], [-105.04184357333001, 39.88711320487941], [-105.04124219543492, 39.887174252009956], [-105.0409879162517, 39.887197533896924], [-105.03932818619533, 39.88732547537959], [-105.03935012382637, 39.88685727847], [-105.0407064684481, 39.88643056937122], [-105.0413142113379, 39.8860191436933], [-105.04128279430657, 39.885396847051375], [-105.04124502388024, 39.885370612204845], [-105.04115222505368, 39.88527087043963], [-105.04115052477043, 39.88515552469896], [-105.04118348860119, 39.885129733902374], [-105.04120712840796, 39.88515584669928], [-105.04145364806419, 39.88515911583265], [-105.04153665808808, 39.88513516441596], [-105.04257692462417, 39.88513811151713], [-105.04267578802386, 39.88506415401164], [-105.0442458051729, 39.885067351306915], [-105.04562351814938, 39.88443232603666], [-105.04620609779462, 39.8838818136121], [-105.04659682606884, 39.8829266613964], [-105.04648152279523, 39.882702716600036], [-105.04623222496424, 39.882512668927696], [-105.04593891017213, 39.88240741271559], [-105.04434206821846, 39.88215979458817], [-105.04424602198758, 39.88206033786209], [-105.04379808849238, 39.88066806757696], [-105.04421063645837, 39.880442285398665], [-105.04455029988253, 39.87987928870003], [-105.04486154223261, 39.878773168789586], [-105.0437928182016, 39.878098136022125], [-105.04378813787416, 39.870795119892776], [-105.05213067196821, 39.870782510257136], [-105.05300760745777, 39.871036204429195], [-105.05298312819363, 39.8703137462514], [-105.0530346265859, 39.87027478421855], [-105.05298043313196, 39.87023418494473], [-105.05288316202437, 39.867091236122604], [-105.05284540089407, 39.86523102113753], [-105.05283936966106, 39.86493404017964], [-105.05284050269475, 39.86467927178355], [-105.05287026378095, 39.86356372264847], [-105.0530208130943, 39.863562634103744], [-105.05307365416185, 39.863530431406005], [-105.05309205971554, 39.86354384633314], [-105.05323935409818, 39.86354023739286], [-105.05329482695103, 39.863519141078974], [-105.0534157486222, 39.86347004381596], [-105.0546822152854, 39.86349449210829], [-105.05482516112696, 39.863482177338526], [-105.0551887036278, 39.863405324837494], [-105.05578987997237, 39.863217415593084], [-105.05552004917443, 39.8627269499328], [-105.05531343904434, 39.86222250905973], [-105.05522742143545, 39.862124779843285], [-105.05721622321295, 39.862132450110586], [-105.05732579763983, 39.86240223444817], [-105.05738520364224, 39.862778981220735], [-105.05748077236784, 39.862919709337305], [-105.05763711413462, 39.86298751223342], [-105.05776790699636, 39.862989444341046], [-105.05776903389656, 39.862958707876345], [-105.0578281620962, 39.86295889187246], [-105.05783482469067, 39.86336067159462], [-105.06249733006631, 39.86347072482638], [-105.06249880638046, 39.86342049643996], [-105.06254666992115, 39.86338571618253], [-105.06257951781113, 39.86332090180753], [-105.06260252181717, 39.8633923917124], [-105.06257504184042, 39.86343422877782], [-105.06257167679982, 39.863573384896966], [-105.06269774804042, 39.863636664236836], [-105.06260563086715, 39.863689267244276], [-105.06252587556587, 39.86364547607746], [-105.06244413897804, 39.863730967677256], [-105.0583129622376, 39.863698026684624], [-105.05698909562629, 39.863750130949896], [-105.0601940110955, 39.8702736287989], [-105.0623157355221, 39.87045290742349], [-105.06258855224436, 39.86991106393614], [-105.06262176378729, 39.8698974756617], [-105.06264539148836, 39.86902419453432], [-105.06260926617577, 39.868984320562284], [-105.06264809995935, 39.8689240854204], [-105.06274735637551, 39.86375498200054], [-105.06269774804042, 39.863636664236836], [-105.06283633245822, 39.86357422404694], [-105.06402716620251, 39.86357724784251], [-105.06410457027596, 39.863639448670575], [-105.06419972147252, 39.86357768533178], [-105.06576510417979, 39.86358163801505], [-105.06581281087632, 39.86325086670094], [-105.06588260708826, 39.863581933666836], [-105.06921291232192, 39.86359026696008], [-105.06922214199219, 39.86212616835125], [-105.07031681961121, 39.86212454208162], [-105.0703226313503, 39.861250991094344], [-105.07025773072658, 39.86121760945999], [-105.06927353800866, 39.861224503362784], [-105.06831095993996, 39.861195965515925], [-105.06823540918533, 39.861211886907746], [-105.0680560961283, 39.86121095722788], [-105.06802851111053, 39.86119704909727], [-105.06805744231235, 39.86118047729065], [-105.06822817456022, 39.86117937167915], [-105.06829392645938, 39.861151100463836], [-105.06932710977564, 39.861140310177596], [-105.0693721838312, 39.85892584658937], [-105.0691172170415, 39.858781909728656], [-105.06762344919906, 39.857846924879716], [-105.06530855661498, 39.85682027437797], [-105.0652659568063, 39.85644170291357], [-105.06526426954804, 39.85640565529711], [-105.07213171619392, 39.856414022071355], [-105.0815045282419, 39.856351979829824], [-105.08150508689226, 39.85638785104343], [-105.08150560889473, 39.85642283676512], [-105.08182483251153, 39.856420538860526], [-105.08199818634168, 39.85645616431897], [-105.08182283074012, 39.85649252393571], [-105.08189263863528, 39.85919344258003], [-105.08200024981163, 39.8592211580863], [-105.08203815966, 39.859342677269034], [-105.08214466681565, 39.85938987281817], [-105.08238548729571, 39.85938687424582], [-105.08249856580811, 39.859387090063], [-105.0823887070641, 39.85942855992272], [-105.0821416633528, 39.85944452626257], [-105.0821354690453, 39.85958772467427], [-105.0821807780549, 39.859885338107404], [-105.08227272662107, 39.86026309041362], [-105.08247000955471, 39.860789280599015], [-105.08283613700299, 39.86144087226794], [-105.08312115209259, 39.86176848173332], [-105.0832318684355, 39.86188530876145], [-105.08366683495, 39.862381139334225], [-105.0852663632921, 39.86235318104645], [-105.08562556784244, 39.86227106866765], [-105.08542933878189, 39.862606178264066], [-105.08558985683815, 39.862652510486164], [-105.08581687965068, 39.86274674261165], [-105.08602180469121, 39.86279154440673], [-105.0871676292752, 39.86274206400901], [-105.0874466030199, 39.86283647928485], [-105.08766312376022, 39.863031710792505], [-105.0878117490623, 39.86340971470388], [-105.08786402569768, 39.86367550032782], [-105.08906695698664, 39.863685196627586], [-105.08942688088852, 39.864058568596114], [-105.09087989807995, 39.86456209669972], [-105.09207863943037, 39.86518117436721], [-105.09259366260765, 39.86541796457285], [-105.09295163263742, 39.86554410194211], [-105.09363774117566, 39.86571337131307], [-105.09417162174506, 39.8657673410863], [-105.09450888199108, 39.865853674749935], [-105.09483076660192, 39.866091750214494], [-105.0951875284635, 39.86583715371314], [-105.09524559421948, 39.865882942619635], [-105.09529333242942, 39.86591533285222], [-105.0950837249487, 39.866059699535356], [-105.0950929186023, 39.86618201389357], [-105.09501474871318, 39.86622782873767], [-105.09536483355629, 39.86648675784719], [-105.09574224681, 39.86690273152836], [-105.09624777149749, 39.86740803870493], [-105.09673099448455, 39.867571064506336], [-105.0971138415396, 39.86767725775992], [-105.09738090526764, 39.867717036493794], [-105.09755874999485, 39.867747922856026], [-105.09774737644398, 39.867750965532956], [-105.09789119134703, 39.86771405438], [-105.09805894125296, 39.86758595649495], [-105.09822732104644, 39.86735062515654], [-105.09847170234572, 39.86711007912081], [-105.09891492862639, 39.86694004653749], [-105.0995426120229, 39.86665698452854], [-105.09995407485191, 39.86640033360064], [-105.10092756825962, 39.86597953670509], [-105.1013213240994, 39.86580598633719], [-105.10186451407775, 39.86569038468026], [-105.10235542113219, 39.865596046526335], [-105.10299945345564, 39.865457670492304], [-105.10345895557023, 39.865374181324704], [-105.10379504668269, 39.865312665098436], [-105.10411641976951, 39.86533326794559], [-105.1043452520003, 39.86535506937165], [-105.10504974574516, 39.86545519491184], [-105.1054659607749, 39.86547670129602], [-105.10530712892431, 39.86489742761596], [-105.10525407173414, 39.86487140093659], [-105.10521601063037, 39.86486610593031], [-105.10539347397528, 39.864814401108205], [-105.10542242578842, 39.864825736226436], [-105.1055335579264, 39.865100284317144], [-105.10570746510291, 39.865831038700996], [-105.10583011344578, 39.86640330763695], [-105.10583361379992, 39.86644488276886], [-105.10583426434577, 39.86648650307979], [-105.1058331061087, 39.866514253207214], [-105.10583077339764, 39.86654197229154], [-105.10582483426666, 39.86658337818771], [-105.10581611866883, 39.86662447194824], [-105.1058087304457, 39.86665165222731], [-105.10580013145717, 39.86667860769459], [-105.10578497396266, 39.866718581470245], [-105.10577335041856, 39.866744869086105], [-105.1057605541397, 39.86677082213779], [-105.10574662033414, 39.86679641552683], [-105.10572353049544, 39.86683408342634], [-105.10570671561824, 39.86685865008459], [-105.1056794325766, 39.86689460314569], [-105.10564976934656, 39.86692941950627], [-105.10562869319325, 39.8669519135229], [-105.10560661971085, 39.866973854709926], [-105.10558355389114, 39.866995188143036], [-105.1055595309484, 39.86701588782298], [-105.10552177316382, 39.86704570921897], [-105.1054955134343, 39.86706472597477], [-105.10545456496921, 39.86709187313405], [-105.10541516952895, 39.867115429235476], [-105.10548620348386, 39.867400025480585], [-105.10553362773318, 39.86759026869669], [-105.10556434549285, 39.867817075800396], [-105.10558894825238, 39.86799870332758], [-105.10561296909118, 39.86817607319528], [-105.10564901939044, 39.868442210909976], [-105.10565947624212, 39.86851930521639], [-105.10567461126332, 39.86863136328074], [-105.10568004586996, 39.868671353559115], [-105.1057163712781, 39.86893933044991], [-105.10543990547326, 39.86911871737394], [-105.10439754420815, 39.869419504306826], [-105.10456793286265, 39.86953267165021], [-105.1046363277366, 39.869608180895774], [-105.10563102719058, 39.87023877245487], [-105.10572387608208, 39.870145258093935], [-105.10607594796394, 39.87010144209498], [-105.10615476669459, 39.870389879736116], [-105.10623842643376, 39.87037630293544], [-105.10638184805696, 39.87075132650473], [-105.1066349251204, 39.87073418478528], [-105.10688586846743, 39.87073701924413], [-105.10696507714115, 39.87073953876075], [-105.1070139436353, 39.87074355059592], [-105.10706576054027, 39.870755259686206], [-105.10713482763838, 39.870776551307515], [-105.10732254860471, 39.870838189743516], [-105.10752973995574, 39.87090390314844], [-105.10773162344732, 39.87096927114382], [-105.10797312724735, 39.87104635544773], [-105.10815423715546, 39.87111800884556], [-105.10819509244902, 39.87115667222027], [-105.10837922837796, 39.871334504503665], [-105.10844857585636, 39.87129276393938], [-105.10852823214005, 39.87136600705118], [-105.10857639041689, 39.87141028557697], [-105.10878182529359, 39.871603220896276], [-105.10883543724299, 39.87165620119092], [-105.10887069050429, 39.87181313090045], [-105.10891125443521, 39.87200637736294], [-105.10893071107772, 39.87221116619716], [-105.10893205013531, 39.87238893106687], [-105.10893076851687, 39.87255525665328], [-105.10892817395566, 39.87272223796604], [-105.10892691776125, 39.872889837179976], [-105.10892153180521, 39.87305620465568], [-105.1089161592291, 39.87322063844124], [-105.10891476483198, 39.873393996050815], [-105.10891451860344, 39.87357649303411], [-105.10891387253065, 39.873772888663176], [-105.10934744633616, 39.873777058721835], [-105.1094256575892, 39.87377781144021], [-105.1096921639824, 39.87378038542947], [-105.10969212077077, 39.87378508496744], [-105.10966440437686, 39.87685296148393], [-105.11135357901516, 39.876864362997864], [-105.11253385626289, 39.876862623336365], [-105.113726692718, 39.876855135041225], [-105.11370982676218, 39.87819671890535], [-105.11838461729837, 39.87819007207892], [-105.11845606560361, 39.87823448668221], [-105.11838505380776, 39.87835302042739], [-105.11158729581541, 39.878325406901844], [-105.11153013470488, 39.87823495719596], [-105.11204234160635, 39.87775709928133], [-105.11205128784758, 39.87767271347808], [-105.11211883344323, 39.877685736020034], [-105.11230002891196, 39.87751668960788], [-105.112075461953, 39.877415705734], [-105.11192946540115, 39.877591829041336], [-105.11205128784758, 39.87767271347808], [-105.11186573437023, 39.877668727482636], [-105.1115082216143, 39.878100103748935], [-105.11153013470488, 39.87823495719596], [-105.11148437596773, 39.87825823270277], [-105.11145076806645, 39.87836780523493], [-105.111439924479, 39.87862861363027], [-105.11143233995458, 39.87904132968475], [-105.11146050970578, 39.87909151360154], [-105.11154559016417, 39.87909847383119], [-105.11155852466156, 39.87911566889498], [-105.11155840926827, 39.87915056216248], [-105.1115170819174, 39.879151184641344], [-105.11151983136254, 39.87938269156474], [-105.1115203803503, 39.879518252867804], [-105.11152323623078, 39.87959227485009], [-105.11153799524129, 39.87971028777404], [-105.11155766594054, 39.87981011568483], [-105.1118960692875, 39.88091632565594], [-105.11197898702854, 39.881054389302605], [-105.11204896027843, 39.88114095863888], [-105.11225851062977, 39.881327109447774], [-105.11248879247476, 39.881465148475], [-105.11271630121774, 39.88159800337308], [-105.11274642883063, 39.88157125765339], [-105.11283038619659, 39.88161316713695], [-105.11286662787022, 39.881647918794584], [-105.11284449047149, 39.88167204796398], [-105.11328229364183, 39.88194578964538], [-105.11343764624915, 39.88206696487627], [-105.11421362878765, 39.882534275700095], [-105.11468560431248, 39.882805616364145], [-105.11500589712799, 39.88301397575696], [-105.11512505491362, 39.88302422935557], [-105.11512755951473, 39.88308724029046], [-105.1179187063269, 39.88476797443246], [-105.11791021004316, 39.88493420121777], [-105.11791591652006, 39.884932739464006], [-105.11827417080272, 39.8851454821318], [-105.11836676797171, 39.88520804146303], [-105.11839725399324, 39.88522815625227], [-105.11839850793196, 39.88523515859024], [-105.11843268117309, 39.885295502166564], [-105.11840110759046, 39.88538237758955], [-105.11852219663389, 39.885301994556634], [-105.11842265818731, 39.88524506852872]], [[-105.06530939460944, 39.82854016411983], [-105.06530893991165, 39.828578424749196], [-105.06549812447673, 39.828671124367894], [-105.06559872040093, 39.8287375659595], [-105.06530680733165, 39.82898182046877], [-105.06507167696851, 39.82887847378271], [-105.06506790141368, 39.82947233739481], [-105.0643916001304, 39.83021330150967], [-105.06439226906612, 39.83089962868996], [-105.06270125115381, 39.830899580253885], [-105.06273530793311, 39.8381622504309], [-105.06213010985552, 39.83816145772959], [-105.06213127497267, 39.83761257657714], [-105.06210982490396, 39.837397871138435], [-105.06208631914188, 39.837303838880956], [-105.06202499475911, 39.837143145307984], [-105.06195241468093, 39.83701079440809], [-105.06188765175996, 39.83690345607053], [-105.06182799777744, 39.83683242882815], [-105.06172564086687, 39.83672903622953], [-105.06136563060561, 39.836400841617426], [-105.06073501782267, 39.83682186344332], [-105.06057702387265, 39.836914873102295], [-105.06052095686212, 39.836950868608284], [-105.06040612960274, 39.83702051560502], [-105.06022829936111, 39.83711913221589], [-105.06010611602487, 39.83718076273094], [-105.05998121153887, 39.83723911597023], [-105.05985372915777, 39.837294081690466], [-105.05965806089459, 39.837370007888865], [-105.05945749383163, 39.837437899013445], [-105.05938966502438, 39.837458750058666], [-105.05918343376662, 39.83751571997875], [-105.05904394757918, 39.83754903438378], [-105.05890298894893, 39.837578581767545], [-105.05883207368339, 39.8375919261577], [-105.05839655719097, 39.83766948345298], [-105.05838390253233, 39.8381566074288], [-105.05680141424648, 39.83815450098278], [-105.0567976920793, 39.83993146203428], [-105.05346664210104, 39.83992568293754], [-105.05339960362176, 39.84397469102258], [-105.05339823760754, 39.844057151242154], [-105.05344000907272, 39.84579319546445], [-105.05322306878425, 39.852289539526886], [-105.05322219998844, 39.852315543945245], [-105.05329746389204, 39.85234648424917], [-105.05597123835513, 39.85341548741066], [-105.05586839416931, 39.85485756604598], [-105.05585766640621, 39.85629774033825], [-105.05572062187177, 39.85629410752099], [-105.05570742264916, 39.85631380106771], [-105.0556992465263, 39.85629354131949], [-105.05516546597681, 39.856279391825495], [-105.0551549470911, 39.85631116917068], [-105.05513619930062, 39.856299580701034], [-105.05513300687656, 39.85627853137844], [-105.05488474152881, 39.856271949196746], [-105.05469267321438, 39.85626685664366], [-105.05428822462217, 39.856256132548836], [-105.0539285198147, 39.856248790504594], [-105.0538435751798, 39.856258463098754], [-105.05380946818245, 39.85624760113813], [-105.05374617785166, 39.85624696929106], [-105.05374371985363, 39.85655234588732], [-105.05276901159169, 39.85689827035303], [-105.05230362881683, 39.85608278488993], [-105.0515637309305, 39.854949948932], [-105.05152690175086, 39.8548955056947], [-105.05043317192509, 39.853536618974374], [-105.0502687631644, 39.85334073332456], [-105.04923098116288, 39.852174112809614], [-105.04909736917669, 39.852020974000574], [-105.04908424727532, 39.85200593449279], [-105.04906998994913, 39.85198959266515], [-105.04905166988286, 39.85196859374959], [-105.04903432751338, 39.85194871819845], [-105.04902166376289, 39.85193420286885], [-105.04900774977257, 39.851918253270725], [-105.04899378704924, 39.85190225214159], [-105.04897208044173, 39.851877372452556], [-105.04895290567187, 39.851855393841966], [-105.04863757611137, 39.85149397309255], [-105.04860245721352, 39.85144572141689], [-105.04851976252212, 39.85133210141703], [-105.04847487383815, 39.8512609865352], [-105.04837725693265, 39.851160672934036], [-105.04823473721213, 39.85101906906349], [-105.04818133506836, 39.850965268474425], [-105.04818057004205, 39.8509645053029], [-105.0481788958915, 39.85096285770386], [-105.04802056124008, 39.85080686896793], [-105.04785284460105, 39.85064300729227], [-105.0477145202704, 39.85050785905769], [-105.04745525487895, 39.85025454958329], [-105.04739448587127, 39.85019517420621], [-105.04724101440917, 39.850045226303074], [-105.0470491769199, 39.84985778888651], [-105.0469621733225, 39.849772784939645], [-105.0465065313646, 39.84932688818776], [-105.04648245239854, 39.84930406931234], [-105.04648111841324, 39.849302767085874], [-105.04614520501448, 39.848974547053764], [-105.04609952863697, 39.848929919581394], [-105.0457665061823, 39.84860452623064], [-105.04573640118004, 39.84857511029782], [-105.04549974732853, 39.84834387462636], [-105.04539073822285, 39.848237362744314], [-105.04534158562936, 39.84818935992004], [-105.04527945387098, 39.84812864592507], [-105.04501260475791, 39.84786789193818], [-105.04472892650357, 39.84759068839435], [-105.04442706410225, 39.847280727632956], [-105.04442493785197, 39.847278565705395], [-105.04440638185473, 39.84725988252985], [-105.0422212183587, 39.84506230463203], [-105.04049299948599, 39.84376187740191], [-105.03796989346903, 39.84246954458323], [-105.03800348562469, 39.84185696528925], [-105.0378753670225, 39.84185609039172], [-105.03783235355436, 39.841855795991876], [-105.03781854849713, 39.84185570089623], [-105.03722550918543, 39.84185164586839], [-105.03716515177068, 39.841851232806384], [-105.03591494224936, 39.84184267320747], [-105.03587553428436, 39.841842402529274], [-105.03417310212608, 39.84183072404877], [-105.03346134052047, 39.84182583372912], [-105.03316394778295, 39.84182378956982], [-105.03284940741014, 39.84182162636892], [-105.03232527009001, 39.841818018614845], [-105.03194381338918, 39.84181539172023], [-105.03169961386443, 39.84181370971417], [-105.03145282298436, 39.841812009429155], [-105.03123909365087, 39.841810537017324], [-105.03100164596795, 39.841808899957535], [-105.03069965481635, 39.84180681716824], [-105.03038798753441, 39.84180466706385], [-105.03013169115154, 39.84180289811773], [-105.02986905188884, 39.841801085564754], [-105.02953257859201, 39.841798760605066], [-105.02947787133367, 39.841798382829694], [-105.02934507848485, 39.84179746039696], [-105.02935091057353, 39.84141589329521], [-105.02958482505193, 39.84141682219813], [-105.02958452430907, 39.84148361309925], [-105.02972175390217, 39.84146078462847], [-105.02981151021385, 39.841443307402756], [-105.03001937098405, 39.841408551428884], [-105.0301102683459, 39.8413933294151], [-105.03037817892485, 39.84134684812837], [-105.03061944422757, 39.841303935846156], [-105.03086413919763, 39.841267379587556], [-105.03112116731953, 39.84122895014419], [-105.03135320599391, 39.84119424888377], [-105.03161386961995, 39.84115529815314], [-105.03192889857776, 39.841108181896104], [-105.03217796889142, 39.840980799654965], [-105.03223297223882, 39.84095266834456], [-105.03241499581019, 39.840859571759864], [-105.03263556507947, 39.84074675995357], [-105.03275736746542, 39.840684423810444], [-105.03287539545157, 39.84062401856636], [-105.03303956400062, 39.84058283354321], [-105.0332095822849, 39.84054012106578], [-105.03331742188959, 39.840513024150624], [-105.03340553065543, 39.840512365621315], [-105.0336584221081, 39.840510563935844], [-105.03390597290252, 39.84050876707469], [-105.03415995205496, 39.84050696779334], [-105.03416056351176, 39.840354493518284], [-105.03416577263181, 39.84013530248685], [-105.0339538180129, 39.8401368271157], [-105.03393491926788, 39.84006218651811], [-105.03394754614438, 39.83996855956609], [-105.03414215188252, 39.83996677644969], [-105.0341665306837, 39.839946569504086], [-105.03416391692554, 39.839520200972174], [-105.03412089208355, 39.839488705814546], [-105.03377750395302, 39.839237329087084], [-105.03369494159365, 39.839176873584236], [-105.03358424367144, 39.839137771485134], [-105.03328408859494, 39.83903173997043], [-105.0330793563894, 39.83895939564312], [-105.03285861931924, 39.838881439606425], [-105.03266541614582, 39.83881317637506], [-105.0324791575994, 39.83874735664956], [-105.03229179663636, 39.838681175471585], [-105.03212470791804, 39.83862214943443], [-105.0320847213494, 39.83860802454245], [-105.03189485582288, 39.83854378068242], [-105.03168517912914, 39.83848159765132], [-105.03149106720582, 39.83842403594158], [-105.03126838134757, 39.83835801092713], [-105.031051218347, 39.83829696350083], [-105.030790765265, 39.83822371509339], [-105.03053557400507, 39.83815195566706], [-105.0302783555792, 39.838079610962936], [-105.03007964036851, 39.83802375735546], [-105.02988248933713, 39.83796832050322], [-105.02967716457924, 39.83791057208739], [-105.02947958735675, 39.83785502381754], [-105.0292762537713, 39.837797831338214], [-105.02908368895241, 39.83774368903434], [-105.02888895567692, 39.83768892056392], [-105.0286142905635, 39.83761168296163], [-105.02837683948053, 39.83754491901052], [-105.02807385972116, 39.83763343295598], [-105.02780213761916, 39.83771280829947], [-105.02753137963495, 39.837791886138554], [-105.02733080836744, 39.83785046873776], [-105.0272293975922, 39.83788008582938], [-105.02707184020315, 39.8379492772668], [-105.02660787447813, 39.83809768484639], [-105.0263886140281, 39.838160157259054], [-105.02624191157653, 39.83836382860554], [-105.02610013540404, 39.838560380422855], [-105.02596547787456, 39.83874721701586], [-105.0258549811661, 39.838900495774624], [-105.0257475047839, 39.83904980680417], [-105.02564445103454, 39.83919258807537], [-105.02553958257654, 39.83933803857179], [-105.02543697613226, 39.839480382875664], [-105.02533518078809, 39.83962161810389], [-105.02520321365019, 39.83980470370107], [-105.02505934608268, 39.84000426647322], [-105.02505844397636, 39.84019548386201], [-105.02505769378006, 39.84035474687764], [-105.02505692646017, 39.84052151873711], [-105.02505615747114, 39.84068348549472], [-105.02505539491847, 39.84084957015725], [-105.02505416260897, 39.841108992382715], [-105.02505467850999, 39.841767746247584], [-105.02469935569698, 39.84176526987675], [-105.02470078604804, 39.8405997528335], [-105.02470590526168, 39.839497859242236], [-105.02470939337194, 39.83874597866439], [-105.02471210203134, 39.838162822549506], [-105.024356098409, 39.83816332886149], [-105.02435884347726, 39.83778240655869], [-105.02409591845353, 39.83709536137838], [-105.02322541239748, 39.8362397927945], [-105.02192613607238, 39.83571820830786], [-105.02002065712097, 39.83516627175247], [-105.01799913913062, 39.83443867125926], [-105.01550949413033, 39.83371809334999], [-105.0155132857556, 39.83316493941058], [-105.01540648618831, 39.83316443454697], [-105.01544709023202, 39.82720461508601], [-105.01555498745842, 39.82720452112288], [-105.01556953037847, 39.82649400859594], [-105.01559031008074, 39.82582348885642], [-105.01559691708695, 39.8252213435678], [-105.01560990878235, 39.82452142628567], [-105.0156233124161, 39.82386670567779], [-105.01564474729192, 39.8228194012054], [-105.01526653013133, 39.82274799179381], [-105.01564745345564, 39.822687191734325], [-105.0156527961147, 39.82242617254406], [-105.01656635817892, 39.822374095521994], [-105.01819191540861, 39.8222736328109], [-105.01868007965393, 39.82228103064183], [-105.02145184314702, 39.82254652457056], [-105.02156270013846, 39.82256158035915], [-105.02167324279122, 39.82258718073114], [-105.02176211254364, 39.822616896118475], [-105.02184644915685, 39.82265362145244], [-105.02195035064543, 39.82271277469164], [-105.02225928982752, 39.82291519715547], [-105.02264706078113, 39.8231692718635], [-105.02290424500023, 39.823337780801054], [-105.02306367631367, 39.8234411595282], [-105.02321540494587, 39.82351903142267], [-105.02327419073457, 39.82354283136758], [-105.02332613644953, 39.82356158257154], [-105.0233506520099, 39.823569468713806], [-105.02337497648016, 39.82357678483263], [-105.0234246966517, 39.823590734279506], [-105.02345022463591, 39.82359699077271], [-105.02348122246575, 39.823603957139824], [-105.02350132217998, 39.82360823306278], [-105.02353654052077, 39.82361499893911], [-105.02355891917874, 39.82361877000882], [-105.02358569457951, 39.82362286371657], [-105.02361323110136, 39.82362652194256], [-105.02364763947587, 39.82363051035244], [-105.02368042926338, 39.82363360758579], [-105.02372290971061, 39.82363649906006], [-105.0237529073208, 39.8236378193871], [-105.02378915542778, 39.82363879000816], [-105.02485291354651, 39.82365451421777], [-105.02485519765999, 39.82356249545627], [-105.02486898125865, 39.82300707592914], [-105.02487025154636, 39.82295588955049], [-105.02477732864185, 39.82248172747135], [-105.02471224931453, 39.82214963927401], [-105.02471113447629, 39.82212215509131], [-105.02317767461767, 39.822099527373794], [-105.02319833057959, 39.82126785365313], [-105.02249079423225, 39.820923956725295], [-105.02311228992428, 39.82012491739941], [-105.02507422302072, 39.82110691989305], [-105.02507822033839, 39.82094661365709], [-105.02811588905212, 39.822460820070525], [-105.03052453798568, 39.823663833748064], [-105.03407247191566, 39.823663831473404], [-105.03409391130931, 39.823397717883346], [-105.03429446002217, 39.823397612412954], [-105.03432680141292, 39.82298620659856], [-105.0336818612183, 39.82294760318155], [-105.03327239469871, 39.82271717001909], [-105.03293093691256, 39.82248462934077], [-105.03266208734716, 39.822481153908726], [-105.03263980693899, 39.82212360749251], [-105.03295434416208, 39.82222497275079], [-105.0331543084326, 39.82235923484714], [-105.03335370543805, 39.82257690119557], [-105.03358166466211, 39.822685062021364], [-105.03382858953631, 39.82273134101885], [-105.03433832424193, 39.82273822479911], [-105.03450229437757, 39.820127119947756], [-105.03442779468605, 39.820151810250245], [-105.03435671027604, 39.82014664978785], [-105.03445584322716, 39.82011736944981], [-105.03450285716113, 39.820111364935606], [-105.03451298010158, 39.8199664244308], [-105.03452155413484, 39.82011146403658], [-105.03538094930995, 39.82011153585271], [-105.03540411342479, 39.81919270879592], [-105.03810160643336, 39.81918627991859], [-105.03884099236852, 39.819551648844666], [-105.038857059738, 39.81954468622198], [-105.03892099849186, 39.819548209351574], [-105.03899304183324, 39.819636483206295], [-105.03899401186818, 39.81987807119861], [-105.03914274407678, 39.81988992217886], [-105.03924253365561, 39.8199427565762], [-105.03924958777425, 39.81997388780434], [-105.04039236892065, 39.81997113123527], [-105.04039282387676, 39.820072350754444], [-105.04113391160318, 39.82007057817816], [-105.04153318834312, 39.820069828974404], [-105.04328405033584, 39.820066526580796], [-105.04630884388932, 39.82006166564019], [-105.04899289991306, 39.8200549011148], [-105.05138413315784, 39.82004885309837], [-105.0530974496566, 39.82004017862498], [-105.05309838010545, 39.82092201039861], [-105.05309848975132, 39.82102640061731], [-105.05309929524867, 39.82178867384723], [-105.05310127442961, 39.82366203783484], [-105.05951551528346, 39.82366676300614], [-105.06266766236942, 39.8236687823901], [-105.06268362318463, 39.82713503524166], [-105.0626839417895, 39.82727113972935], [-105.06402979118147, 39.82726970788132], [-105.0640473537945, 39.8273719899334], [-105.06401576072868, 39.82738473807327], [-105.0640044133942, 39.82737924418814], [-105.06393827367067, 39.827378993431836], [-105.0639385968073, 39.82767430612822], [-105.06392015921425, 39.827699147008225], [-105.06393686523512, 39.82772784632078], [-105.06392692959504, 39.82837444797726], [-105.06393308658363, 39.82838494613848], [-105.06389988570824, 39.82841068665102], [-105.0635703632757, 39.828411054277865], [-105.06356557422416, 39.828718793054946], [-105.06343741813407, 39.82881452095684], [-105.06338087165841, 39.8288229734671], [-105.06344311245591, 39.828830330452575], [-105.06358598313791, 39.82872155090028], [-105.0635889767445, 39.8284341091608], [-105.06464191493708, 39.82843863839848], [-105.06480163684803, 39.8284497285262], [-105.06494585252923, 39.82846909999925], [-105.0650862654904, 39.8285032315348], [-105.06513110688257, 39.828471948728854], [-105.06517732800924, 39.82847259724286], [-105.06526370120348, 39.82849913692523], [-105.06530939460944, 39.82854016411983]], [[-105.0583194579243, 39.85638267979471], [-105.05829215801015, 39.856399037458615], [-105.0557183351734, 39.85634654928125], [-105.05522571836032, 39.856355369412725], [-105.05484034880277, 39.85634744464363], [-105.05440365482251, 39.85631537097239], [-105.053929319611, 39.85631675826483], [-105.05393196961565, 39.85654188863692], [-105.05397975616351, 39.85665170450711], [-105.05393347480334, 39.85666973035641], [-105.0530718137451, 39.85698690484733], [-105.05331088533086, 39.85809792775328], [-105.05332836310244, 39.860350253710806], [-105.05311981946308, 39.860559150833865], [-105.05312806680963, 39.860716462567474], [-105.05317620910867, 39.86218775620969], [-105.05312320745044, 39.86224235891972], [-105.05317971976098, 39.86229503796737], [-105.05318218912446, 39.86237049587223], [-105.0531790405709, 39.862433229797375], [-105.05351349371479, 39.86246358639504], [-105.05350255647222, 39.86252836254938], [-105.05317526170316, 39.862508530139486], [-105.05312529975316, 39.863504093714525], [-105.05307365416185, 39.863530431406005], [-105.0530187464013, 39.86350782925022], [-105.05300359513203, 39.86229813222829], [-105.05310271267847, 39.86226019727409], [-105.05312318491347, 39.862241873370515], [-105.05300216258756, 39.862183731526606], [-105.05298106268721, 39.860499036053845], [-105.05298783966497, 39.860408507099706], [-105.05299324860839, 39.86040758781223], [-105.05288906280656, 39.86038191018147], [-105.05049886337048, 39.86037021436054], [-105.04855393018047, 39.860360216735664], [-105.04855454412288, 39.860267281562486], [-105.05030771594383, 39.86028367852751], [-105.0530986594901, 39.86031135435425], [-105.05300839608077, 39.8581350414525], [-105.05269377939791, 39.858105172922116], [-105.05268101686083, 39.85795726549885], [-105.0530397531222, 39.85794912690724], [-105.05291343396951, 39.85697188779328], [-105.05384711707401, 39.85663603375476], [-105.05381364406816, 39.85629068563481], [-105.0538435751798, 39.856258463098754], [-105.0538708340442, 39.856285248484646], [-105.0542859958262, 39.856287522217826], [-105.05440222239206, 39.85629273875995], [-105.05467789866093, 39.856312870598494], [-105.0548831172841, 39.85632700905518], [-105.05514369699182, 39.85633193928611], [-105.0551549470911, 39.85631116917068], [-105.05516759506264, 39.856318917009325], [-105.05516835191989, 39.85633298571882], [-105.05516895962498, 39.856332983565], [-105.05569683439829, 39.85633129985229], [-105.05570742264916, 39.85631380106771], [-105.05571337807244, 39.85633230854063], [-105.05828978533137, 39.85637016093981], [-105.0583194579243, 39.85638267979471]], [[-105.06530939460944, 39.82854016411983], [-105.06529970689334, 39.82847496568551], [-105.0651812490041, 39.82843924937448], [-105.06512799268803, 39.82845429909353], [-105.06513110688257, 39.828471948728854], [-105.06509438632955, 39.828475535055915], [-105.06487965546029, 39.828429053377924], [-105.06472276462252, 39.82841034808311], [-105.06394339394576, 39.8283994887417], [-105.06393308658363, 39.82838494613848], [-105.06396480663938, 39.828362435216256], [-105.06397422774938, 39.82825969074005], [-105.06397333761845, 39.82767226902715], [-105.0639757421137, 39.82741631073259], [-105.06401576072868, 39.82738473807327], [-105.06404947431929, 39.82746335224301], [-105.06602507084622, 39.827468514702005], [-105.06571244468279, 39.827926377402505], [-105.06606892076523, 39.82837457874779], [-105.06576467851922, 39.828647912922], [-105.06566242147511, 39.82870393047194], [-105.06570146317333, 39.82875846948813], [-105.06562544539234, 39.828724186541464], [-105.0655155557463, 39.82865164924187], [-105.06539049162647, 39.82858540513249], [-105.06533501682324, 39.82856041169371], [-105.06530939460944, 39.82854016411983]], [[-105.03218627957239, 39.88514049769207], [-105.03216727124641, 39.88517302022194], [-105.03054801479428, 39.88519152831928], [-105.0305487119025, 39.8853602493676], [-105.0303835219674, 39.88536100579485], [-105.03037447439108, 39.88519225067445], [-105.02967454127717, 39.885190643865606], [-105.02967334130898, 39.885297517999504], [-105.02947768064212, 39.885297216422174], [-105.02852900052241, 39.88529575103227], [-105.02846678978513, 39.88534554019173], [-105.0284658445268, 39.88570656494667], [-105.02840807112544, 39.885875285160864], [-105.02828051298565, 39.88607064764584], [-105.02768979800706, 39.88660276913303], [-105.02766168830605, 39.8866184470577], [-105.02767627136902, 39.88658392743092], [-105.02769716851338, 39.88655320211825], [-105.02823550267475, 39.88604853994336], [-105.02834553578336, 39.8858626104815], [-105.02840314550907, 39.88569272505961], [-105.02840508071436, 39.885322648110815], [-105.02846474084058, 39.88519420913478], [-105.02947328808814, 39.885176889521], [-105.02963723275103, 39.8850847418182], [-105.02969841611892, 39.88512254710433], [-105.03216428114003, 39.8851220697213], [-105.03218627957239, 39.88514049769207]], [[-105.12202719065391, 39.8782498049579], [-105.12197917051154, 39.878228614871446], [-105.12202278547302, 39.878207610453885], [-105.1252097540022, 39.878207547057045], [-105.12521167845101, 39.878420595261844], [-105.12581044322833, 39.87842826273994], [-105.12581396571413, 39.87872639040652], [-105.12593643929846, 39.87872821787652], [-105.12593161608635, 39.87893123591528], [-105.12593114931377, 39.87952484405868], [-105.1261615457807, 39.87953155054298], [-105.12616409953438, 39.879554515031906], [-105.1261690505822, 39.8795732775908], [-105.12587675437422, 39.879573519423886], [-105.1258855355096, 39.878760699795336], [-105.12576779665227, 39.87876031702477], [-105.1257674988492, 39.87847578369909], [-105.12515448757753, 39.87847140567092], [-105.12515512956776, 39.87824168547347], [-105.12202719065391, 39.8782498049579]], [[-105.04118348860119, 39.885129733902374], [-105.0411459324347, 39.88511618672087], [-105.03906539534823, 39.885095561890736], [-105.03570246327621, 39.88507561157734], [-105.03469379802927, 39.88506682079323], [-105.03465327232156, 39.88508160539649], [-105.03463676283516, 39.88506807722411], [-105.03467171897869, 39.88503713369208], [-105.03569713898213, 39.8850398442783], [-105.03906372811163, 39.88506767405484], [-105.04118175785086, 39.885078796788825], [-105.04126277919562, 39.885105332833064], [-105.04118348860119, 39.885129733902374]], [[-105.06802851111053, 39.86119704909727], [-105.06800004138873, 39.861211241256775], [-105.06390583898701, 39.86116996674205], [-105.06388698430202, 39.86118897238519], [-105.06386810356965, 39.86117268604977], [-105.06389628349463, 39.860221147880374], [-105.06391343107957, 39.860205154813855], [-105.06392987606361, 39.86022270996425], [-105.06390680077406, 39.8611320674664], [-105.06800101089902, 39.861180265437845], [-105.06802851111053, 39.86119704909727]], [[-105.12197917051154, 39.878228614871446], [-105.12194089447594, 39.878250235753534], [-105.1186481300674, 39.87825332571391], [-105.11862190218893, 39.878239089326286], [-105.11849539525237, 39.87830364869045], [-105.11849484195282, 39.878402732852244], [-105.11848661200318, 39.87840735931901], [-105.1184700764894, 39.87840461331238], [-105.11847026259925, 39.8782471538937], [-105.11845606560361, 39.87823448668221], [-105.11848847702164, 39.87821091738582], [-105.12193741634887, 39.87820804519192], [-105.12197917051154, 39.878228614871446]], [[-105.03465327232156, 39.88508160539649], [-105.03464803359954, 39.885108528686196], [-105.03457760601029, 39.885185970929285], [-105.03232086732889, 39.88517964376546], [-105.03229346314144, 39.8851722631017], [-105.03220473883594, 39.885171933176075], [-105.03218627957239, 39.88514049769207], [-105.03220436595143, 39.88512241186989], [-105.03454190492636, 39.88513061904752], [-105.03459738171148, 39.88510293698442], [-105.03465327232156, 39.88508160539649]], [[-105.10631055657278, 39.89269494113135], [-105.10628173041259, 39.892740466727396], [-105.10326477080554, 39.89268665522089], [-105.10323458715689, 39.89267123895378], [-105.10324966584398, 39.892659971339874], [-105.10426655597522, 39.89267096418036], [-105.10617734847216, 39.892681061959145], [-105.10624516689609, 39.8926779425671], [-105.10631055657278, 39.89269494113135]], [[-105.06388698430202, 39.86118897238519], [-105.06390498644038, 39.86120356753092], [-105.06390142941962, 39.86134376324241], [-105.0638939634399, 39.861439571700494], [-105.0637773560363, 39.861831614908404], [-105.0635696178659, 39.86211250108323], [-105.063007846411, 39.86261368352265], [-105.06298358443948, 39.862610580438094], [-105.06299282499309, 39.8626477898099], [-105.06280972303136, 39.862804998033816], [-105.06269659068222, 39.86299621372429], [-105.06264112361113, 39.8631590017692], [-105.06261669554763, 39.863303797089486], [-105.06257951781113, 39.86332090180753], [-105.06256229217391, 39.86330966260564], [-105.06255284586977, 39.86327850852672], [-105.06258056481661, 39.86314893805524], [-105.06264297297012, 39.862978703557545], [-105.06274601301708, 39.862809270115015], [-105.06293835779823, 39.86261602704436], [-105.06298379009934, 39.86261040378706], [-105.06297596804221, 39.86259390261568], [-105.06353354780012, 39.86209520649407], [-105.06373014622744, 39.8618157075123], [-105.06384850364626, 39.86144011452727], [-105.06385932175246, 39.861367169691405], [-105.06375770490534, 39.86134977081107], [-105.0638634464675, 39.861329949802034], [-105.06386721421526, 39.861202711937274], [-105.06388698430202, 39.86118897238519]], [[-105.06332895624934, 39.85745653188725], [-105.06331016062923, 39.85743862997213], [-105.06331577017448, 39.85715350068268], [-105.06333576037268, 39.857136056701904], [-105.06331645218401, 39.85711882654364], [-105.06332938795245, 39.85646131026762], [-105.0627231322333, 39.856453827105234], [-105.06270816088352, 39.856463129976866], [-105.06269158616574, 39.85645343790811], [-105.06082829007931, 39.85643041780961], [-105.06081391497932, 39.85641763915975], [-105.06083167822418, 39.85640746273136], [-105.06155217960206, 39.856418194165734], [-105.06156961248581, 39.856406850896704], [-105.06158433159459, 39.85641867334925], [-105.06337896284603, 39.85644538270359], [-105.06337962872556, 39.85646206655541], [-105.06336339960882, 39.857121502276165], [-105.06333577309927, 39.857135345220236], [-105.06336261675706, 39.857153306495405], [-105.06335561964661, 39.85743761000953], [-105.06332895624934, 39.85745653188725]], [[-105.02529474504668, 39.8903814756208], [-105.02528117150135, 39.8903978028518], [-105.02518952910489, 39.89039712766851], [-105.02519139747592, 39.891265418272106], [-105.02522408391194, 39.89129176621603], [-105.02522005713544, 39.89203796632104], [-105.02518598781674, 39.89206332559851], [-105.02515787705589, 39.89203770985212], [-105.02517520064508, 39.8913073821778], [-105.02515067239638, 39.89128282508185], [-105.02514077690068, 39.89042425563128], [-105.02514019421969, 39.890373689554636], [-105.02527939706387, 39.89037485904528], [-105.02529474504668, 39.8903814756208]], [[-105.08216743305394, 39.856493816419125], [-105.08199818634168, 39.85645616431897], [-105.08214095605608, 39.856420477784496], [-105.08305783999604, 39.85639808902043], [-105.08312675109343, 39.85636109061614], [-105.08317650456101, 39.85647184161169], [-105.08216743305394, 39.856493816419125]], [[-105.02764224484358, 39.88937162772322], [-105.02764178195248, 39.889351152671736], [-105.02771927514841, 39.88928391130666], [-105.02765971132541, 39.88924113002352], [-105.02768304081964, 39.88922263860247], [-105.02774165655121, 39.889268275614285], [-105.0278816469268, 39.88915517887307], [-105.02776458473991, 39.889028100380884], [-105.02767068540892, 39.88889551643975], [-105.02759093665316, 39.888718546882195], [-105.02760341297805, 39.88752952585678], [-105.02761589662525, 39.887516788459166], [-105.02762614180794, 39.887530691830925], [-105.02762973608802, 39.88869964250386], [-105.02766846914426, 39.88880227168459], [-105.02779791341882, 39.88901751371561], [-105.02792618971525, 39.88915571911855], [-105.02773765530536, 39.88931008095488], [-105.0276469564719, 39.88936963675951], [-105.02764224484358, 39.88937162772322]], [[-105.06081391497932, 39.85641763915975], [-105.06078006889335, 39.85642982213194], [-105.05834145888302, 39.85639964823104], [-105.0583194579243, 39.85638267979471], [-105.0583396755564, 39.85637089376491], [-105.0607811394894, 39.85640670959727], [-105.06081391497932, 39.85641763915975]], [[-105.0827669907611, 39.859394218008546], [-105.08249856580811, 39.859387090063], [-105.08261268499443, 39.859342058994116], [-105.08261556186841, 39.85930787820395], [-105.08269786565994, 39.85930917467326], [-105.08269377401969, 39.85934287010192], [-105.08288412736222, 39.85935530865696], [-105.08298681363242, 39.8593687766034], [-105.083082525663, 39.859388493253114], [-105.08319719139534, 39.859421835364024], [-105.08330948758608, 39.85946622089735], [-105.08340352037507, 39.85936478661538], [-105.08345651108878, 39.859390459311065], [-105.08336312671597, 39.85948829240441], [-105.08338813381883, 39.859501602081735], [-105.08336920184333, 39.859548054924694], [-105.08333901830302, 39.85955089532153], [-105.0832721640861, 39.85951341051645], [-105.08320633689988, 39.859484601040734], [-105.08300023003369, 39.85942127482967], [-105.0828758806609, 39.85940324933317], [-105.0827669907611, 39.859394218008546]], [[-105.06394248517147, 39.85907616255393], [-105.06393058364843, 39.85906292172252], [-105.06394754491805, 39.85849016122974], [-105.0633675160555, 39.85780680859299], [-105.06336149075511, 39.85777127407966], [-105.06335709839303, 39.857770260368326], [-105.06333742052621, 39.857771351157965], [-105.06332083354586, 39.85775180939971], [-105.06332082686296, 39.857701279040626], [-105.06333307021185, 39.8576818178781], [-105.06332082333238, 39.857672202671836], [-105.06330725444555, 39.85758636318001], [-105.06330944583726, 39.857474958518374], [-105.06332895624934, 39.85745653188725], [-105.06335459364607, 39.857479300869606], [-105.0633493751692, 39.85766812741465], [-105.06333308349302, 39.857681934115], [-105.06334930418858, 39.85769423488968], [-105.06334830669091, 39.85773475588596], [-105.06335637845413, 39.85776203631322], [-105.06336137126064, 39.857771136724246], [-105.06336637956576, 39.857769580457024], [-105.06336737197807, 39.85775747380362], [-105.06384845514899, 39.85833071819896], [-105.0639738258416, 39.85849055804719], [-105.0639592731906, 39.8590640914396], [-105.06394248517147, 39.85907616255393]], [[-105.06394248517147, 39.85907616255393], [-105.06395859377594, 39.859090897328194], [-105.06394250120461, 39.85972513277012], [-105.0640353199359, 39.859731197447665], [-105.06406275511554, 39.8597436423845], [-105.06403763893695, 39.85975551353409], [-105.06394161900111, 39.85975990702323], [-105.06393072241109, 39.860189344225056], [-105.06391343107957, 39.860205154813855], [-105.06389721452985, 39.86018971440089], [-105.06392986409817, 39.85908722449499], [-105.06394248517147, 39.85907616255393]], [[-105.02647389855328, 39.890191761118075], [-105.02646514643133, 39.890209883543235], [-105.02613662741896, 39.89034121581641], [-105.02607246820938, 39.89035882460349], [-105.02587035553728, 39.890395882648626], [-105.02575482172344, 39.89040541498683], [-105.02555839352958, 39.89040341398684], [-105.02553301595829, 39.89041716171069], [-105.02551121795845, 39.89040321954278], [-105.0253105528267, 39.89039881838048], [-105.02529474504668, 39.8903814756208], [-105.02530878576361, 39.890374980238484], [-105.02540507781194, 39.890374185687584], [-105.0254047292414, 39.89031311965438], [-105.02543295691251, 39.89031323602925], [-105.02543407330327, 39.89037519869332], [-105.02565874565296, 39.89037493401833], [-105.02586454086395, 39.890364402763744], [-105.02606618524733, 39.890330957193875], [-105.02611824642874, 39.89031504590946], [-105.02644579989197, 39.89018973970917], [-105.02647389855328, 39.890191761118075]], [[-105.02969519641185, 39.88505104227898], [-105.02963723275103, 39.8850847418182], [-105.0295720846744, 39.885050539192186], [-105.02957310797878, 39.88499192139316], [-105.02951213711296, 39.88495163736031], [-105.02950972725547, 39.884852374452045], [-105.0295366807437, 39.88484314196001], [-105.02958374181375, 39.88485108727917], [-105.02958617300698, 39.88489141035418], [-105.02967895159566, 39.884954384330136], [-105.02969519641185, 39.88505104227898]], [[-105.02762032908855, 39.886875817938844], [-105.02763474613143, 39.88689253951844], [-105.02762538901348, 39.88750530873117], [-105.02761589662525, 39.887516788459166], [-105.02760357859744, 39.887505576791604], [-105.02760565886044, 39.88689384951501], [-105.02762032908855, 39.886875817938844]], [[-105.02709162115733, 39.88983352503647], [-105.02708539826313, 39.88985215236732], [-105.0269063547682, 39.88999931945381], [-105.0267206524745, 39.89010150279511], [-105.0265015984676, 39.890194969765666], [-105.02647389855328, 39.890191761118075], [-105.02648255131783, 39.89017582691406], [-105.02670808380763, 39.89008490669391], [-105.02689240460751, 39.88998652753327], [-105.02706679507384, 39.88983963497055], [-105.02709162115733, 39.88983352503647]], [[-105.02764224484358, 39.88937162772322], [-105.0276399579689, 39.88938226697204], [-105.0271166764787, 39.88982622174907], [-105.02709162115733, 39.88983352503647], [-105.02709696126848, 39.88981422578083], [-105.02758758488737, 39.88940454810709], [-105.02763860479523, 39.88937319526523], [-105.02764224484358, 39.88937162772322]], [[-105.02958271557256, 39.88483407301008], [-105.0295366807437, 39.88484314196001], [-105.02952485531262, 39.884839706201404], [-105.02950746430045, 39.88481156570047], [-105.02950345157423, 39.88469125566085], [-105.02952858336369, 39.8846749139325], [-105.02957399173398, 39.88468939947958], [-105.02958271557256, 39.88483407301008]], [[-105.02766168830605, 39.8866184470577], [-105.02763775321787, 39.88666648160452], [-105.02763496693639, 39.88686060803064], [-105.02762032908855, 39.886875817938844], [-105.02760526780001, 39.88686096260607], [-105.02760436856069, 39.88666300851431], [-105.02764863328936, 39.88662456488479], [-105.02766168830605, 39.8866184470577]], [[-105.02553301595829, 39.89041716171069], [-105.02555847639478, 39.890447203152505], [-105.02532049989684, 39.89044535203766], [-105.02530583412171, 39.89042940012148], [-105.02531993630647, 39.89041961303859], [-105.02551108760319, 39.89042198538711], [-105.02553301595829, 39.89041716171069]], [[-105.10644039390176, 39.89269905530385], [-105.10637384149733, 39.89272677274967], [-105.10631055657278, 39.89269494113135], [-105.10636667641504, 39.89268170950164], [-105.10644039390176, 39.89269905530385]]]}}, {"type": "Feature", "properties": {"PRESSUREZONE": "17", "LOCATIONDESC": null}, "geometry": {"type": "Polygon", "coordinates": [[[-105.06250009056143, 39.867261784275634], [-105.05867369308143, 39.86717923918268], [-105.05698909562629, 39.863750130949896], [-105.0583129622376, 39.863698026684624], [-105.06244413897804, 39.863730967677256], [-105.06249034526581, 39.86376083937864], [-105.06251690716796, 39.865263202021296], [-105.06242423753065, 39.86532797624925], [-105.06252094525536, 39.86540524589945], [-105.06250745750457, 39.86688410265344], [-105.0623476610695, 39.86694129914759], [-105.06250651461646, 39.867031369483435], [-105.06250009056143, 39.867261784275634]]]}}]}